iata,icao,name,city,country,lat,lon,elev_m,tz
AAA,NTGA,Anaa Airport,Anaa,PF,-17.35260,-145.51000,3,Pacific/Tahiti
AAC,HEAR,El Arish International Airport,El Arish,EG,31.05532,33.82796,36,Africa/Cairo
AAE,DABB,Annaba Rabah Bitat Airport,Annaba,DZ,36.82678,7.81334,5,Africa/Algiers
AAL,EKYT,Aalborg Airport,Aalborg,DK,57.09476,9.84993,3,Europe/Copenhagen
AAN,OMAL,Al Ain International Airport,Al Ain,AE,24.26170,55.60920,265,Asia/Dubai
AAP,WALS,Aji Pangeran Tumenggung Pranoto International Airport,Samarinda,ID,-0.37448,117.25013,25,Asia/Makassar
AAR,EKAH,Aarhus Airport,Aarhus,DK,56.30333,10.61829,25,Europe/Copenhagen
AAT,ZWAT,Altay Xuedu Airport,Altay,CN,47.74989,88.08581,750,Asia/Urumqi
AAX,SBAX,Romeu Zema Airport,Araxá,BR,-19.56320,-46.96040,999,America/Sao_Paulo
AAY,OYGD,Al Ghaydah International Airport,Al Ghaydah,YE,16.19334,52.17419,41,Asia/Aden
ABA,UNAA,Abakan International Airport,Abakan,RU,53.74000,91.38500,253,Asia/Krasnoyarsk
ABB,DNAS,Asaba International Airport,Asaba,NG,6.20417,6.66528,93,Africa/Lagos
ABD,OIAA,Abadan Ayatollah Jami International Airport,Abadan,IR,30.36789,48.23007,3,Asia/Tehran
ABE,KABE,Lehigh Valley International Airport,Allentown/Bethlehem,US,40.65177,-75.44280,120,America/New_York
ABI,KABI,Abilene Regional Airport,Abilene,US,32.41130,-99.68190,546,America/Chicago
ABJ,DIAP,Félix-Houphouët-Boigny International Airport,Abidjan,CI,5.26139,-3.92629,6,Africa/Abidjan
ABK,HAKD,Kebri Dahar Airport,Kebri Dahar,ET,6.73258,44.24134,549,Africa/Addis_Ababa
ABL,PAFM,Ambler Airport,Ambler,US,67.10553,-157.85534,102,America/Anchorage
ABQ,KABQ,Albuquerque International Sunport,Albuquerque,US,35.03998,-106.60892,1632,America/Denver
ABR,KABR,Aberdeen Regional Airport,Aberdeen,US,45.44910,-98.42180,397,America/Chicago
ABS,HEBL,Abu Simbel Airport,Abu Simbel,EG,22.37592,31.61173,187,Africa/Cairo
ABT,OEBA,King Saud Bin Abdulaziz (Al Baha) Airport,Al-Baha,SA,20.29851,41.63615,1672,Asia/Riyadh
ABV,DNAA,Nnamdi Azikiwe International Airport,Abuja,NG,9.00679,7.26317,342,Africa/Lagos
ABX,YMAY,Albury Airport,East Albury,AU,-36.06676,146.95915,164,Australia/Sydney
ABY,KABY,Southwest Georgia Regional Airport,Albany,US,31.53295,-84.19621,60,America/New_York
ABZ,EGPD,Aberdeen International Airport,Aberdeen,GB,57.20190,-2.19778,66,Europe/London
ACA,MMAA,General Juan N. Álvarez International Airport,Acapulco,MX,16.75713,-99.75311,5,America/Mexico_City
ACC,DGAA,Kotoka International Airport,Accra,GH,5.60519,-0.16679,62,Africa/Accra
ACE,GCRR,César Manrique-Lanzarote Airport,San Bartolomé,ES,28.94550,-13.60520,14,Atlantic/Canary
ACH,LSZR,Sankt Gallen Altenrhein Airport,St. Gallen,CH,47.48500,9.56077,398,Europe/Zurich
ACI,EGJA,Alderney Airport,Saint Anne,GG,49.70610,-2.21472,88,Europe/Guernsey
ACK,KACK,Nantucket Memorial Airport,Nantucket,US,41.25310,-70.06020,14,America/New_York
ACT,KACT,Waco Regional Airport,Waco,US,31.61130,-97.23050,157,America/Chicago
ACV,KACV,California Redwood Coast-Humboldt County Airport,Arcata/Eureka,US,40.97810,-124.10900,67,America/Los_Angeles
ACX,ZUYI,Xingyi Wanfenglin Airport,Xingyi,CN,25.08342,104.96080,1265,Asia/Shanghai
ACY,KACY,Atlantic City International Airport,Atlantic City,US,39.45620,-74.57751,23,America/New_York
ADB,LTBJ,Adnan Menderes International Airport,Gaziemir,TR,38.29240,27.15700,126,Europe/Istanbul
ADD,HAAB,Addis Ababa Bole International Airport,Addis Ababa,ET,8.97789,38.79930,2326,Africa/Addis_Ababa
ADE,OYAA,Aden International Airport,Aden,YE,12.82956,45.02998,2,Asia/Aden
ADF,LTCP,Adıyaman Airport,Adıyaman,TR,37.73140,38.46890,675,Europe/Istanbul
ADJ,OJAM,Marka International (Amman Civil) Airport,Amman,JO,31.97270,35.99160,779,Asia/Amman
ADK,PADK,Adak Airport,Adak,US,51.88356,-176.64278,5,America/Adak
ADL,YPAD,Adelaide International Airport,Adelaide,AU,-34.94751,138.53339,6,Australia/Adelaide
ADQ,PADQ,Kodiak Airport,Kodiak,US,57.75000,-152.49400,24,America/Anchorage
ADU,OITL,Ardabil Airport,Ardabil,IR,38.32570,48.42440,1315,Asia/Tehran
ADZ,SKSP,Gustavo Rojas Pinilla International Airport,San Andrés,CO,12.58360,-81.71120,6,America/Bogota
AEB,ZGBS,Baise (Bose) Bama Airport,Baise (Tianyang),CN,23.72060,106.96000,149,Asia/Shanghai
AEP,SABE,Aeroparque Jorge Newbery,Buenos Aires,AR,-34.55942,-58.41554,5,America/Argentina/Buenos_Aires
AER,URSS,Sochi International Airport,Sochi,RU,43.44990,39.95660,27,Europe/Moscow
AES,ENAL,Ålesund Airport,Ålesund,NO,62.56044,6.11085,21,Europe/Oslo
AEU,OIBA,Abu Musa Island Airport,Abu Musa,IR,25.87570,55.03300,7,Asia/Tehran
AEX,KAEX,Alexandria International Airport,Alexandria,US,31.32583,-92.54670,27,America/Chicago
AEY,BIAR,Akureyri International Airport,Akureyri,IS,65.65657,-18.07202,2,Atlantic/Reykjavik
AFA,SAMR,Suboficial Ay Santiago Germano Airport,San Rafael,AR,-34.58830,-68.40390,753,America/Argentina/Mendoza
AFL,SBAT,Piloto Osvaldo Marques Dias Airport,Alta Floresta,BR,-9.86639,-56.10630,289,America/Cuiaba
AFZ,OIMS,Sabzevar National Airport,Sabzevar,IR,36.16810,57.59520,917,Asia/Tehran
AGA,GMAD,Al Massira Airport,Agadir (Temsia),MA,30.32248,-9.41200,76,Africa/Casablanca
AGH,ESTA,Ängelholm-Helsingborg Airport,Ängelholm,SE,56.29610,12.84710,21,Europe/Stockholm
AGP,LEMG,Málaga-Costa del Sol Airport,Málaga,ES,36.67490,-4.49911,16,Europe/Madrid
AGR,VIAG,Agra Airport / Agra Air Force Station,Agra,IN,27.15798,77.96103,168,Asia/Kolkata
AGS,KAGS,Augusta Regional At Bush Field,Augusta,US,33.36990,-81.96450,44,America/New_York
AGT,SGES,Guaraní International Airport,Ciudad del Este,PY,-25.45719,-54.83954,258,America/Asuncion
AGU,MMAS,Aguascalientes International Airport,Aguascalientes,MX,21.69959,-102.31837,1863,America/Mexico_City
AGX,VOAT,Agatti Airport,Agatti,IN,10.82370,72.17600,4,Asia/Kolkata
AHA,VEAP,Maa Mahamaya Airport,Ambikapur,IN,22.98753,83.19612,588,Asia/Kolkata
AHB,OEAB,Abha International Airport,Abha,SA,18.24040,42.65660,2090,Asia/Riyadh
AHE,NTHE,Ahe Airport,Ahe Atoll,PF,-14.42810,-146.25700,3,Pacific/Tahiti
AHO,LIEA,Alghero-Fertilia Airport,Alghero,IT,40.63210,8.29077,27,Europe/Rome
AHU,GMTA,Cherif Al Idrissi Airport,Al Hoceima,MA,35.17710,-3.83952,29,Africa/Casablanca
AIA,KAIA,Alliance Municipal Airport,Alliance,US,42.05254,-102.80397,1198,America/Denver
AIN,PAWI,Wainwright Airport,Wainwright,US,70.63800,-159.99499,12,America/Anchorage
AJA,LFKJ,Ajaccio Napoléon Bonaparte airport,Ajaccio,FR,41.92360,8.80292,5,Europe/Paris
AJF,OESK,Al-Jawf International Airport,Al-Jawf,SA,29.78330,40.10090,689,Asia/Riyadh
AJI,LTCO,Ağrı Airport,Ağrı,TR,39.65564,43.02574,1665,Europe/Istanbul
AJL,VELP,Lengpui Airport,Aizawl (Lengpui),IN,23.84060,92.61970,426,Asia/Kolkata
AJN,FMCV,Ouani Airport,Ouani,KM,-12.13105,44.43004,19,Indian/Comoro
AJR,ESNX,Arvidsjaur Airport,Arvidsjaur,SE,65.59030,19.28190,379,Europe/Stockholm
AJU,SBAR,Aracaju - Santa Maria Airport,Aracaju,BR,-10.98394,-37.07287,7,America/Maceio
AKF,HLKF,Kufra Airport,Kufra,LY,24.17870,23.31400,417,Africa/Tripoli
AKJ,RJEC,Asahikawa Airport,Higashikagura,JP,43.67080,142.44701,220,Asia/Tokyo
AKL,NZAA,Auckland International Airport,Auckland,NZ,-37.01199,174.78633,7,Pacific/Auckland
AKN,PAKN,King Salmon Airport,King Salmon,US,58.67784,-156.65196,22,America/Anchorage
AKP,PAKP,Anaktuvuk Pass Airport,Anaktuvuk Pass,US,68.13360,-151.74300,641,America/Anchorage
AKR,DNAK,Akure Airport,Akure,NG,7.24674,5.30101,335,Africa/Lagos
AKU,ZWAK,Aksu Hongqipo Airport,Aksu (Onsu),CN,41.26250,80.29170,1163,Asia/Urumqi
AKX,UATT,Aktobe International Airport,Aktobe,KZ,50.24812,57.20414,225,Asia/Aqtobe
AKY,VYSW,Sittwe Airport,Sittwe,MM,20.13317,92.87069,8,Asia/Yangon
ALA,UAAA,Almaty International Airport,Almaty,KZ,43.35427,77.04283,681,Asia/Almaty
ALB,KALB,Albany International Airport,Albany,US,42.74830,-73.80170,87,America/New_York
ALC,LEAL,Alicante-Elche Miguel Hernández Airport,Alicante,ES,38.28220,-0.55816,43,Europe/Madrid
ALF,ENAT,Alta Airport,Alta,NO,69.97610,23.37170,3,Europe/Oslo
ALG,DAAG,Houari Boumediene Airport,Algiers,DZ,36.69389,3.21453,25,Africa/Algiers
ALH,YABA,Albany Airport,Albany,AU,-34.94333,117.80889,71,Australia/Perth
ALO,KALO,Waterloo Regional Airport,Waterloo,US,42.55710,-92.40030,266,America/Chicago
ALP,OSAP,Aleppo International Airport,Aleppo,SY,36.18126,37.22687,389,Asia/Damascus
ALS,KALS,San Luis Valley Regional Airport/Bergman Field,Alamosa,US,37.43490,-105.86700,2298,America/Denver
ALW,KALW,Walla Walla Regional Airport,Walla Walla,US,46.09490,-118.28800,364,America/Los_Angeles
AMA,KAMA,Rick Husband Amarillo International Airport,Amarillo,US,35.21786,-101.70644,1099,America/Chicago
AMD,VAAH,Sardar Vallabh Patel International Airport,Ahmedabad,IN,23.07720,72.63470,58,Asia/Kolkata
AMH,HAAM,Arba Minch Airport,Arba Minch,ET,6.03939,37.59050,1189,Africa/Addis_Ababa
AMM,OJAI,Queen Alia International Airport,Amman,JO,31.72260,35.99320,730,Asia/Amman
AMQ,WAPP,Pattimura International Airport,Ambon,ID,-3.71026,128.08900,10,Asia/Jayapura
AMS,EHAM,Amsterdam Airport Schiphol,Amsterdam,NL,52.30860,4.76389,-3,Europe/Amsterdam
AMV,ULDD,Amderma Airport,Amderma,RU,69.76371,61.55671,4,Europe/Moscow
ANC,PANC,Ted Stevens Anchorage International Airport,Anchorage,US,61.17900,-149.99256,46,America/Anchorage
ANF,SCFA,Andrés Sabella Gálvez International Airport,Antofagasta,CL,-23.44527,-70.44523,139,America/Santiago
ANI,PANI,Aniak Airport,Aniak,US,61.58160,-159.54300,27,America/Anchorage
ANR,EBAW,Antwerp International Airport (Deurne),Antwerp,BE,51.19067,4.46315,12,Europe/Brussels
ANU,TAPA,V. C. Bird International Airport,Osbourn,AG,17.13670,-61.79270,19,America/Antigua
ANV,PANV,Anvik Airport,Anvik,US,62.64670,-160.19099,89,America/Anchorage
ANX,ENAN,"Andøya Airport, Andenes",Andenes,NO,69.29519,16.13938,13,Europe/Oslo
AOE,LTBY,Hasan Polatkan Airport,Eskişehir,TR,39.81164,30.51927,789,Europe/Istanbul
AOG,ZYAS,Anshan Teng'ao Airport / Anshan Air Base,Anshan,CN,41.10530,122.85400,0,Asia/Shanghai
AOI,LIPY,Marche Airport,Falconara Marittima (AN),IT,43.61630,13.36230,15,Europe/Rome
AOJ,RJSA,Aomori Airport,Aomori,JP,40.73378,140.68948,202,Asia/Tokyo
AOK,LGKP,Karpathos Airport,Karpathos Island,GR,35.42140,27.14600,20,Europe/Athens
AOO,KAOO,Altoona Blair County Airport,Altoona,US,40.29640,-78.32000,458,America/New_York
AOR,WMKA,Sultan Abdul Halim Airport,Alor Satar,MY,6.18967,100.39800,5,Asia/Kuala_Lumpur
APL,FQNP,Nampula Airport,Nampula,MZ,-15.10560,39.28180,440,Africa/Maputo
APN,KAPN,Alpena County Regional Airport,Alpena,US,45.07810,-83.56030,210,America/Detroit
APO,SKLC,Antonio Roldán Betancur Airport,Carepa,CO,7.81196,-76.71640,14,America/Bogota
APW,NSFA,Faleolo International Airport,Apia,WS,-13.83000,-172.00800,18,Pacific/Apia
AQA,SBAQ,Araraquara Airport,Araraquara,BR,-21.81200,-48.13300,711,America/Sao_Paulo
AQG,ZSAQ,Anqing Tianzhushan Airport / Anqing North Air Base,Anqing,CN,30.58220,117.05000,0,Asia/Shanghai
AQI,OEPA,Qaisumah–Hafar Al-Batin International Airport,Qaisumah,SA,28.33573,46.12711,358,Asia/Riyadh
AQJ,OJAQ,King Hussein International Airport,Aqaba,JO,29.61160,35.01810,53,Asia/Amman
AQP,SPQU,Rodríguez Ballón International Airport,Arequipa,PE,-16.34079,-71.56949,2562,America/Lima
ARC,PARC,Arctic Village Airport,Arctic Village,US,68.11470,-145.57899,638,America/Anchorage
ARH,ULAA,Talagi Airport,Archangelsk,RU,64.60030,40.71670,19,Europe/Moscow
ARI,SCAR,Chacalluta International Airport,Arica,CL,-18.34850,-70.33870,51,America/Santiago
ARK,HTAR,Arusha Airport,Arusha,TZ,-3.36779,36.63330,1387,Africa/Dar_es_Salaam
ARM,YARM,Armidale Airport,Armidale,AU,-30.52810,151.61700,1084,Australia/Sydney
ARN,ESSA,Stockholm-Arlanda Airport,Stockholm,SE,59.64849,17.92883,42,Europe/Stockholm
ART,KART,Watertown International Airport,Watertown,US,43.99190,-76.02170,99,America/New_York
ARU,SBAU,Araçatuba Airport,Araçatuba,BR,-21.14148,-50.42457,414,America/Sao_Paulo
ARW,LRAR,Arad International Airport,Arad,RO,46.17614,21.26432,107,Europe/Bucharest
ASB,UTAA,Ashgabat International Airport,Ashgabat,TM,37.98680,58.36100,211,Asia/Ashgabat
ASD,MYAF,Andros Town Airport,Andros Town,BS,24.69790,-77.79560,2,America/Nassau
ASE,KASE,Aspen-Pitkin County Airport (Sardy Field),Aspen,US,39.22320,-106.86900,2384,America/Denver
ASF,URWA,Astrakhan Narimanovo Boris M. Kustodiev International Airport,Astrakhan,RU,46.28284,48.01051,-20,Europe/Astrakhan
ASI,FHAW,RAF Ascension Island,Cat Hill,SH,-7.97018,-14.39274,85,Atlantic/St_Helena
ASJ,RJKA,Amami Airport,Amami,JP,28.43060,129.71300,8,Asia/Tokyo
ASM,HHAS,Asmara International Airport,Asmara,ER,15.29190,38.91070,2335,Africa/Asmara
ASO,HASO,Asosa Airport,Asosa,ET,10.01850,34.58630,1554,Africa/Addis_Ababa
ASP,YBAS,Alice Springs Airport,Alice Springs,AU,-23.80659,133.90343,545,Australia/Darwin
ASR,LTAU,Kayseri Erkilet International Airport,Kayseri,TR,38.77040,35.49540,1056,Europe/Istanbul
ASU,SGAS,Silvio Pettirossi International Airport,Asunción,PY,-25.24016,-57.51923,89,America/Asuncion
ASV,HKAM,Amboseli Airport,Ol Tukai,KE,-2.64479,37.25292,1145,Africa/Nairobi
ASW,HESN,Aswan International Airport,Aswan,EG,23.96108,32.82038,198,Africa/Cairo
ATC,MYCA,Arthur's Town Airport,Arthur's Town,BS,24.62940,-75.67380,5,America/Nassau
ATH,LGAV,Athens Eleftherios Venizelos International Airport,Spata-Artemida,GR,37.93640,23.94450,94,Europe/Athens
ATK,PATQ,Atqasuk Edward Burnell Sr Memorial Airport,Atqasuk,US,70.46704,-157.43601,29,America/Anchorage
ATL,KATL,Hartsfield Jackson Atlanta International Airport,Atlanta,US,33.63670,-84.42810,313,America/New_York
ATM,SBHT,Altamira Interstate Airport,Altamira,BR,-3.25314,-52.25394,112,America/Santarem
ATQ,VIAR,Sri Guru Ram Das Ji International Airport,Amritsar,IN,31.70960,74.79730,230,Asia/Kolkata
ATW,KATW,Appleton International Airport,Appleton,US,44.25852,-88.51900,280,America/Chicago
ATY,KATY,Watertown Regional Airport,Watertown,US,44.91400,-97.15470,533,America/Chicago
ATZ,HEAT,Asyut International Airport,Asyut,EG,27.04596,31.01276,228,Africa/Cairo
AUA,TNCA,Queen Beatrix International Airport,Oranjestad,AW,12.50106,-70.01428,18,America/Aruba
AUC,SKUC,Santiago Perez Airport,Arauca,CO,7.06888,-70.73690,128,America/Bogota
AUG,KAUG,Augusta State Airport,Augusta,US,44.32060,-69.79730,107,America/New_York
AUH,OMAA,Zayed International Airport,Abu Dhabi,AE,24.44097,54.64924,27,Asia/Dubai
AUQ,NTMN,Hiva Oa-Atuona Airport,Hiva Oa Island,PF,-9.76879,-139.01100,451,Pacific/Marquesas
AUR,LFLW,Aurillac airport,Aurillac,FR,44.89140,2.42194,639,Europe/Paris
AUS,KAUS,Austin Bergstrom International Airport,Austin,US,30.19753,-97.66201,165,America/Chicago
AUX,SWGN,Araguaína Airport,Araguaína,BR,-7.22787,-48.24050,235,America/Araguaina
AVA,ZUAS,Anshun Huangguoshu Airport,Anshun (Xixiu),CN,26.26056,105.87333,1467,Asia/Shanghai
AVK,ZMAH,Arvaikheer Airport,Arvaikheer,MN,46.25030,102.80200,1808,Asia/Ulaanbaatar
AVL,KAVL,Asheville Regional Airport,Asheville,US,35.43549,-82.54185,660,America/New_York
AVN,LFMV,Avignon Caumont airport,Avignon,FR,43.90730,4.90183,38,Europe/Paris
AVP,KAVP,Wilkes-Barre/Scranton International Airport,Wilkes-Barre/Scranton,US,41.33706,-75.72423,293,America/New_York
AVR,VAAM,Amravati  Airport,Amravati,IN,20.81461,77.71776,343,Asia/Kolkata
AVV,YMAV,Melbourne Avalon International Airport,Geelong/Melbourne,AU,-38.04027,144.46720,11,Australia/Melbourne
AWA,HALA,Hawassa International Airport,Hawassa,ET,7.10061,38.39646,1661,Africa/Addis_Ababa
AWK,PWAK,Wake Island Airfield,Wake Island,UM,19.28244,166.63664,4,Pacific/Wake
AWZ,OIAW,Qasem Soleimani International Airport,Ahvaz,IR,31.33640,48.76379,20,Asia/Tehran
AXA,TQPF,Clayton J. Lloyd International Airport,The Valley,AI,18.20477,-63.05383,39,America/Anguilla
AXD,LGAL,Alexandroupoli Democritus Airport,Alexandroupolis,GR,40.85590,25.95630,7,Europe/Athens
AXF,ZBAL,Alxa Left Banner Bayanhot Airport,Bayanhot,CN,38.74832,105.58416,1390,Asia/Shanghai
AXJ,RJDA,Amakusa Airport,Amakusa,JP,32.48250,130.15900,104,Asia/Tokyo
AXM,SKAR,El Eden Airport,Armenia,CO,4.45278,-75.76640,1216,America/Bogota
AXP,MYAP,Spring Point Airport,Spring Point,BS,22.44180,-73.97090,3,America/Nassau
AXR,NTGU,Arutua Airport,,PF,-15.24830,-146.61700,3,Pacific/Tahiti
AXT,RJSK,Akita Airport,Akita,JP,39.61560,140.21899,95,Asia/Tokyo
AXU,HAAX,Axum Airport,Axum,ET,14.14680,38.77280,2121,Africa/Addis_Ababa
AYJ,VEAY,Maharshi Valmiki International Airport,Faizabad,IN,26.74774,82.16366,102,Asia/Kolkata
AYP,SPHO,Air Force Colonel Alfredo Mendivil Duarte Airport,Ayacucho,PE,-13.15480,-74.20440,2718,America/Lima
AYQ,YAYE,Ayers Rock Connellan Airport,Yulara,AU,-25.18591,130.97703,496,Australia/Darwin
AYT,LTAI,Antalya International Airport,Antalya,TR,36.89870,30.80050,54,Europe/Istanbul
AZA,KIWA,Mesa Gateway Airport,Mesa,US,33.30780,-111.65500,421,America/Phoenix
AZD,OIYY,Shahid Sadooghi Airport,Yazd,IR,31.90490,54.27650,1236,Asia/Tehran
AZN,UZFA,Andijan International Airport,Andijan,UZ,40.72770,72.29400,462,Asia/Tashkent
AZO,KAZO,Kalamazoo/Battle Creek International Airport,Kalamazoo,US,42.23210,-85.54964,266,America/Detroit
AZR,DAUA,Touat-Cheikh Sidi Mohamed Belkebir Airport,Adrar,DZ,27.83760,-0.18641,280,Africa/Algiers
AZS,MDCY,Samaná El Catey International Airport,Samana,DO,19.26926,-69.73740,9,America/Santo_Domingo
BAH,OBBI,Bahrain International Airport,Manama,BH,26.26730,50.63764,2,Asia/Bahrain
BAL,LTCJ,Batman Airport,Batman,TR,37.92900,41.11660,555,Europe/Istanbul
BAQ,SKBQ,Ernesto Cortissoz International Airport,Barranquilla,CO,10.88960,-74.78080,30,America/Bogota
BAR,ZJQH,Qionghai Bo'ao Airport,Qionghai (Basuo),CN,19.14095,110.45277,9,Asia/Shanghai
BAV,ZBOW,Baotou Donghe International Airport,Baotou,CN,40.56000,109.99700,1012,Asia/Shanghai
BAX,UNBB,Barnaul Gherman Titov International Airport,Barnaul,RU,53.36129,83.53970,255,Asia/Barnaul
BAY,LRBM,Maramureș International Airport,Tăuții-Măgherăuș,RO,47.65844,23.46445,184,Europe/Bucharest
BBA,SCBA,Balmaceda Airport,Balmaceda,CL,-45.91597,-71.68950,525,America/Coyhaique
BBI,VEBS,Biju Patnaik International Airport,Bhubaneswar,IN,20.25102,85.81475,42,Asia/Kolkata
BBK,FBKE,Kasane International Airport,Kasane,BW,-17.83165,25.16619,1002,Africa/Gaborone
BBM,VDBG,Battambang Airport,Battambang,KH,13.09560,103.22400,18,Asia/Phnom_Penh
BBN,WBGZ,Bario Airport,Bario,MY,3.73465,115.47855,1021,Asia/Kuching
BBO,HCMI,Berbera Airport,Berbera,SO,10.38504,44.93672,9,Africa/Mogadishu
BBQ,TAPB,Burton-Nibbs International Airport,Codrington,AG,17.62119,-61.79835,9,America/Antigua
BBU,LRBS,Bucharest Băneasa Aurel Vlaicu International Airport,Bucharest,RO,44.50313,26.10294,91,Europe/Bucharest
BCA,MUBA,Gustavo Rizo Airport,Baracoa,CU,20.36530,-74.50620,8,America/Havana
BCD,RPVB,Bacolod-Silay International Airport,Bacolod City,PH,10.77624,123.01888,25,Asia/Manila
BCH,WPEC,Baucau Airport,Baucau,TL,-8.48648,126.39998,540,Asia/Dili
BCI,YBAR,Barcaldine Airport,Barcaldine,AU,-23.56627,145.30209,268,Australia/Brisbane
BCM,LRBC,Bacău George Enescu International  Airport,Bacău,RO,46.52190,26.91030,185,Europe/Bucharest
BCN,LEBL,Josep Tarradellas Barcelona-El Prat Airport,Barcelona,ES,41.29710,2.07846,4,Europe/Madrid
BCO,HABC,Jinka Airport,Jinka,ET,5.74965,36.56016,1364,Africa/Addis_Ababa
BCU,DNBC,Sir Abubakar Tafawa Balewa Bauchi State International Airport,Bauchi,NG,10.48283,9.74400,599,Africa/Lagos
BDA,TXKF,L.F. Wade International Airport,Hamilton,BM,32.36380,-64.67824,4,Atlantic/Bermuda
BDB,YBUD,Bundaberg Airport,Bundaberg,AU,-24.90504,152.32261,33,Australia/Brisbane
BDH,OIBL,Bandar Lengeh International Airport,Bandar Lengeh,IR,26.53228,54.82484,20,Asia/Tehran
BDJ,WAOO,Syamsudin Noor International Airport,Banjarbaru,ID,-3.44011,114.76121,20,Asia/Makassar
BDL,KBDL,Bradley International Airport,Hartford,US,41.93856,-72.68802,53,America/New_York
BDO,WICC,Husein Sastranegara International Airport,Bandung,ID,-6.90063,107.57600,742,Asia/Jakarta
BDQ,VABO,Vadodara International Airport,Vadodara,IN,22.33620,73.22630,39,Asia/Kolkata
BDS,LIBR,Brindisi Airport,Brindisi,IT,40.65760,17.94700,14,Europe/Rome
BDT,FZFD,Gbadolite Airport,Gbadolite,CD,4.25274,20.97527,460,Africa/Kinshasa
BDU,ENDU,Bardufoss Airport,Målselv,NO,69.05580,18.54040,77,Europe/Oslo
BEB,EGPL,Benbecula Airport,Balivanich,GB,57.48110,-7.36278,6,Europe/London
BED,KBED,Laurence G Hanscom Field,Bedford,US,42.47000,-71.28900,41,America/New_York
BEF,MNBL,Bluefields Airport,Bluefields,NI,11.99100,-83.77410,6,America/Managua
BEG,LYBE,Belgrade Nikola Tesla Airport,Belgrade,RS,44.81840,20.30910,102,Europe/Belgrade
BEJ,WAQT,Kalimarau Airport,Tanjung Redeb - Borneo Island,ID,2.14776,117.43071,18,Asia/Makassar
BEK,VIBY,Bareilly Air Force Station,Bareilly,IN,28.42210,79.45080,177,Asia/Kolkata
BEL,SBBE,Val de Cans/Júlio Cezar Ribeiro International Airport,Belém,BR,-1.37928,-48.47621,16,America/Belem
BEM,GMMD,Beni Mellal Airport,Oulad Yaich,MA,32.40190,-6.31590,516,Africa/Casablanca
BEN,HLLB,Benina International Airport,Benina,LY,32.09680,20.26950,132,Africa/Tripoli
BER,EDDB,Berlin Brandenburg Airport,Berlin,DE,52.36174,13.50234,48,Europe/Berlin
BES,LFRB,Brest Bretagne airport,Brest,FR,48.44790,-4.41854,99,Europe/Paris
BET,PABE,Bethel Airport,Bethel,US,60.77980,-161.83800,38,America/Anchorage
BEU,YBIE,Bedourie Airport,Bedourie,AU,-24.34610,139.46001,91,Australia/Brisbane
BEW,FQBR,Beira International Airport,Beira,MZ,-19.79640,34.90760,10,Africa/Maputo
BEY,OLBA,Beirut Rafic Hariri International Airport,Beirut,LB,33.81983,35.48744,27,Asia/Beirut
BFD,KBFD,Bradford Regional Airport,Bradford,US,41.80310,-78.64010,653,America/New_York
BFF,KBFF,Western Neb. Rgnl/William B. Heilig Airport,Scottsbluff,US,41.87400,-103.59600,1209,America/Denver
BFI,KBFI,King County International Airport - Boeing Field,Seattle,US,47.52704,-122.29995,6,America/Los_Angeles
BFJ,ZUBJ,Bijie Feixiong Airport,Bijie,CN,27.26707,105.47210,1448,Asia/Shanghai
BFL,KBFL,Meadows Field,Bakersfield,US,35.43360,-119.05700,155,America/Los_Angeles
BFN,FABL,Bram Fischer International Airport,Bloemfontein,ZA,-29.09270,26.30240,1358,Africa/Johannesburg
BFS,EGAA,Belfast International Airport,Belfast,GB,54.65750,-6.21583,82,Europe/London
BFV,VTUO,Buri Ram Airport,Buriram,TH,15.22950,103.25300,180,Asia/Bangkok
BFY,ZSBA,Bengbu Tenghu Airport,Bengbu,CN,33.16629,117.05834,0,Asia/Shanghai
BGA,SKBG,Palonegro Airport,Bucaramanga,CO,7.12650,-73.18480,1188,America/Bogota
BGC,LPBG,Bragança Airport,Bragança,PT,41.85780,-6.70713,683,Europe/Lisbon
BGF,FEFF,Bangui M'Poko International Airport,Bangui,CF,4.39848,18.51880,368,Africa/Bangui
BGG,LTCU,Bingöl Airport,Bingöl,TR,38.86013,40.59449,1069,Europe/Istanbul
BGI,TBPB,Grantley Adams International Airport,Bridgetown,BB,13.07467,-59.49103,52,America/Barbados
BGM,KBGM,Greater Binghamton/Edwin A Link field,Binghamton,US,42.20870,-75.97980,499,America/New_York
BGO,ENBR,"Bergen Airport, Flesland",Bergen,NO,60.29340,5.21814,52,Europe/Oslo
BGR,KBGR,Bangor International Airport,Bangor,US,44.80636,-68.82667,59,America/New_York
BGW,ORBI,Baghdad International Airport / New Al Muthana Air Base,Baghdad,IQ,33.26250,44.23460,35,Asia/Baghdad
BGY,LIME,Il Caravaggio International Airport,Orio al Serio (BG),IT,45.66936,9.70885,238,Europe/Rome
BHB,KBHB,Hancock County-Bar Harbor Airport,Bar Harbor,US,44.45000,-68.36150,25,America/New_York
BHD,EGAC,George Best Belfast City Airport,Belfast,GB,54.61810,-5.87250,5,Europe/London
BHE,NZWB,Woodbourne Airport,Blenheim,NZ,-41.51830,173.87000,33,Pacific/Auckland
BHH,OEBH,Bisha Airport,Bisha,SA,19.98440,42.62090,1185,Asia/Riyadh
BHI,SAZB,Comandante Espora Airport,Bahía Blanca,AR,-38.72500,-62.16930,75,America/Argentina/Buenos_Aires
BHJ,VABJ,Bhuj Airport,Bhuj,IN,23.28780,69.67020,82,Asia/Kolkata
BHK,UZSB,Bukhara International Airport,Bukhara,UZ,39.77532,64.48228,229,Asia/Samarkand
BHM,KBHM,Birmingham-Shuttlesworth International Airport,Birmingham,US,33.56288,-86.75071,198,America/Chicago
BHO,VABP,Raja Bhoj International Airport,Bhopal,IN,23.28750,77.33740,522,Asia/Kolkata
BHQ,YBHI,Broken Hill Airport,Broken Hill,AU,-32.00140,141.47200,292,Australia/Broken_Hill
BHS,YBTH,Bathurst Airport,Bathurst,AU,-33.40682,149.65116,742,Australia/Sydney
BHU,VABV,Bhavnagar Airport,Bhavnagar,IN,21.75220,72.18520,13,Asia/Kolkata
BHV,OPBW,Bahawalpur Airport,Bahawalpur,PK,29.34810,71.71800,119,Asia/Karachi
BHX,EGBB,Birmingham Airport,"Birmingham, West Midlands",GB,52.45390,-1.74803,100,Europe/London
BHY,ZGBH,Beihai Fucheng Airport,Beihai,CN,21.53866,109.29368,23,Asia/Shanghai
BIA,LFKB,Bastia-Poretta International airport,Bastia,FR,42.55270,9.48373,8,Europe/Paris
BIH,KBIH,Eastern Sierra Regional Airport,Bishop,US,37.37310,-118.36400,1257,America/Los_Angeles
BIK,WABB,Frans Kaisiepo Airport,Biak,ID,-1.19002,136.10800,14,Asia/Jayapura
BIL,KBIL,Billings Logan International Airport,Billings,US,45.80893,-108.54124,1113,America/Denver
BIM,MYBS,South Bimini Airport,South Bimini,BS,25.69990,-79.26470,3,America/Nassau
BIO,LEBB,Bilbao Airport,Bilbao,ES,43.30110,-2.91061,42,Europe/Madrid
BIQ,LFBZ,Biarritz Pays Basque airport,Biarritz,FR,43.46837,-1.52322,75,Europe/Paris
BIR,VNVT,Biratnagar Airport,Biratnagar,NP,26.48150,87.26400,72,Asia/Kathmandu
BIS,KBIS,Bismarck Municipal Airport,Bismarck,US,46.77273,-100.74687,506,America/Chicago
BJA,DAAE,Soummam–Abane Ramdane Airport,Béjaïa,DZ,36.71255,5.06991,6,Africa/Algiers
BJB,OIMN,Bojnord Airport,Bojnord,IR,37.49300,57.30820,1066,Asia/Tehran
BJC,KBJC,Rocky Mountain Metropolitan Airport,Denver,US,39.90880,-105.11700,1729,America/Denver
BJF,ENBS,Båtsfjord Airport,Båtsfjord,NO,70.60025,29.69261,149,Europe/Oslo
BJL,GBYD,Banjul International Airport,Banjul (Yundum),GM,13.33800,-16.65220,29,Africa/Banjul
BJM,HBBA,Bujumbura Melchior Ndadaye International Airport,Bujumbura,BI,-3.32402,29.31850,787,Africa/Bujumbura
BJR,HABD,Bahir Dar Airport,Bahir Dar,ET,11.60810,37.32160,1822,Africa/Addis_Ababa
BJV,LTFE,Milas Bodrum International Airport,Bodrum,TR,37.24931,27.66401,6,Europe/Istanbul
BJX,MMLO,Guanajuato International Airport,Silao,MX,20.99270,-101.48028,1815,America/Mexico_City
BJZ,LEBZ,Badajoz Airport,Badajoz,ES,38.89130,-6.82133,186,Europe/Madrid
BKG,KBBG,Branson Airport,Branson,US,36.53208,-93.20054,397,America/Chicago
BKI,WBKK,Kota Kinabalu International Airport,Kota Kinabalu,MY,5.93274,116.04932,3,Asia/Kuching
BKK,VTBS,Suvarnabhumi Airport,Bangkok,TH,13.68110,100.74700,2,Asia/Bangkok
BKN,UTAN,Balkanabat International Airport,Balkanabat,TM,39.68105,54.20601,-8,Asia/Ashgabat
BKO,GABS,Modibo Keita International Airport,Bamako,ML,12.53350,-7.94994,380,Africa/Bamako
BKQ,YBCK,Blackall Airport,Blackall,AU,-24.43168,145.42972,283,Australia/Brisbane
BKS,WIGG,Fatmawati Soekarno Airport,Bengkulu,ID,-3.86370,102.33900,15,Asia/Jakarta
BKW,KBKW,Raleigh County Memorial Airport,Beaver,US,37.78730,-81.12420,763,America/New_York
BLA,SVBC,General José Antonio Anzoategui International Airport,Barcelona,VE,10.11111,-64.69222,9,America/Caracas
BLD,KBVU,Boulder City Municipal Airport,Boulder City,US,35.94716,-114.85880,671,America/Los_Angeles
BLE,ESSD,Dala Airport,Borlange,SE,60.42200,15.51520,153,Europe/Stockholm
BLI,KBLI,Bellingham International Airport,Bellingham,US,48.79280,-122.53800,52,America/Los_Angeles
BLJ,DABT,Batna Mostefa Ben Boulaid Airport,Batna,DZ,35.75210,6.30859,822,Africa/Algiers
BLL,EKBI,Billund Airport,Billund,DK,55.74034,9.15702,75,Europe/Copenhagen
BLQ,LIPE,Bologna Guglielmo Marconi Airport,Bologna,IT,44.53540,11.28870,37,Europe/Rome
BLR,VOBL,Kempegowda International Airport Bengaluru,Bengaluru,IN,13.19790,77.70630,914,Asia/Kolkata
BLV,KBLV,Scott AFB/Midamerica Airport,Belleville,US,38.54520,-89.83520,140,America/Chicago
BLZ,FWCL,Chileka International Airport,Blantyre,MW,-15.67719,34.97232,779,Africa/Blantyre
BMA,ESSB,Stockholm-Bromma Airport,Stockholm,SE,59.35440,17.94170,14,Europe/Stockholm
BME,YBRM,Broome International Airport,Broome,AU,-17.94919,122.22830,17,Australia/Perth
BMI,KBMI,Central Illinois Regional Airport at Bloomington-Normal,Bloomington/Normal,US,40.47710,-88.91590,265,America/Chicago
BMU,WADB,Sultan Muhammad Salahuddin Airport,Bima,ID,-8.53718,118.68500,1,Asia/Makassar
BMV,VVBM,Buon Ma Thuot Airport,Buon Ma Thuot,VN,12.66830,108.12000,527,Asia/Ho_Chi_Minh
BMW,DATM,Bordj Badji Mokhtar Airport,Bordj Badji Mokhtar,DZ,21.37780,0.92698,397,Africa/Algiers
BNA,KBNA,Nashville International Airport,Nashville,US,36.12450,-86.67820,183,America/Chicago
BND,OIKB,Bandar Abbas International Airport,Bandar Abbas,IR,27.21830,56.37780,7,Asia/Tehran
BNE,YBBN,Brisbane International Airport,Brisbane,AU,-27.38420,153.11700,4,Australia/Brisbane
BNI,DNBE,Benin Airport,Benin,NG,6.31698,5.59950,79,Africa/Lagos
BNK,YBNA,Ballina Byron Gateway Airport,Ballina,AU,-28.83324,153.56147,2,Australia/Sydney
BNN,ENBN,"Brønnøysund Airport, Brønnøy",Brønnøy,NO,65.46110,12.21750,8,Europe/Oslo
BNS,SVBI,Barinas Airport,Barinas,VE,8.61500,-70.21417,187,America/Caracas
BNX,LQBK,Banja Luka International Airport,Mahovljani,BA,44.94140,17.29750,122,Europe/Sarajevo
BOB,NTTB,Bora Bora Airport,Motu Mute,PF,-16.44440,-151.75101,3,Pacific/Tahiti
BOC,MPBO,"Bocas del Toro ""Isla Colón"" International Airport",Isla Colón,PA,9.34085,-82.25080,3,America/Panama
BOD,LFBD,Bordeaux–Mérignac Airport,Bordeaux,FR,44.82865,-0.71536,49,Europe/Paris
BOG,SKBO,El Dorado International Airport,Bogota,CO,4.70159,-74.14690,2548,America/Bogota
BOH,EGHH,Bournemouth Airport,Bournemouth,GB,50.78048,-1.83958,12,Europe/London
BOI,KBOI,Boise Air Terminal/Gowen Field,Boise,US,43.56440,-116.22300,875,America/Boise
BOJ,LBBG,Burgas Airport,Burgas,BG,42.56992,27.51517,41,Europe/Sofia
BOM,VABB,Chhatrapati Shivaji Maharaj International Airport,Mumbai,IN,19.08870,72.86790,12,Asia/Kolkata
BON,TNCB,Flamingo International Airport,Kralendijk,BQ,12.13100,-68.26850,6,America/Kralendijk
BOO,ENBO,Bodø Airport,Bodø,NO,67.26920,14.36530,13,Europe/Oslo
BOR,VLBK,Bokeo International Airport,Ton Phueng,LA,20.32399,100.16539,358,Asia/Vientiane
BOS,KBOS,Boston Logan International Airport,Boston,US,42.36197,-71.00790,6,America/New_York
BOY,DFOO,Bobo Dioulasso Airport,Bobo Dioulasso,BF,11.16010,-4.33097,461,Africa/Ouagadougou
BPE,ZBDH,Qinhuangdao Beidaihe Airport,Qinhuangdao (Changli),CN,39.66638,119.06138,14,Asia/Shanghai
BPL,ZWBL,Bole Alashankou Airport,Bole,CN,44.89546,82.30007,382,Asia/Urumqi
BPN,WALL,Sultan Aji Muhammad Sulaiman Sepinggan International Airport,Balikpapan,ID,-1.26834,116.89452,4,Asia/Makassar
BPS,SBPS,Porto Seguro International Airport,Porto Seguro,BR,-16.43843,-39.08058,52,America/Bahia
BPT,KBPT,Jack Brooks Regional Airport,Beaumont/Port Arthur,US,29.95080,-94.02070,5,America/Chicago
BPX,ZUBD,Qamdo Bangda Airport,Bangda,CN,30.55360,97.10830,4334,Asia/Shanghai
BPY,FMNQ,Besalampy Airport,Besalampy,MG,-16.74453,44.48248,38,Indian/Antananarivo
BQK,KBQK,Brunswick Golden Isles Airport,Brunswick,US,31.25880,-81.46650,8,America/New_York
BQL,YBOU,Boulia Airport,,AU,-22.91330,139.89999,165,Australia/Brisbane
BQN,TJBQ,Rafael Hernández International Airport,Aguadilla,PR,18.49490,-67.12940,72,America/Puerto_Rico
BQS,UHBB,Ignatyevo Airport,Blagoveschensk,RU,50.42672,127.41550,194,Asia/Yakutsk
BQT,UMBB,Brest International Airport,Brest,BY,52.10814,23.89676,143,Europe/Minsk
BQU,TVSB,J F Mitchell Airport,Bequia,VC,12.98840,-61.26200,5,America/St_Vincent
BRC,SAZS,Teniente Luis Candelaria International Airport,San Carlos de Bariloche,AR,-41.15120,-71.15750,846,America/Argentina/Salta
BRD,KBRD,Brainerd Lakes Regional Airport,Brainerd,US,46.40286,-94.12973,376,America/Chicago
BRE,EDDW,Bremen Airport,Bremen,DE,53.04679,8.78932,4,Europe/Berlin
BRI,LIBD,Bari Karol Wojtyła International Airport,Bari,IT,41.13890,16.76060,59,Europe/Rome
BRK,YBKE,Bourke Airport,,AU,-30.03920,145.95200,107,Australia/Sydney
BRL,KBRL,Southeast Iowa Regional Airport,Burlington,US,40.78320,-91.12550,213,America/Chicago
BRM,SVBM,Jacinto Lara International Airport,Barquisimeto,VE,10.04275,-69.35862,622,America/Caracas
BRN,LSZB,Bern Airport,Bern,CH,46.91274,7.49882,509,Europe/Zurich
BRO,KBRO,Brownsville South Padre Island International Airport,Brownsville,US,25.90724,-97.42524,7,America/Chicago
BRQ,LKTB,Brno-Tuřany Airport,Brno,CZ,49.15128,16.69397,237,Europe/Prague
BRR,EGPR,Barra Airport,Eoligarry,GB,57.02280,-7.44306,2,Europe/London
BRS,EGGD,Bristol Airport,Bristol,GB,51.38233,-2.71645,190,Europe/London
BRU,EBBR,Brussels Airport,Zaventem,BE,50.90140,4.48444,53,Europe/Brussels
BRW,PABR,Wiley Post Will Rogers Memorial Airport,Utqiaġvik,US,71.28540,-156.76601,13,America/Anchorage
BRX,MDBH,Maria Montez International Airport,Barahona,DO,18.25150,-71.12040,3,America/Santo_Domingo
BSA,HCMF,Bender Qassim International Airport,Bosaso,SO,11.27524,49.13923,1,Africa/Mogadishu
BSB,SBBR,Presidente Juscelino Kubitschek International Airport,Brasília,BR,-15.86917,-47.92083,1066,America/Sao_Paulo
BSC,SKBS,José Celestino Mutis Airport,Bahía Solano,CO,6.20292,-77.39470,24,America/Bogota
BSD,ZPBS,Baoshan Yunrui Airport,Baoshan (Longyang),CN,25.05330,99.16830,1662,Asia/Shanghai
BSG,FGBT,Bata International Airport,Bata,GQ,1.90547,9.80568,4,Africa/Malabo
BSK,DAUB,Biskra - Mohamed Khider Airport,Biskra,DZ,34.79318,5.73890,88,Africa/Algiers
BSL,LFSB,EuroAirport Basel–Mulhouse–Freiburg,Bâle / Mulhouse,FR,47.60068,7.52112,270,Europe/Paris
BSO,RPUO,Basco Airport,Basco,PH,20.45130,121.98000,89,Asia/Manila
BSR,ORMM,Basra International Airport,Basra,IQ,30.54910,47.66210,3,Asia/Baghdad
BSZ,UCFM,Manas International Airport,Bishkek,KG,43.06130,74.47760,627,Asia/Bishkek
BTC,VCCB,Batticaloa International Airport,Batticaloa,LK,7.70507,81.67716,6,Asia/Colombo
BTH,WIDD,Hang Nadim International Airport,Batam,ID,1.12103,104.11900,38,Asia/Jakarta
BTI,PABA,Barter Island Long Range Radar Station Airport,Barter Island,US,70.13400,-143.58200,1,America/Anchorage
BTJ,WITT,Sultan Iskandar Muda International Airport,Banda Aceh,ID,5.52509,95.41997,20,Asia/Jakarta
BTK,UIBB,Bratsk Airport,Bratsk,RU,56.36960,101.70182,491,Asia/Irkutsk
BTM,KBTM,Bert Mooney Airport,Butte,US,45.95480,-112.49700,1692,America/Denver
BTR,KBTR,Baton Rouge Metropolitan Airport,Baton Rouge,US,30.53320,-91.14960,21,America/Chicago
BTS,LZIB,M. R. Štefánik Airport,Bratislava,SK,48.17020,17.21270,133,Europe/Bratislava
BTU,WBGB,Bintulu Airport,Bintulu,MY,3.12385,113.02000,23,Asia/Kuching
BTV,KBTV,Patrick Leahy Burlington International Airport,Burlington,US,44.47190,-73.15330,102,America/New_York
BUA,AYBK,Buka Airport,Buka Island,PG,-5.42230,154.67270,3,Pacific/Bougainville
BUD,LHBP,Budapest Liszt Ferenc International Airport,Budapest,HU,47.43018,19.26239,151,Europe/Budapest
BUF,KBUF,Buffalo Niagara International Airport,Buffalo,US,42.94050,-78.73220,222,America/New_York
BUN,SKBU,Gerardo Tobar López Airport,Buenaventura,CO,3.81963,-76.98980,15,America/Bogota
BUQ,FVJN,Joshua Mqabuko Nkomo International Airport,Bulawayo,ZW,-20.01628,28.62290,1329,Africa/Harare
BUR,KBUR,Hollywood Burbank/Bob Hope Airport,Burbank,US,34.20283,-118.35805,237,America/Los_Angeles
BUS,UGSB,Alexander Kartveli Batumi International Airport,Batumi,GE,41.60939,41.60032,32,Asia/Tbilisi
BUX,FZKA,Bunia Airport,Bunia,CD,1.56574,30.22068,1233,Africa/Lubumbashi
BUZ,OIBB,Bushehr Airport,Bushehr,IR,28.94480,50.83460,21,Asia/Tehran
BVA,LFOB,Beauvais-Tillé airport,Beauvais,FR,49.45440,2.11278,109,Europe/Paris
BVB,SBBV,Atlas Brasil Cantanhede International Airport,Boa Vista,BR,2.84615,-60.69065,84,America/Boa_Vista
BVC,GVBA,Aristides Pereira International Airport,Rabil,CV,16.13650,-22.88890,21,Atlantic/Cape_Verde
BVE,LFSL,Brive Souillac airport,Brive,FR,45.03972,1.48556,310,Europe/Paris
BVG,ENBV,Berlevåg Airport,Berlevåg,NO,70.87152,29.03410,13,Europe/Oslo
BVH,SBVH,Brigadeiro Camarão Airport,Vilhena,BR,-12.69440,-60.09830,615,America/Porto_Velho
BVI,YBDV,Birdsville Airport,,AU,-25.89750,139.34801,48,Australia/Brisbane
BVJ,USDB,Bovanenkovo Airport,Bovanenkovo,RU,70.31528,68.33361,7,Asia/Yekaterinburg
BWA,VNBW,Gautam Buddha International Airport,Siddharthanagar (Bhairahawa),NP,27.50464,83.41038,109,Asia/Kathmandu
BWI,KBWI,Baltimore/Washington International Thurgood Marshall Airport,Baltimore,US,39.17540,-76.66830,45,America/New_York
BWK,LDSB,Brač Airport,Gornji Humac,HR,43.28445,16.67836,541,Europe/Zagreb
BWN,WBSB,Brunei International Airport,Bandar Seri Begawan,BN,4.94420,114.92800,22,Asia/Brunei
BWO,UWSB,Balakovo Airport,Balakovo,RU,51.85830,47.74560,29,Europe/Saratov
BWT,YWYY,Wynyard Airport,Burnie,AU,-40.99704,145.72600,19,Australia/Hobart
BXH,UAAH,Balkhash Airport,Balkhash,KZ,46.89425,75.00453,441,Asia/Almaty
BXR,OIKM,Bam Airport,Bam,IR,29.08420,58.45000,985,Asia/Tehran
BXU,RPME,Bancasi Airport,Butuan,PH,8.95150,125.47880,43,Asia/Manila
BXY,UAOL,Baikonur Krayniy International Airport,Baikonur,KZ,45.62199,63.21077,97,Asia/Qyzylorda
BYK,DIBK,Bouaké Airport,Bouaké,CI,7.73880,-5.07367,375,Africa/Abidjan
BYM,MUBY,Carlos Manuel de Cespedes Airport,Bayamo,CU,20.39640,-76.62140,62,America/Havana
BYN,ZMBH,Bayankhongor Airport,Bayankhongor,MN,46.16330,100.70400,1855,Asia/Ulaanbaatar
BZE,MZBZ,Philip S. W. Goldson International Airport,Belize City,BZ,17.53995,-88.30356,5,America/Belize
BZG,EPBY,Ignacy Jan Paderewski Bydgoszcz Airport,Bydgoszcz,PL,53.09680,17.97770,72,Europe/Warsaw
BZI,LTBF,Balıkesir Airport,Balıkesir,TR,39.61930,27.92600,104,Europe/Istanbul
BZL,VGBR,Barisal Airport,Barisal,BD,22.80100,90.30120,7,Asia/Dhaka
BZN,KBZN,Bozeman Yellowstone International Airport,Bozeman,US,45.77885,-111.15371,1363,America/Denver
BZO,LIPB,Bolzano Airport,Bolzano (BZ),IT,46.45925,11.32612,240,Europe/Rome
BZR,LFMU,Béziers Vias airport,Béziers,FR,43.32350,3.35390,17,Europe/Paris
BZV,FCBB,Maya-Maya International Airport,Brazzaville,CG,-4.25170,15.25300,319,Africa/Brazzaville
BZX,ZUBZ,Bazhong Enyang Airport,Bazhong,CN,31.73842,106.64487,550,Asia/Shanghai
CAB,FNCA,Cabinda Airport,Cabinda,AO,-5.59839,12.18815,20,Africa/Luanda
CAC,SBCA,Coronel Adalberto Mendes da Silva Airport,Cascavel,BR,-25.00032,-53.50121,756,America/Sao_Paulo
CAE,KCAE,Columbia Metropolitan Airport,Columbia,US,33.93817,-81.12302,72,America/New_York
CAG,LIEE,Cagliari Elmas Airport,Cagliari,IT,39.25150,9.05428,4,Europe/Rome
CAH,VVCM,Cà Mau Airport,Ca Mau City,VN,9.17767,105.17778,2,Asia/Ho_Chi_Minh
CAI,HECA,Cairo International Airport,Cairo,EG,30.11153,31.39669,98,Africa/Cairo
CAJ,SVCN,Canaima Airport,Canaima,VE,6.23199,-62.85485,442,America/Caracas
CAK,KCAK,Akron Canton Regional Airport,Akron,US,40.91610,-81.44220,374,America/New_York
CAL,EGEC,Campbeltown Airport,Campbeltown,GB,55.43720,-5.68639,13,Europe/London
CAN,ZGGG,Guangzhou Baiyun International Airport,Guangzhou (Huadu),CN,23.39240,113.29900,15,Asia/Shanghai
CAP,MTCH,Cap Haitien International Airport,Cap Haitien,HT,19.72555,-72.20071,3,America/Port-au-Prince
CAT,LPCS,Cascais Airport,Cascais,PT,38.72500,-9.35523,99,Europe/Lisbon
CAW,SBCP,Bartolomeu Lisandro Airport,Campos dos Goytacazes,BR,-21.69830,-41.30170,18,America/Sao_Paulo
CAY,SOCA,Cayenne – Félix Eboué Airport,Matoury,GF,4.81996,-52.36133,8,America/Cayenne
CAZ,YCBA,Cobar Airport,,AU,-31.53830,145.79401,221,Australia/Sydney
CBB,SLCB,Jorge Wilsterman International Airport,Cochabamba,BO,-17.42111,-66.17710,2548,America/La_Paz
CBH,DAOR,Béchar Boudghene Ben Ali Lotfi Airport,Béchar,DZ,31.64570,-2.26986,811,Africa/Algiers
CBO,RPMC,Cotabato (Awang) Airport,Datu Odin Sinsuat,PH,7.16475,124.20994,58,Asia/Manila
CBQ,DNCA,Margaret Ekpo International Airport,Calabar,NG,4.97602,8.34720,64,Africa/Lagos
CBR,YSCB,Canberra Airport,Canberra,AU,-35.30690,149.19501,575,Australia/Sydney
CBT,FNCT,Catumbela Airport,Catumbela,AO,-12.47920,13.48690,7,Africa/Luanda
CCC,MUCC,Jardines Del Rey Airport,Cayo Coco,CU,22.46100,-78.32840,4,America/Havana
CCE,HECP,Capital International Airport,New Cairo,EG,30.06465,31.83997,232,Africa/Cairo
CCF,LFMK,Carcassonne Salvaza Airport,Carcassonne,FR,43.21600,2.30632,132,Europe/Paris
CCJ,VOCL,Calicut International Airport,Calicut,IN,11.13600,75.95515,104,Asia/Kolkata
CCK,YPCC,Cocos (Keeling) Islands Airport,West Island,CC,-12.19222,96.83410,3,Indian/Cocos
CCP,SCIE,Carriel Sur International Airport,Concepcion,CL,-36.77235,-73.06283,8,America/Santiago
CCR,KCCR,Buchanan Field,Concord,US,37.98970,-122.05700,8,America/Los_Angeles
CCS,SVMI,Maiquetía Simón Bolívar International Airport,Maiquetía,VE,10.60221,-66.99117,71,America/Caracas
CCU,VECC,Netaji Subhash Chandra Bose International Airport,Kolkata,IN,22.65401,88.44765,5,Asia/Kolkata
CCZ,MYBC,Chub Cay Airport,Chub Cay,BS,25.41710,-77.88090,2,America/Nassau
CDB,PACD,Cold Bay Airport,Cold Bay,US,55.20787,-162.72503,29,America/Nome
CDC,KCDC,Cedar City Regional Airport,Cedar City,US,37.70100,-113.09900,1714,America/Denver
CDE,ZBCD,Chengde Puning Airport,Chengde,CN,41.12250,118.07389,0,Asia/Shanghai
CDG,LFPG,Charles de Gaulle International Airport,"Paris (Roissy-en-France, Val-d'Oise)",FR,49.00896,2.55412,119,Europe/Paris
CDP,VOCP,Kadapa Airport,Kadapa,IN,14.51315,78.76918,131,Asia/Kolkata
CDR,KCDR,Chadron Municipal Airport,Chadron,US,42.83760,-103.09500,1005,America/Denver
CDT,LECH,Castellón-Costa Azahar Airport,Castellón de la Plana,ES,40.21389,0.07333,360,Europe/Madrid
CDV,PACV,Merle K (Mudhole) Smith Airport,Cordova,US,60.49180,-145.47800,16,America/Anchorage
CEB,RPVM,Mactan Cebu International Airport,Cebu City/Lapu-Lapu City,PH,10.30926,123.97974,9,Asia/Manila
CEC,KCEC,Jack Mc Namara Field Airport,Crescent City,US,41.77893,-124.23640,19,America/Los_Angeles
CED,YCDU,Ceduna Airport,,AU,-32.13060,133.71001,23,Australia/Adelaide
CEE,ULWC,Cherepovets Airport,Cherepovets,RU,59.27360,38.01580,115,Europe/Moscow
CEI,VTCT,Mae Fah Luang - Chiang Rai International Airport,Chiang Rai,TH,19.95230,99.88290,390,Asia/Bangkok
CEK,USCC,Kurchatov Chelyabinsk International Airport,Chelyabinsk,RU,55.30314,61.50493,234,Asia/Yekaterinburg
CEN,MMCN,Ciudad Obregón International Airport,Ciudad Obregón,MX,27.39260,-109.83300,74,America/Hermosillo
CEZ,KCEZ,Cortez Municipal Airport,Cortez,US,37.30300,-108.62800,1804,America/Denver
CFE,LFLC,Clermont-Ferrand Auvergne airport,Clermont-Ferrand,FR,45.78670,3.16917,332,Europe/Paris
CFG,MUCF,Jaime Gonzalez Airport,Cienfuegos,CU,22.15000,-80.41420,31,America/Havana
CFK,DAOI,Chlef Aboubakr Belkaid International Airport,Chlef,DZ,36.21661,1.34111,141,Africa/Algiers
CFN,EIDL,Donegal Airport,Donegal,IE,55.04420,-8.34100,9,Europe/Dublin
CFR,LFRK,Caen Carpiquet airport,Caen,FR,49.17678,-0.45488,78,Europe/Paris
CFS,YCFS,Coffs Harbour Airport,Coffs Harbour,AU,-30.32060,153.11600,5,Australia/Sydney
CFU,LGKR,Corfu Ioannis Kapodistrias International Airport,Kerkyra (Corfu),GR,39.60145,19.91218,2,Europe/Athens
CGB,SBCY,Várzea Grande–Marechal Rondon International Airport,Cuiabá,BR,-15.65290,-56.11670,188,America/Cuiaba
CGD,ZGCD,Changde Taohuayuan Airport,Changde (Dingcheng),CN,28.91890,111.64000,39,Asia/Shanghai
CGH,SBSP,Congonhas–Deputado Freitas Nobre Airport,São Paulo,BR,-23.62766,-46.65460,802,America/Sao_Paulo
CGI,KCGI,Cape Girardeau Regional Airport,Cape Girardeau,US,37.22530,-89.57080,104,America/Chicago
CGK,WIII,Soekarno-Hatta International Airport,Jakarta,ID,-6.12557,106.65600,10,Asia/Jakarta
CGM,RPMH,Camiguin Airport,Mambajao,PH,9.25389,124.70911,16,Asia/Manila
CGN,EDDK,Cologne Bonn Airport,Köln (Cologne),DE,50.86590,7.14274,92,Europe/Berlin
CGO,ZHCC,Zhengzhou Xinzheng International Airport,Zhengzhou,CN,34.52650,113.84916,151,Asia/Shanghai
CGP,VGEG,Shah Amanat International Airport,Chattogram (Chittagong),BD,22.24960,91.81330,4,Asia/Dhaka
CGQ,ZYCC,Changchun Longjia International Airport,Changchun,CN,43.99620,125.68500,215,Asia/Shanghai
CGR,SBCG,Campo Grande Airport,Campo Grande,BR,-20.47000,-54.67399,559,America/Campo_Grande
CGY,RPMY,Laguindingan International Airport,Laguindingan,PH,8.61220,124.45650,58,Asia/Manila
CHA,KCHA,Chattanooga Metropolitan Airport (Lovell Field),Chattanooga,US,35.03530,-85.20380,208,America/New_York
CHC,NZCH,Christchurch International Airport,Christchurch,NZ,-43.48903,172.53206,37,Pacific/Auckland
CHG,ZYCY,Chaoyang Airport,"Shuangta, Chaoyang",CN,41.53810,120.43500,173,Asia/Shanghai
CHH,SPPY,Chachapoyas Airport,Chachapoyas,PE,-6.20191,-77.85619,2540,America/Lima
CHM,SPEO,FAP Lieutenant Jaime Andres de Montreuil Morales Airport,Chimbote,PE,-9.14961,-78.52380,21,America/Lima
CHO,KCHO,Charlottesville Albemarle Airport,Charlottesville,US,38.13860,-78.45290,195,America/New_York
CHQ,LGSA,Chania International Airport,Souda,GR,35.53121,24.15067,149,Europe/Athens
CHS,KCHS,Charleston International Airport,Charleston,US,32.89616,-80.03815,14,America/New_York
CHT,NZCI,Inia William Tuuta Memorial Airport,Te One,NZ,-43.81189,-176.46514,13,Pacific/Chatham
CHX,MPCH,Changuinola Captain Manuel Niño International Airport,Changuinola,PA,9.45896,-82.51506,6,America/Panama
CIA,LIRA,Ciampino–G. B. Pastine International Airport,Rome,IT,41.79877,12.59533,130,Europe/Rome
CID,KCID,The Eastern Iowa Airport,Cedar Rapids,US,41.88470,-91.71080,265,America/Chicago
CIF,ZBCF,Chifeng Yulong Airport,Chifeng,CN,42.15972,118.84097,615,Asia/Shanghai
CIJ,SLCO,Capitán Aníbal Arab Airport,Cobija,BO,-11.03911,-68.78277,271,America/La_Paz
CIT,UAII,Shymkent International Airport,Shymkent,KZ,42.36502,69.47564,422,Asia/Almaty
CIU,KCIU,Chippewa County International Airport,Kincheloe,US,46.24204,-84.46208,244,America/Detroit
CIW,TVSC,Canouan Airport,Canouan,VC,12.69900,-61.34240,3,America/St_Vincent
CIX,SPHI,Capitán FAP José A. Quiñones González International Airport,Chiclayo,PE,-6.78922,-79.82825,30,America/Lima
CIY,LICB,Comiso Airport,Comiso,IT,36.99583,14.60889,230,Europe/Rome
CJA,SPJR,Mayor General FAP Armando Revoredo Iglesias Airport,Cajamarca,PE,-7.13918,-78.48940,2676,America/Lima
CJB,VOCB,Coimbatore International Airport,Coimbatore,IN,11.03000,77.04340,404,Asia/Kolkata
CJC,SCCF,El Loa Airport,Calama,CL,-22.49820,-68.90360,2299,America/Santiago
CJJ,RKTU,Cheongju International Airport/Cheongju Air Base (K-59/G-513),Cheongju,KR,36.71556,127.50029,58,Asia/Seoul
CJL,OPCH,Chitral Airport,Chitral,PK,35.88621,71.79992,1500,Asia/Karachi
CJM,VTSE,Chumphon Airport,Chumphon,TH,10.71120,99.36170,5,Asia/Bangkok
CJS,MMCS,Abraham González International Airport,Ciudad Juárez,MX,31.63667,-106.42853,1190,America/Ciudad_Juarez
CJU,RKPC,Jeju International Airport,Jeju City,KR,33.51206,126.49255,36,Asia/Seoul
CKB,KCKB,North Central West Virginia Airport,Bridgeport,US,39.29660,-80.22810,371,America/New_York
CKG,ZUCK,Chongqing Jiangbei International Airport,Chongqing,CN,29.71225,106.65189,416,Asia/Shanghai
CKH,UESO,Chokurdakh Airport,Chokurdah,RU,70.62310,147.90199,46,Asia/Srednekolymsk
CKS,SBCJ,Carajás Airport,Parauapebas,BR,-6.11784,-50.00337,629,America/Belem
CKY,GUCY,Ahmed Sékou Touré International Airport,Conakry,GN,9.57689,-13.61200,22,Africa/Conakry
CKZ,LTBH,Çanakkale Airport,Çanakkale,TR,40.13770,26.42680,7,Europe/Istanbul
CLD,KCRQ,McClellan-Palomar Airport,Carlsbad,US,33.12830,-117.28000,101,America/Los_Angeles
CLE,KCLE,Cleveland Hopkins International Airport,Cleveland,US,41.41170,-81.84980,241,America/New_York
CLJ,LRCL,Avram Iancu Cluj International Airport,Cluj-Napoca,RO,46.78604,23.68573,317,Europe/Bucharest
CLL,KCLL,Easterwood Field,College Station,US,30.58860,-96.36380,98,America/Chicago
CLO,SKCL,Alfonso Bonilla Aragon International Airport,Cali,CO,3.54272,-76.38190,964,America/Bogota
CLQ,MMIA,Licenciado Miguel de la Madrid International Airport,Colima,MX,19.27700,-103.57700,752,America/Mexico_City
CLT,KCLT,Charlotte Douglas International Airport,Charlotte,US,35.21400,-80.94310,228,America/New_York
CLY,LFKC,Calvi Sainte Catherine Airport,Calvi,FR,42.53042,8.79298,64,Europe/Paris
CMA,YCMU,Cunnamulla Airport,,AU,-28.03000,145.62199,192,Australia/Brisbane
CMB,VCBI,Bandaranaike International Colombo Airport,Colombo,LK,7.18076,79.88410,9,Asia/Colombo
CME,MMCE,Ciudad del Carmen International Airport,Ciudad del Carmen,MX,18.65152,-91.79936,3,America/Merida
CMF,LFLB,Chambéry Aix les Bains airport,Chambéry,FR,45.63810,5.88023,237,Europe/Paris
CMG,SBCR,Corumbá International Airport,Corumbá,BR,-19.01193,-57.67277,141,America/Campo_Grande
CMH,KCMH,John Glenn Columbus International Airport,Columbus,US,39.99800,-82.89190,248,America/New_York
CMI,KCMI,University of Illinois Willard Airport,Savoy,US,40.03982,-88.27625,230,America/Chicago
CMN,GMMN,Mohammed V International Airport,Casablanca,MA,33.36750,-7.58997,200,Africa/Casablanca
CMU,AYCH,Chimbu Airport,Kundiawa,PG,-6.02429,144.97099,1516,Pacific/Port_Moresby
CMW,MUCM,Ignacio Agramonte International Airport,Camaguey,CU,21.41991,-77.84804,126,America/Havana
CMX,KCMX,Houghton County Memorial Airport,Hancock,US,47.16840,-88.48910,334,America/Detroit
CNB,YCNM,Coonamble Airport,,AU,-30.98095,148.37783,184,Australia/Sydney
CND,LRCK,Mihail Kogălniceanu International Airport,Constanța,RO,44.36220,28.48830,108,Europe/Bucharest
CNF,SBCF,Tancredo Neves International Airport,Belo Horizonte,BR,-19.63571,-43.96693,829,America/Sao_Paulo
CNJ,YCCY,Cloncurry Airport,Cloncurry,AU,-20.66860,140.50400,188,Australia/Brisbane
CNM,KCNM,Cavern City Air Terminal,Carlsbad,US,32.33750,-104.26300,1004,America/Denver
CNN,VOKN,Kannur International Airport,Kannur,IN,11.91634,75.54498,101,Asia/Kolkata
CNP,BGCO,Neerlerit Inaat Airport,Neerlerit Inaat,GL,70.74310,-22.65050,14,America/Scoresbysund
CNQ,SARC,Corrientes Airport,Corrientes,AR,-27.44550,-58.76190,62,America/Argentina/Cordoba
CNS,YBCS,Cairns International Airport,Cairns,AU,-16.87892,145.74948,3,Australia/Brisbane
CNX,VTCC,Chiang Mai International Airport,Chiang Mai,TH,18.76680,98.96260,316,Asia/Bangkok
CNY,KCNY,Canyonlands Regional Airport,Moab,US,38.75500,-109.75500,1389,America/Denver
COD,KCOD,Yellowstone Regional Airport,Cody,US,44.52020,-109.02400,1555,America/Denver
COK,VOCI,Cochin International Airport,Kochi,IN,10.15105,76.40084,9,Asia/Kolkata
COO,DBBB,Cotonou Cadjehoun International Airport,Cotonou,BJ,6.35723,2.38435,6,Africa/Porto-Novo
COQ,ZMCD,Choibalsan Airport,,MN,48.13538,114.64723,749,Asia/Ulaanbaatar
COR,SACO,Ingeniero Aeronáutico Ambrosio L.V. Taravella International Airport,Cordoba,AR,-31.31235,-64.20833,489,America/Argentina/Cordoba
COS,KCOS,City of Colorado Springs Municipal Airport,Colorado Springs,US,38.80580,-104.70100,1886,America/Denver
COU,KCOU,Columbia Regional Airport,Columbia,US,38.81810,-92.21960,271,America/Chicago
COV,LTDB,Çukurova International Airport,Tarsus,TR,36.89148,35.07124,11,Europe/Istanbul
CPC,SAZY,Aviador C. Campos Airport,Chapelco/San Martin de los Andes,AR,-40.07540,-71.13730,783,America/Argentina/Salta
CPD,YCBP,Coober Pedy Airport,Coober Pedy,AU,-29.03831,134.72217,226,Australia/Adelaide
CPE,MMCP,Ingeniero Alberto Acuña Ongay International Airport,Campeche,MX,19.81597,-90.50012,10,America/Merida
CPH,EKCH,Copenhagen Kastrup Airport,Copenhagen,DK,55.61790,12.65600,5,Europe/Copenhagen
CPO,SCAT,Desierto de Atacama Airport,Copiapo,CL,-27.26120,-70.77920,204,America/Santiago
CPR,KCPR,Casper-Natrona County International Airport,Casper,US,42.90738,-106.46161,1631,America/Denver
CPT,FACT,Cape Town International Airport,Cape Town,ZA,-33.97403,18.60433,46,Africa/Johannesburg
CPV,SBKG,Presidente João Suassuna Airport,Campina Grande,BR,-7.26966,-35.89606,502,America/Fortaleza
CPX,TJCP,Benjamin Rivera Noriega Airport,Culebra,PR,18.31295,-65.30389,15,America/Puerto_Rico
CQW,ZUWL,Chongqing Xiannüshan Airport,Wulong,CN,29.46566,107.69366,532,Asia/Shanghai
CRA,LRCV,Craiova International Airport,Craiova,RO,44.31810,23.88860,191,Europe/Bucharest
CRD,SAVC,General Enrique Mosconi International Airport,Comodoro Rivadavia,AR,-45.78694,-67.46336,58,America/Argentina/Catamarca
CRI,MYCI,Colonel Hill Airport,Colonel Hill,BS,22.74560,-74.18240,2,America/Nassau
CRK,RPLC,Clark International Airport / Clark Air Base,Mabalacat,PH,15.18600,120.56000,148,Asia/Manila
CRL,EBCI,Brussels South Charleroi Airport,Charleroi,BE,50.46196,4.45956,187,Europe/Brussels
CRM,RPVF,Catarman National Airport,Catarman,PH,12.50161,124.63526,2,Asia/Manila
CRP,KCRP,Corpus Christi International Airport,Corpus Christi,US,27.77040,-97.50120,13,America/Chicago
CRV,LIBC,Crotone Sant'Anna Pythagoras Airport,Isola di Capo Rizzuto (KR),IT,38.99720,17.08020,159,Europe/Rome
CRW,KCRW,Yeager Airport,Charleston,US,38.37310,-81.59320,299,America/New_York
CRZ,UTAV,Türkmenabat International Airport,Türkmenabat,TM,38.93066,63.56398,198,Asia/Ashgabat
CSG,KCSG,Columbus Airport,Columbus,US,32.51642,-84.93960,121,America/New_York
CSK,GOGS,Cap Skirring Airport,Cap Skirring,SN,12.39533,-16.74800,16,Africa/Dakar
CSW,MMSL,Cabo San Lucas International Airport,Cabo San Lucas,MX,22.94907,-109.93948,140,America/Mazatlan
CSX,ZGHA,Changsha Huanghua International Airport,Changsha (Changsha),CN,28.18920,113.22000,66,Asia/Shanghai
CSY,UWKS,Cheboksary Airport,Cheboksary,RU,56.09030,47.34730,170,Europe/Moscow
CTA,LICC,Catania-Fontanarossa Airport,Catania,IT,37.46680,15.06640,12,Europe/Rome
CTC,SANC,Coronel Felipe Varela International Airport,Catamarca,AR,-28.59312,-65.75120,464,America/Argentina/Catamarca
CTD,MPCE,Alonso Valderrama Airport,Chitré,PA,7.98784,-80.40984,10,America/Panama
CTG,SKCG,Rafael Nuñez International Airport,Cartagena,CO,10.44240,-75.51300,1,America/Bogota
CTL,YBCV,Charleville Airport,Charleville,AU,-26.41330,146.26199,306,Australia/Brisbane
CTM,MMCM,Chetumal International Airport,Chetumal,MX,18.50499,-88.32802,12,America/Cancun
CTN,YCKN,Cooktown Airport,,AU,-15.44365,145.18322,8,Australia/Brisbane
CTS,RJCC,New Chitose Airport,Sapporo,JP,42.77475,141.69041,25,Asia/Tokyo
CTU,ZUUU,Chengdu Shuangliu International Airport,Chengdu (Shuangliu),CN,30.55826,103.94597,495,Asia/Shanghai
CUC,SKCC,Camilo Daza International Airport,Cúcuta,CO,7.92757,-72.51150,334,America/Bogota
CUE,SECU,Mariscal Lamar Airport,Cuenca,EC,-2.88947,-78.98440,2532,America/Guayaquil
CUF,LIMZ,Cuneo International Airport,Levaldigi (CN),IT,44.54746,7.62305,386,Europe/Rome
CUK,MZCK,Caye Caulker Airport,Caye Caulker,BZ,17.73502,-88.03286,1,America/Belize
CUL,MMCL,Bachigualato Federal International Airport,Culiacán,MX,24.76504,-107.47523,33,America/Mazatlan
CUM,SVCU,Antonio José de Sucre Airport,Cumaná,VE,10.45033,-64.13047,4,America/Caracas
CUN,MMUN,Cancún International Airport,Cancún,MX,21.04082,-86.87347,7,America/Cancun
CUP,SVCP,General Francisco Bermúdez Airport,Carúpano,VE,10.66001,-63.26168,10,America/Caracas
CUQ,YCOE,Coen Airport,Coen,AU,-13.76113,143.11331,162,Australia/Brisbane
CUR,TNCC,Hato International Airport,Willemstad,CW,12.18890,-68.95980,9,America/Curacao
CUU,MMCU,General Roberto Fierro Villalobos International Airport,Chihuahua,MX,28.70265,-105.96376,1360,America/Chihuahua
CUZ,SPZO,Alejandro Velasco Astete International Airport,Cusco,PE,-13.53570,-71.93880,3310,America/Lima
CVG,KCVG,Cincinnati Northern Kentucky International Airport,Cincinnati / Covington,US,39.04880,-84.66780,273,America/New_York
CVM,MMCV,General Pedro Jose Mendez International Airport,Ciudad Victoria,MX,23.70330,-98.95650,232,America/Monterrey
CVN,KCVN,Clovis Municipal Airport,Clovis,US,34.42659,-103.07879,1285,America/Denver
CVQ,YCAR,Carnarvon Airport,Carnarvon,AU,-24.88434,113.66639,4,Australia/Perth
CWA,KCWA,Central Wisconsin Airport,Mosinee,US,44.77745,-89.67024,389,America/Chicago
CWB,SBCT,Curitiba-Afonso Pena International Airport,Curitiba,BR,-25.52850,-49.17580,911,America/Sao_Paulo
CWJ,ZPCW,Cangyuan Washan Airport,Lincang (Cangyuan),CN,23.27633,99.37317,0,Asia/Shanghai
CWL,EGFF,Cardiff International Airport,Cardiff,GB,51.39670,-3.34333,67,Europe/London
CXB,VGCB,Cox's Bazar Airport,Cox's Bazar,BD,21.45752,91.96326,4,Asia/Dhaka
CXI,PLCH,Cassidy International Airport,Kiritimati,KI,1.98628,-157.35001,2,Pacific/Kiritimati
CXJ,SBCX,Hugo Cantergiani Regional Airport,Caxias Do Sul,BR,-29.19718,-51.18765,753,America/Sao_Paulo
CXP,WAHL,Tunggul Wulung Airport,Cilacap,ID,-7.64506,109.03400,21,Asia/Jakarta
CXR,VVCR,Cam Ranh International Airport / Cam Ranh Air Base,Nha Trang/nha Trang aiurportCam Ranh,VN,11.99820,109.21900,12,Asia/Ho_Chi_Minh
CYA,MTCA,Antoine-Simon International Airport,Les Cayes,HT,18.27110,-73.78830,62,America/Port-au-Prince
CYB,MWCB,Charles Kirkconnell International Airport,West End,KY,19.68700,-79.88280,2,America/Cayman
CYC,MZCP,Caye Chapel Airport,Caye Chapel,BZ,17.68379,-88.04498,1,America/Belize
CYI,RCKU,Chiayi Airport,Shuishang,TW,23.46258,120.39054,26,Asia/Taipei
CYO,MUCL,Vilo Acuña International Airport,Cayo Largo del Sur,CU,21.61650,-81.54600,3,America/Havana
CYP,RPVC,Calbayog Airport,Calbayog City,PH,12.07257,124.54508,4,Asia/Manila
CYS,KCYS,Cheyenne Regional Jerry Olson Field,Cheyenne,US,41.15570,-104.81200,1877,America/Denver
CYX,UESS,Cherskiy Airport,Cherskiy,RU,68.74060,161.33800,6,Asia/Srednekolymsk
CYZ,RPUY,Cauayan Airport,Cauayan City,PH,16.92990,121.75300,61,Asia/Manila
CZE,SVCR,José Leonardo Chirinos Airport,Coro,VE,11.41494,-69.68090,16,America/Caracas
CZH,MZCZ,Corozal Airport,Corozal,BZ,18.38220,-88.41190,12,America/Belize
CZL,DABC,Mohamed Boudiaf International Airport,Constantine,DZ,36.27600,6.62039,690,Africa/Algiers
CZM,MMCZ,Cozumel International Airport,Cozumel,MX,20.51492,-86.92854,5,America/Cancun
CZS,SBCZ,Cruzeiro do Sul Airport,Cruzeiro Do Sul,BR,-7.59991,-72.76950,194,America/Rio_Branco
CZU,SKCZ,Las Brujas Airport,Corozal,CO,9.33274,-75.28560,161,America/Bogota
CZX,ZSCG,Changzhou Benniu International Airport,Changzhou,CN,31.92048,119.77546,10,Asia/Shanghai
DAB,KDAB,Daytona Beach International Airport,Daytona Beach,US,29.18255,-81.05946,10,America/New_York
DAC,VGHS,Hazrat Shahjalal International Airport,Dhaka,BD,23.84335,90.39778,9,Asia/Dhaka
DAD,VVDN,Da Nang International Airport,Da Nang,VN,16.04390,108.19900,10,Asia/Ho_Chi_Minh
DAL,KDAL,Dallas Love Field,Dallas,US,32.84478,-96.84765,148,America/Chicago
DAM,OSDI,Damascus International Airport,Damascus,SY,33.41150,36.51560,616,Asia/Damascus
DAR,HTDA,Julius Nyerere International Airport,Dar es Salaam,TZ,-6.87350,39.20729,55,Africa/Dar_es_Salaam
DAT,ZBDT,Datong Yungang International Airport,Datong,CN,40.06139,113.48051,1049,Asia/Shanghai
DAU,AYDU,Daru Airport,Daru,PG,-9.08676,143.20799,6,Pacific/Port_Moresby
DAV,MPDA,Enrique Malek International Airport,David,PA,8.38898,-82.43642,27,America/Panama
DAY,KDAY,James M. Cox Dayton International Airport,Dayton,US,39.90240,-84.21940,308,America/New_York
DBB,HEAL,El Alamein International Airport,El Alamein,EG,30.92432,28.46161,47,Africa/Cairo
DBC,ZYBA,Baicheng Chang'an Airport,Baicheng,CN,45.50528,123.01972,146,Asia/Shanghai
DBO,YSDU,Dubbo City Regional Airport,Dubbo,AU,-32.21670,148.57500,285,Australia/Sydney
DBQ,KDBQ,Dubuque Regional Airport,Dubuque,US,42.40200,-90.70950,328,America/Chicago
DBR,VEDH,Darbhanga Airport,Darbhanga,IN,26.19280,85.91690,48,Asia/Kolkata
DBV,LDDU,Dubrovnik Ruđer Bošković Airport,Dubrovnik,HR,42.56225,18.26554,161,Europe/Zagreb
DCA,KDCA,Ronald Reagan Washington National Airport,Washington,US,38.85210,-77.03770,5,America/New_York
DCF,TDCF,Canefield Airport,Canefield,DM,15.33669,-61.39211,4,America/Dominica
DCM,LFCK,Castres Mazamet Airport,Castres,FR,43.55630,2.28918,240,Europe/Paris
DCY,ZUDC,Daocheng Yading Airport,Garzê (Daocheng),CN,29.31632,100.06032,4411,Asia/Shanghai
DDC,KDDC,Dodge City Regional Airport,Dodge City,US,37.76340,-99.96560,791,America/Chicago
DDG,ZYDD,Dandong Langtou International Airport,Dandong (Zhenxing),CN,40.02545,124.28669,9,Asia/Shanghai
DDR,ZUDR,Shigatse Tingri Airport,Xigazê (Dingri),CN,28.60457,86.79800,4300,Asia/Shanghai
DEA,OPDG,Dera Ghazi Khan Airport,Dera Ghazi Khan,PK,29.96100,70.48590,150,Asia/Karachi
DEB,LHDC,Debrecen International Airport,Debrecen,HU,47.48947,21.61628,109,Europe/Budapest
DEC,KDEC,Decatur Airport,Decatur,US,39.83460,-88.86570,208,America/Chicago
DED,VIDN,Dehradun Jolly Grant Airport,Dehradun (Jauligrant),IN,30.18924,78.17665,558,Asia/Kolkata
DEF,OIAD,Dezful Airport,Dezful,IR,32.43440,48.39760,144,Asia/Tehran
DEL,VIDP,Indira Gandhi International Airport,New Delhi,IN,28.55563,77.09519,237,Asia/Kolkata
DEN,KDEN,Denver International Airport,Denver,US,39.86003,-104.67379,1655,America/Denver
DFW,KDFW,Dallas Fort Worth International Airport,Dallas-Fort Worth,US,32.89680,-97.03800,185,America/Chicago
DGA,MZPB,Dangriga Airport,Dangriga,BZ,16.98251,-88.23099,3,America/Belize
DGO,MMDO,General Guadalupe Victoria International Airport,Durango,MX,24.12547,-104.52794,1860,America/Monterrey
DGT,RPVD,Sibulan Airport,Dumaguete City,PH,9.33418,123.30191,5,Asia/Manila
DHM,VIGG,Kangra Airport,Kangra,IN,32.16490,76.26302,770,Asia/Kolkata
DHN,KDHN,Dothan Regional Airport,Dothan,US,31.32130,-85.44960,122,America/Chicago
DHX,WARD,Dhoho International Airport,Kediri,ID,-7.74953,111.94683,116,Asia/Jakarta
DIA,OTBD,Doha International Airport,Doha,QA,25.25943,51.56553,11,Asia/Qatar
DIB,VEMN,Dibrugarh Airport,Dibrugarh,IN,27.48390,95.01690,110,Asia/Kolkata
DIE,FMNA,Arrachart Airport,Antisiranana,MG,-12.34940,49.29170,114,Indian/Antananarivo
DIG,ZPDQ,Diqing Shangri-La Airport,Diqing (Shangri-La),CN,27.79360,99.67720,3280,Asia/Shanghai
DIK,KDIK,Dickinson Theodore Roosevelt Regional Airport,Dickinson,US,46.79753,-102.80191,790,America/Denver
DIL,WPDL,Presidente Nicolau Lobato International Airport,Dili,TL,-8.54656,125.52451,47,Asia/Dili
DIN,VVDB,Dien Bien Phu Airport,Dien Bien Phu,VN,21.39750,103.00800,491,Asia/Bangkok
DIR,HADR,Aba Tenna Dejazmach Yilma International Airport,Dire Dawa,ET,9.62355,41.85503,1166,Africa/Addis_Ababa
DIY,LTCC,Diyarbakır Airport,Diyarbakır,TR,37.89390,40.20100,686,Europe/Istanbul
DJE,DTTJ,Djerba Zarzis International Airport,Mellita,TN,33.87372,10.77730,6,Africa/Tunis
DJG,DAAJ,Tiska Djanet Airport,Djanet,DZ,24.28545,9.46365,968,Africa/Algiers
DJJ,WAJJ,Dortheys Hiyo Eluay International Airport,Sentani,ID,-2.57963,140.51986,88,Asia/Jayapura
DJT,KDJT,President Donald J. Trump International Airport,West Palm Beach,US,26.68320,-80.09560,6,America/New_York
DKA,DNKT,Umaru Musa Yar'adua Airport,Katsina,NG,13.00780,7.66045,506,Africa/Lagos
DLA,FKKD,Douala International Airport,Douala,CM,4.00608,9.71948,10,Africa/Douala
DLC,ZYTL,Dalian Zhoushuizi International Airport,Dalian (Ganjingzi),CN,38.96572,121.53848,33,Asia/Shanghai
DLE,LFGJ,Dole Tavaux Airport,Dole,FR,47.03896,5.42759,197,Europe/Paris
DLG,PADL,Dillingham Airport,Dillingham,US,59.04470,-158.50500,25,America/Anchorage
DLH,KDLH,Duluth International Airport,Duluth,US,46.84187,-92.19875,435,America/Chicago
DLI,VVDL,Lien Khuong Airport,Da Lat,VN,11.75056,108.36700,962,Asia/Ho_Chi_Minh
DLM,LTBS,Dalaman International Airport,Dalaman,TR,36.71310,28.79250,6,Europe/Istanbul
DLU,ZPDL,Dali Fengyi Airport,Dali (Xiaguan),CN,25.64940,100.31900,2149,Asia/Shanghai
DLZ,ZMDZ,Dalanzadgad Airport,Dalanzadgad,MN,43.60863,104.36773,1459,Asia/Ulaanbaatar
DMB,UADD,Taraz International Airport,Taraz,KZ,42.85360,71.30360,666,Asia/Almaty
DME,UUDD,Domodedovo International Airport,Moscow,RU,55.40880,37.90630,179,Europe/Moscow
DMK,VTBD,Don Mueang International Airport,Bangkok,TH,13.91260,100.60700,3,Asia/Bangkok
DMM,OEDF,King Fahd International Airport,Ad Dammam,SA,26.46910,49.79821,22,Asia/Riyadh
DMU,VEMR,Dimapur Airport,Dimapur,IN,25.88390,93.77110,148,Asia/Kolkata
DND,EGPN,Dundee Airport,Dundee,GB,56.45250,-3.02583,5,Europe/London
DNH,ZLDH,Dunhuang Mogao International Airport,Dunhuang,CN,40.16195,94.81283,0,Asia/Shanghai
DNZ,LTAY,Çardak Airport,Denizli,TR,37.78560,29.70130,852,Europe/Istanbul
DOD,HTDO,Dodoma Airport,Dodoma,TZ,-6.17056,35.75604,1120,Africa/Dar_es_Salaam
DOG,HSDN,Dongola Airport,Dongola,SD,19.15367,30.43007,235,Africa/Khartoum
DOH,OTHH,Hamad International Airport,Doha,QA,25.27306,51.60806,4,Asia/Qatar
DOL,LFRG,Deauville Normandie airport,Deauville,FR,49.36524,0.15448,146,Europe/Paris
DOM,TDPD,Douglas-Charles Airport,Marigot,DM,15.54667,-61.30108,22,America/Dominica
DOV,KDOV,Dover Civil Air Terminal/Dover Air Force Base,Dover,US,39.12950,-75.46600,7,America/New_York
DOY,ZSDY,Dongying Shengli Airport,Dongying (Kenli),CN,37.50137,118.78986,5,Asia/Shanghai
DPL,RPMG,Dipolog Airport,Dipolog,PH,8.60198,123.34188,4,Asia/Manila
DPO,YDPO,Devonport Airport,Devonport,AU,-41.16970,146.42999,10,Australia/Hobart
DPS,WADD,Denpasar I Gusti Ngurah Rai International Airport,"Kuta, Badung",ID,-8.74841,115.16712,4,Asia/Makassar
DQM,OODQ,Duqm International Airport,Duqm,OM,19.50194,57.63417,111,Asia/Muscat
DRG,PADE,Deering Airport,Deering,US,66.06890,-162.76691,6,America/Nome
DRO,KDRO,Durango La Plata County Airport,Durango,US,37.15150,-107.75400,2038,America/Denver
DRP,RPLK,Bicol International Airport,Legazpi,PH,13.11191,123.67683,97,Asia/Manila
DRS,EDDC,Dresden Airport,Dresden,DE,51.13412,13.76783,230,Europe/Berlin
DRW,YPDN,Darwin International Airport / RAAF Darwin,Darwin,AU,-12.41497,130.88185,31,Australia/Darwin
DSI,KDTS,Destin Executive Airport,Destin,US,30.40010,-86.47150,7,America/Chicago
DSM,KDSM,Des Moines International Airport,Des Moines,US,41.53403,-93.65672,292,America/Chicago
DSN,ZBDS,Ordos Ejin Horo International Airport,Ordos,CN,39.49351,109.85990,1389,Asia/Shanghai
DSO,ZKSD,Sondok Airport,Sŏndŏng-ni,KP,39.74520,127.47400,4,Asia/Pyongyang
DSS,GOBD,Blaise Diagne International Airport,Dakar,SN,14.67088,-17.07283,88,Africa/Dakar
DSY,VDDS,Dara Sakor International Airport,Ta Noun,KH,10.91424,103.22665,18,Asia/Phnom_Penh
DTM,EDLW,Dortmund Airport,Dortmund,DE,51.51830,7.61224,130,Europe/Berlin
DTU,ZYDU,Wudalianchi Dedu Airport,Heihe,CN,48.44104,126.12837,300,Asia/Shanghai
DTW,KDTW,Detroit Metropolitan Wayne County Airport,Detroit,US,42.21377,-83.35379,197,America/Detroit
DUB,EIDW,Dublin Airport,Dublin,IE,53.42871,-6.26212,74,Europe/Dublin
DUD,NZDN,Dunedin International Airport,Dunedin,NZ,-45.92902,170.19776,1,Pacific/Auckland
DUE,FNDU,Dundo Airport,Chitato,AO,-7.40089,20.81850,747,Africa/Luanda
DUJ,KDUJ,DuBois Regional Airport,Dubois,US,41.17830,-78.89870,554,America/New_York
DUM,WIBD,Pinang Kampai Airport,Dumai,ID,1.60903,101.43349,17,Asia/Jakarta
DUR,FALE,King Shaka International Airport,Durban,ZA,-29.61444,31.11972,90,Africa/Johannesburg
DUS,EDDL,Düsseldorf Airport,Düsseldorf,DE,51.28950,6.76678,45,Europe/Berlin
DUT,PADU,Tom Madsen (Dutch Harbor) Airport,Unalaska,US,53.89881,-166.54500,7,America/Nome
DVL,KDVL,Devils Lake Regional Airport,Devils Lake,US,48.11545,-98.90880,444,America/Chicago
DVO,RPMD,Francisco Bangoy International Airport,Davao,PH,7.12552,125.64600,29,Asia/Manila
DWC,OMDW,Al Maktoum International Airport,Dubai(Jebel Ali),AE,24.89617,55.16235,35,Asia/Dubai
DWD,OEDM,Dawadmi Domestic Airport,Dawadmi,SA,24.44990,44.12120,922,Asia/Riyadh
DXB,OMDB,Dubai International Airport,Dubai,AE,25.24979,55.37099,19,Asia/Dubai
DXN,VIND,Noida International Airport,Gautam Buddha Nagar,IN,28.17987,77.61184,196,Asia/Kolkata
DYG,ZGDY,Zhangjiajie Hehua International Airport,Zhangjiajie (Yongding),CN,29.10475,110.44279,2600,Asia/Shanghai
DYR,UHMA,Ugolny Yuri Ryktheu Airport,Anadyr,RU,64.73490,177.74100,59,Asia/Anadyr
DYU,UTDD,Dushanbe International Airport,Dushanbe,TJ,38.54375,68.82298,785,Asia/Dushanbe
DZA,FMCZ,Dzaoudzi Pamandzi International Airport,Dzaoudzi,YT,-12.80932,45.28182,7,Indian/Mayotte
DZH,ZUDA,Dazhou Jinya Airport,Dazhou (Dachuan),CN,31.04882,107.43565,409,Asia/Shanghai
DZN,UAKD,Zhezkazgan National Airport,Zhezkazgan,KZ,47.70895,67.73809,381,Asia/Almaty
EAM,OENG,Najran Domestic Airport,Najran,SA,17.61140,44.41920,1214,Asia/Riyadh
EAR,KEAR,Kearney Regional Airport,Kearney,US,40.72700,-99.00680,650,America/Chicago
EAS,LESO,San Sebastián Airport,Hondarribia,ES,43.35650,-1.79061,5,Europe/Madrid
EAT,KEAT,Pangborn Memorial Airport,Wenatchee,US,47.39890,-120.20700,381,America/Los_Angeles
EAU,KEAU,Chippewa Valley Regional Airport,Eau Claire,US,44.86580,-91.48430,278,America/Chicago
EBA,LIRJ,Marina di Campo Airport,Campo nell'Elba (LI),IT,42.76087,10.23981,9,Europe/Rome
EBB,HUEN,Entebbe International Airport,Entebbe,UG,0.04239,32.44350,1153,Africa/Kampala
EBD,HSOB,El-Obeid Airport,El-Obeid,SD,13.15320,30.23270,587,Africa/Khartoum
EBJ,EKEB,Esbjerg Airport,Esbjerg,DK,55.52590,8.55340,30,Europe/Copenhagen
EBL,ORER,Erbil International Airport,Arbil,IQ,36.23605,43.94662,409,Asia/Baghdad
ECN,LCEN,Ercan International Airport,Tymbou (Kirklar),CY,35.15306,33.50735,123,Asia/Famagusta
ECP,KECP,Northwest Florida Beaches International Airport,Panama City Beach,US,30.35711,-85.79541,21,America/Chicago
EDI,EGPH,Edinburgh Airport,"Ingliston, Edinburgh",GB,55.95014,-3.37229,41,Europe/London
EDL,HKEL,Eldoret International Airport,Eldoret,KE,0.40446,35.23890,2116,Africa/Nairobi
EDO,LTFD,Balıkesir Koca Seyit Airport,Edremit,TR,39.55253,27.01019,15,Europe/Istanbul
EFL,LGKF,Kefallinia Airport,Kefallinia Island,GR,38.12010,20.50050,18,Europe/Athens
EGC,LFBE,Bergerac Dordogne-Périgord airport,Bergerac,FR,44.82530,0.51861,52,Europe/Paris
EGE,KEGE,Eagle County Regional Airport,Eagle,US,39.64260,-106.91800,1996,America/Denver
EGS,BIEG,Egilsstaðir Airport,Egilsstaðir,IS,65.28330,-14.40140,23,Atlantic/Reykjavik
EGX,PAII,Egegik Airport,Egegik,US,58.18439,-157.37487,28,America/Anchorage
EHU,ZHEC,Ezhou Huahu International Airport,Ezhou,CN,30.34118,115.03926,26,Asia/Shanghai
EIE,UNII,Yeniseysk Airport,Yeniseysk,RU,58.47420,92.11250,77,Asia/Krasnoyarsk
EIN,EHEH,Eindhoven Airport,Eindhoven,NL,51.45010,5.37453,23,Europe/Amsterdam
EIS,TUPJ,Terrance B. Lettsome International Airport,Beef Island,VG,18.44549,-64.54171,5,America/Tortola
EJA,SKEJ,Yariguíes Airport,Barrancabermeja,CO,7.02433,-73.80680,126,America/Bogota
EJH,OEWJ,Al Wajh Domestic Airport,Al Wajh,SA,26.19860,36.47640,20,Asia/Riyadh
EKO,KEKO,Elko Regional Airport,Elko,US,40.82490,-115.79200,1567,America/Los_Angeles
ELC,YELD,Elcho Island Airport,Elcho Island,AU,-12.01940,135.57100,31,Australia/Darwin
ELD,KELD,South Arkansas Regional Airport at Goodwin Field,El Dorado,US,33.22100,-92.81330,84,America/Chicago
ELF,HSFS,El Fasher Airport,El Fasher,SD,13.61490,25.32460,729,Africa/Khartoum
ELG,DAUE,El Golea Airport,El Menia,DZ,30.58073,2.86159,398,Africa/Algiers
ELH,MYEH,North Eleuthera Airport,North Eleuthera,BS,25.47582,-76.68078,4,America/Nassau
ELM,KELM,Elmira Corning Regional Airport,Elmira/Corning,US,42.15990,-76.89160,291,America/New_York
ELP,KELP,El Paso International Airport,El Paso,US,31.80991,-106.37561,1207,America/Denver
ELQ,OEGS,Prince Naif bin Abdulaziz International Airport,Qassim,SA,26.30280,43.77440,648,Asia/Riyadh
ELS,FAEL,King Phalo Airport,East London,ZA,-33.03560,27.82590,133,Africa/Johannesburg
ELU,DAUO,Guemar Airport - مطار قمار بالوادي,Guemar,DZ,33.51140,6.77679,62,Africa/Algiers
EMA,EGNX,East Midlands Airport,"Nottingham, Leicestershire",GB,52.83110,-1.32806,93,Europe/London
EMD,YEML,Emerald Airport,Emerald,AU,-23.56750,148.17900,190,Australia/Brisbane
EMK,PAEM,Emmonak Airport,Emmonak,US,62.78610,-164.49100,4,America/Nome
ENA,PAEN,Kenai Municipal Airport,Kenai,US,60.57095,-151.24517,30,America/Anchorage
ENF,EFET,Enontekio Airport,Enontekio,FI,68.36260,23.42430,306,Europe/Helsinki
ENH,ZHES,Enshi Xujiaping Airport,Enshi (Enshi),CN,30.32030,109.48500,489,Asia/Shanghai
ENO,SGEN,Teniente Ramon A. Ayub Gonzalez International Airport,Encarnación,PY,-27.22754,-55.83758,201,America/Asuncion
ENU,DNEN,Akanu Ibiam International Airport,Enegu,NG,6.47372,7.56046,142,Africa/Lagos
ENY,ZLYA,Yan'an Nanniwan Airport,Yan'an (Baota),CN,36.47941,109.46408,0,Asia/Shanghai
EOH,SKMD,Enrique Olaya Herrera Airport,Medellín,CO,6.21969,-75.59060,1508,America/Bogota
EOI,EGED,Eday Airport,Eday,GB,59.19060,-2.77222,3,Europe/London
EPR,YESP,Esperance Airport,Esperance,AU,-33.68440,121.82300,143,Australia/Perth
EPU,EEPU,Pärnu Airport,Pärnu,EE,58.41900,24.47280,14,Europe/Tallinn
EQS,SAVE,Esquel Brigadier Antonio Parodi International Airport,Esquel,AR,-42.90800,-71.13950,799,America/Argentina/Catamarca
ERC,LTCD,Erzincan Airport,Erzincan,TR,39.71020,39.52700,1153,Europe/Istanbul
ERF,EDDE,Erfurt-Weimar Airport,Erfurt,DE,50.97828,10.96071,316,Europe/Berlin
ERH,GMFK,Moulay Ali Cherif Airport,Errachidia,MA,31.94750,-4.39833,1045,Africa/Casablanca
ERI,KERI,Erie International Tom Ridge Field,Erie,US,42.08313,-80.17387,223,America/New_York
ERL,ZBER,Erenhot Saiwusu International Airport,Erenhot,CN,43.42408,112.09108,1006,Asia/Shanghai
ERS,FYWE,Eros Airport,Windhoek,NA,-22.60492,17.07900,1699,Africa/Windhoek
ERZ,LTCE,Erzurum International Airport,Erzurum,TR,39.95650,41.17020,1757,Europe/Istanbul
ESB,LTAC,Esenboğa International Airport,Ankara,TR,40.12810,32.99510,952,Europe/Istanbul
ESC,KESC,Delta County Airport,Escanaba,US,45.72320,-87.08862,186,America/Detroit
ESD,KORS,Orcas Island Airport,Eastsound,US,48.70820,-122.91000,9,America/Los_Angeles
ESL,URWI,Elista Airport,Elista,RU,46.37390,44.33090,153,Europe/Moscow
ESM,SETN,Carlos Concha Torres International Airport,Tachina,EC,0.97852,-79.62660,10,America/Guayaquil
ESR,SCES,Ricardo García Posada Airport,El Salvador,CL,-26.31110,-69.76520,1597,America/Santiago
ESU,GMMI,Essaouira-Mogador Airport,Essaouira,MA,31.39750,-9.68167,117,Africa/Casablanca
ETM,LLER,Ramon International Airport,Eilat,IL,29.72701,35.01412,88,Asia/Jerusalem
ETR,SERO,Santa Rosa - Artillery Colonel Victor Larrea International Airport,Santa Rosa,EC,-3.44199,-79.99696,6,America/Guayaquil
ETZ,LFJL,Metz-Nancy-Lorraine Airport,Goin,FR,48.98210,6.25132,265,Europe/Paris
EUG,KEUG,Eugene Airport,Eugene,US,44.12460,-123.21200,114,America/Los_Angeles
EUN,GMML,Laayoune Hassan I International Airport,El Aaiún,EH,27.14247,-13.22495,63,Africa/El_Aaiun
EUX,TNCE,F. D. Roosevelt Airport,Oranjestad,BQ,17.49650,-62.97940,39,America/Kralendijk
EVE,ENEV,Harstad/Narvik Airport,Evenes,NO,68.49130,16.67810,26,Europe/Oslo
EVN,UDYZ,Zvartnots International Airport,Yerevan,AM,40.14894,44.39789,865,Asia/Yerevan
EVV,KEVV,Evansville Regional Airport,Evansville,US,38.03700,-87.53240,127,America/Chicago
EWB,KEWB,New Bedford Regional Airport,New Bedford,US,41.67610,-70.95690,24,America/New_York
EWN,KEWN,Coastal Carolina Regional Airport,New Bern,US,35.07300,-77.04290,5,America/New_York
EWR,KEWR,Newark Liberty International Airport,Newark,US,40.68940,-74.17055,5,America/New_York
EXT,EGTE,Exeter International Airport,"Exeter, Devon",GB,50.73426,-3.41398,31,Europe/London
EYK,USHQ,Beloyarskiy Airport,,RU,63.68690,66.69860,25,Asia/Yekaterinburg
EYP,SKYP,El Alcaravan - Yopal Airport,Yopal,CO,5.31911,-72.38400,313,America/Bogota
EYW,KEYW,Key West International Airport,Key West,US,24.55612,-81.75958,1,America/New_York
EZE,SAEZ,Ezeiza International Airport - Ministro Pistarini,Buenos Aires (Ezeiza),AR,-34.82220,-58.53580,20,America/Argentina/Buenos_Aires
EZS,LTCA,Elazığ Airport,Elazığ,TR,38.59797,39.28348,892,Europe/Istanbul
FAE,EKVG,Vágar Airport,Vágar,FO,62.06326,-7.27578,85,Atlantic/Faroe
FAI,PAFA,Fairbanks International Airport,Fairbanks,US,64.81510,-147.85600,134,America/Anchorage
FAO,LPFR,Faro - Gago Coutinho International Airport,Faro,PT,37.01591,-7.97094,7,Europe/Lisbon
FAR,KFAR,Hector International Airport,Fargo,US,46.92070,-96.81580,275,America/Chicago
FAT,KFAT,Fresno Yosemite International Airport,Fresno,US,36.77577,-119.71802,102,America/Los_Angeles
FAV,NTGF,Fakarava Airport,,PF,-16.05410,-145.65700,4,Pacific/Tahiti
FAY,KFAY,Fayetteville Regional Airport - Grannis Field,Fayetteville,US,34.99120,-78.88030,58,America/New_York
FBM,FZQA,Lubumbashi International Airport,Lubumbashi,CD,-11.59149,27.53075,1309,Africa/Lubumbashi
FCA,KGPI,Glacier Park International Airport,Kalispell,US,48.31050,-114.25600,907,America/Denver
FCN,ETMN,Sea-Airport Cuxhaven/Nordholz / Nordholz Naval Airbase,Wurster Nordseeküste,DE,53.76769,8.65920,23,Europe/Berlin
FCO,LIRF,Rome–Fiumicino Leonardo da Vinci International Airport,Rome,IT,41.80453,12.25200,4,Europe/Rome
FDF,TFFF,Martinique Aimé Césaire International Airport,Fort-de-France,MQ,14.59100,-61.00320,5,America/Martinique
FDH,EDNY,Bodensee Airport Friedrichshafen,Friedrichshafen,DE,47.67130,9.51149,417,Europe/Berlin
FDU,FZBO,Bandundu Airport,Bandundu,CD,-3.31132,17.38170,324,Africa/Kinshasa
FEG,UZFF,Fergana International Airport,Fergana,UZ,40.35880,71.74500,604,Asia/Tashkent
FEN,SBFN,Fernando de Noronha Airport,Fernando de Noronha,BR,-3.85453,-32.42302,59,America/Noronha
FEZ,GMFF,Fes Saïss International Airport,Saïss,MA,33.92730,-4.97796,579,Africa/Casablanca
FGU,NTGB,Fangatau Airport,Fangatau,PF,-15.82004,-140.88807,3,Pacific/Tahiti
FIH,FZAA,Ndjili International Airport,Kinshasa,CD,-4.38575,15.44460,313,Africa/Kinshasa
FIZ,YFTZ,Fitzroy Crossing Airport,,AU,-18.18360,125.55978,112,Australia/Perth
FJR,OMFJ,Fujairah International Airport,Fujairah,AE,25.10841,56.32806,46,Asia/Dubai
FKB,EDSB,Karlsruhe Baden-Baden Airport,Rheinmünster,DE,48.77940,8.08050,124,Europe/Berlin
FKI,FZIC,Bangoka International Airport,Kisangani,CD,0.48164,25.33800,432,Africa/Lubumbashi
FKQ,WASF,Fakfak Airport,Fakfak,ID,-2.92051,132.26701,141,Asia/Jayapura
FKS,RJSF,Fukushima Airport,Sukagawa,JP,37.22740,140.43100,372,Asia/Tokyo
FLA,SKFL,Gustavo Artunduaga Paredes Airport,Florencia,CO,1.58919,-75.56440,245,America/Bogota
FLG,KFLG,Flagstaff Pulliam Airport,Flagstaff,US,35.13976,-111.66983,2138,America/Phoenix
FLL,KFLL,Fort Lauderdale Hollywood International Airport,Fort Lauderdale,US,26.07260,-80.15270,3,America/New_York
FLN,SBFL,Hercílio Luz International Airport,Florianópolis,BR,-27.67028,-48.55250,5,America/Sao_Paulo
FLO,KFLO,Florence Regional Airport,Florence,US,34.18540,-79.72390,45,America/New_York
FLR,LIRQ,"Florence Airport, Peretola",Firenze (FI),IT,43.80856,11.20282,43,Europe/Rome
FLW,LPFL,Flores Airport,Santa Cruz das Flores,PT,39.45530,-31.13140,34,Atlantic/Azores
FLZ,WIMS,Dr. Ferdinand Lumban Tobing Airport,Sibolga (Pinangsori),ID,1.55713,98.88715,10,Asia/Jakarta
FMA,SARF,Formosa National Airport,Formosa,AR,-26.21270,-58.22810,59,America/Argentina/Cordoba
FMI,FZRF,Kalemie Airport,Kalemie,CD,-5.87556,29.25000,783,Africa/Lubumbashi
FMM,EDJA,Memmingen Allgau Airport,Memmingen,DE,47.98809,10.23825,633,Europe/Berlin
FMO,EDDG,Münster Osnabrück Airport,Greven,DE,52.13382,7.68848,49,Europe/Berlin
FNA,GFLL,Lungi International Airport,Freetown (Lungi-Town),SL,8.61644,-13.19550,26,Africa/Freetown
FNC,LPMA,Cristiano Ronaldo International Airport,Funchal,PT,32.69781,-16.77461,59,Atlantic/Madeira
FNI,LFTW,Nîmes-Arles-Camargue Airport,Nîmes/Garons,FR,43.75740,4.41635,94,Europe/Paris
FNJ,ZKPY,Pyongyang Sunan International Airport,Pyongyang,KP,39.22410,125.67000,36,Asia/Pyongyang
FNT,KFNT,Bishop International Airport,Flint,US,42.96929,-83.74335,238,America/Detroit
FOC,ZSFZ,Fuzhou Changle International Airport,Fuzhou (Changle),CN,25.92925,119.67252,14,Asia/Shanghai
FOD,KFOD,Fort Dodge Regional Airport,Fort Dodge,US,42.55262,-94.19124,352,America/Chicago
FOG,LIBF,Foggia Gino Lisa Airport,Foggia (FG),IT,41.43360,15.53457,81,Europe/Rome
FON,MRAN,La Fortuna Arenal Airport,La Fortuna,CR,10.46931,-84.57907,104,America/Costa_Rica
FOR,SBFZ,Pinto Martins International Airport,Fortaleza,BR,-3.77583,-38.53222,25,America/Fortaleza
FPO,MYGF,Grand Bahama International Airport,Freeport,BS,26.55800,-78.69558,2,America/Nassau
FRA,EDDF,Frankfurt Main Airport,Frankfurt am Main,DE,50.02671,8.55835,111,Europe/Berlin
FRD,KFHR,Friday Harbor Airport,Friday Harbor,US,48.52365,-123.02465,34,America/Los_Angeles
FRL,LIPK,Forlì-Luigi Ridolfi International Airport,Forlì (FC),IT,44.19480,12.07010,30,Europe/Rome
FRO,ENFL,Florø Airport,Florø,NO,61.58360,5.02472,11,Europe/Oslo
FRS,MGMM,Mundo Maya International Airport,San Benito,GT,16.91371,-89.86614,130,America/Guatemala
FRW,FBPM,Phillip Gaonwe Matante International Airport,Francistown,BW,-21.15918,27.46883,1001,Africa/Gaborone
FSC,LFKF,Figari Sud-Corse Airport,Figari,FR,41.50185,9.09709,26,Europe/Paris
FSD,KFSD,Sioux Falls Regional Airport,Sioux Falls,US,43.58546,-96.74115,436,America/Chicago
FSM,KFSM,Fort Smith Regional Airport,Fort Smith,US,35.33660,-94.36740,143,America/Chicago
FSP,LFVP,Saint-Pierre Pointe-Blanche Airport,Saint-Pierre,PM,46.76265,-56.17499,8,America/Miquelon
FSZ,RJNS,Mount Fuji Shizuoka Airport,Makinohara / Shimada,JP,34.79502,138.19098,132,Asia/Tokyo
FTE,SAWC,El Calafate - Commander Armando Tola International Airport,El Calafate,AR,-50.28027,-72.05340,204,America/Argentina/Rio_Gallegos
FTU,FMSD,Tôlanaro Airport,Tôlanaro,MG,-25.03810,46.95610,9,Indian/Antananarivo
FTW,KFTW,Fort Worth Meacham International Airport,Fort Worth,US,32.81992,-97.36082,216,America/Chicago
FUE,GCFV,Fuerteventura Airport,El Matorral,ES,28.45270,-13.86380,26,Atlantic/Canary
FUG,ZSFY,Fuyang Xiguan Airport,"Yingzhou, Fuyang",CN,32.88216,115.73436,32,Asia/Shanghai
FUJ,RJFE,Fukue Airport,Goto,JP,32.66630,128.83299,83,Asia/Tokyo
FUK,RJFF,Fukuoka Airport,Fukuoka,JP,33.58590,130.45100,10,Asia/Tokyo
FUN,NGFU,Funafuti International Airport,Funafuti,TV,-8.52388,179.19698,3,Pacific/Funafuti
FUO,ZGFS,Foshan Shadi Airport,Foshan (Nanhai),CN,23.08250,113.07083,2,Asia/Shanghai
FWA,KFWA,Fort Wayne International Airport,Fort Wayne,US,40.97890,-85.19446,248,America/Indiana/Indianapolis
FYJ,ZYFY,Fuyuan Dongji Airport,Fuyuan,CN,48.19722,134.36298,0,Asia/Shanghai
FYN,ZWFY,Fuyun Koktokay Airport,Fuyun,CN,46.80417,89.51201,939,Asia/Urumqi
FYU,PFYU,Fort Yukon Airport,Fort Yukon,US,66.57165,-145.24999,132,America/Anchorage
GAJ,RJSC,Yamagata Airport,Higashine,JP,38.41190,140.37100,108,Asia/Tokyo
GAL,PAGA,Edward G. Pitka Sr Airport,Galena,US,64.73620,-156.93700,47,America/Anchorage
GAM,PAGM,Gambell Airport,Gambell,US,63.76769,-171.73330,8,America/Nome
GAN,VRMG,Gan International Airport,Gan,MV,-0.69298,73.15263,2,Indian/Maldives
GAQ,GAGO,Gao International Airport,Gao,ML,16.24847,-0.00539,265,Africa/Bamako
GAU,VEGT,Lokpriya Gopinath Bordoloi International Airport,Guwahati,IN,26.10665,91.58523,49,Asia/Kolkata
GAY,VEGY,Gaya Airport,Gaya,IN,24.74430,84.95120,116,Asia/Kolkata
GBB,UBBQ,Gabala International Airport,Gabala,AZ,40.80862,47.72539,285,Asia/Baku
GBE,FBSK,Sir Seretse Khama International Airport,Gaborone,BW,-24.55520,25.91820,1006,Africa/Gaborone
GBJ,TFFM,Marie-Galante Airport,Grand-Bourg,GP,15.86893,-61.27009,5,America/Guadeloupe
GCC,KGCC,Northeast Wyoming Regional Airport,Gillette,US,44.34890,-105.53900,1330,America/Denver
GCH,OIAH,Gachsaran Airport,Gachsaran,IR,30.33387,50.83380,736,Asia/Tehran
GCI,EGJB,Guernsey Airport,Saint Peter Port,GG,49.43500,-2.60197,102,Europe/Guernsey
GCK,KGCK,Garden City Regional Airport,Garden City,US,37.92750,-100.72400,881,America/Chicago
GCM,MWCR,Owen Roberts International Airport,George Town,KY,19.29280,-81.35770,2,America/Cayman
GCN,KGCN,Grand Canyon National Park Airport,Grand Canyon - Tusayan,US,35.95240,-112.14700,2014,America/Phoenix
GDB,VAGD,Gondia Airport,Gondia,IN,21.52682,80.29035,301,Asia/Kolkata
GDE,HAGO,Gode Airport,Gode,ET,5.93513,43.57860,254,Africa/Addis_Ababa
GDL,MMGL,Guadalajara International Airport,Guadalajara,MX,20.52334,-103.31011,1529,America/Mexico_City
GDN,EPGD,Gdańsk Lech Wałęsa Airport,Gdańsk,PL,54.37760,18.46620,149,Europe/Warsaw
GDQ,HAGN,Gondar Airport,Azezo,ET,12.51990,37.43400,1966,Africa/Addis_Ababa
GDT,MBGT,JAGS McCartney International Airport,Cockburn Town,TC,21.44450,-71.14230,4,America/Grand_Turk
GDV,KGDV,Dawson Community Airport,Glendive,US,47.13766,-104.80691,749,America/Denver
GDX,UHMM,Sokol Airport,Magadan,RU,59.91100,150.72000,175,Asia/Magadan
GDZ,URKG,Gelendzhik Airport,Gelendzhik,RU,44.58209,38.01248,30,Europe/Moscow
GEA,NWWM,Nouméa Magenta Airport,Nouméa,NC,-22.25771,166.47282,3,Pacific/Noumea
GEG,KGEG,Spokane International Airport,Spokane,US,47.61990,-117.53400,724,America/Los_Angeles
GEL,SBNM,Santo Ângelo Airport,Santo Ângelo,BR,-28.28250,-54.16962,322,America/Sao_Paulo
GEM,FGMY,President Obiang Nguema International Airport,Mengomeyén,GQ,1.67644,11.02490,660,Africa/Malabo
GEO,SYCJ,Cheddi Jagan International Airport,Georgetown,GY,6.49855,-58.25410,29,America/Guyana
GER,MUNG,Rafael Cabrera Airport,Nueva Gerona,CU,21.83470,-82.78380,24,America/Havana
GES,RPMR,General Santos International Airport,General Santos,PH,6.05721,125.09624,154,Asia/Manila
GET,YGEL,Geraldton Airport,Moonyoonooka,AU,-28.79610,114.70700,37,Australia/Perth
GEV,ESNG,Gällivare Airport,Gällivare,SE,67.13240,20.81460,313,Europe/Stockholm
GFF,YGTH,Griffith Airport,Griffith,AU,-34.25080,146.06700,134,Australia/Sydney
GFK,KGFK,Grand Forks International Airport,Grand Forks,US,47.94930,-97.17610,258,America/Chicago
GGG,KGGG,East Texas Regional Airport,Longview,US,32.38400,-94.71150,111,America/Chicago
GGT,MYEF,Exuma International Airport,Moss Town,BS,23.56260,-75.87800,3,America/Nassau
GGW,KGGW,Glasgow Valley County Airport Wokal Field,Glasgow,US,48.21250,-106.61500,700,America/Denver
GHA,DAUG,Noumérat - Moufdi Zakaria Airport,El Atteuf,DZ,32.38410,3.79411,461,Africa/Algiers
GHB,MYEM,Governor's Harbour Airport,Governor's Harbour,BS,25.28470,-76.33100,8,America/Nassau
GHV,LRBV,Brașov-Ghimbav International Airport,Brașov (Ghimbav),RO,45.70558,25.52287,530,Europe/Bucharest
GIB,LXGB,Gibraltar Airport,Gibraltar,GI,36.15168,-5.34978,4,Europe/Gibraltar
GID,HBBE,Gitega Airport,Gitega,BI,-3.41721,29.91131,1750,Africa/Bujumbura
GIG,SBGL,Rio de Janeiro Galeão – Tom Jobim International Airport,Rio De Janeiro,BR,-22.81000,-43.25056,9,America/Sao_Paulo
GIL,OPGT,Gilgit Airport,Gilgit,PK,35.91880,74.33360,1462,Asia/Karachi
GIS,NZGS,Gisborne Airport,Gisborne,NZ,-38.66330,177.97800,5,Pacific/Auckland
GIZ,OEGN,Jizan Regional Airport / King Abdullah bin Abdulaziz Airport,Jizan,SA,16.90110,42.58580,6,Asia/Riyadh
GJA,MHNJ,La Laguna Airport,Guanaja,HN,16.44540,-85.90660,15,America/Tegucigalpa
GJL,DAAV,Jijel Ferhat Abbas Airport,Tahir,DZ,36.79413,5.87365,11,Africa/Algiers
GJT,KGJT,Grand Junction Regional Airport,Grand Junction,US,39.12666,-108.52939,1481,America/Denver
GKA,AYGA,Goroka Airport,Goronka,PG,-6.08169,145.39200,1610,Pacific/Port_Moresby
GKN,PAGK,Gulkana Airport,Gulkana,US,62.15586,-145.45466,483,America/Anchorage
GLA,EGPF,Glasgow Airport,Glasgow,GB,55.87190,-4.43306,8,Europe/London
GLF,MRGF,Golfito Airport,Golfito,CR,8.65401,-83.18220,15,America/Costa_Rica
GLH,KGLH,Mid Delta Regional Airport,Greenville,US,33.48290,-90.98560,40,America/Chicago
GLT,YGLA,Gladstone Airport,Gladstone,AU,-23.86976,151.22544,20,Australia/Brisbane
GMA,FZFK,Gemena Airport,Gemena,CD,3.23537,19.77130,420,Africa/Kinshasa
GMB,HAGM,Gambela Airport,Gambela,ET,8.12876,34.56310,492,Africa/Addis_Ababa
GME,UMGG,Gomel Airport,Gomel,BY,52.52700,31.01670,144,Europe/Minsk
GMO,DNGO,Gombe Lawanti International Airport,Gombe,NG,10.29889,10.90000,485,Africa/Lagos
GMP,RKSS,Seoul Gimpo International Airport,Seoul,KR,37.55830,126.79100,18,Asia/Seoul
GMQ,ZLGL,Golog Maqên Airport,Golog (Maqên),CN,34.41807,100.30114,3787,Asia/Shanghai
GMR,NTGJ,Totegegie Airport,,PF,-23.07990,-134.89000,2,Pacific/Gambier
GNB,LFLS,Grenoble Alpes Isère Airport,Grenoble,FR,45.36290,5.32937,397,Europe/Paris
GND,TGPY,Maurice Bishop International Airport,Saint George's,GD,12.00400,-61.78530,12,America/Grenada
GNJ,UBBG,Ganja International Airport,Ganja,AZ,40.73869,46.32038,330,Asia/Baku
GNS,WIMB,Binaka Airport,Gunungsitoli,ID,1.16627,97.70520,6,Asia/Jakarta
GNV,KGNV,Gainesville Regional Airport,Gainesville,US,29.69010,-82.27180,46,America/New_York
GNY,LTCS,Şanlıurfa GAP Airport,Şanlıurfa,TR,37.44566,38.89559,825,Europe/Istanbul
GOA,LIMJ,Genoa Cristoforo Colombo Airport,Genova (GE),IT,44.41204,8.84073,4,Europe/Rome
GOH,BGGH,Nuuk International Airport,Nuuk,GL,64.19107,-51.67914,86,America/Nuuk
GOI,VOGO,Goa Dabolim International Airport,Vasco da Gama,IN,15.38006,73.83333,46,Asia/Kolkata
GOJ,UWGG,Nizhny Novgorod / Strigino International Airport,Nizhny Novgorod,RU,56.22735,43.78515,78,Europe/Moscow
GOM,FZNA,Goma International Airport,Goma,CD,-1.66676,29.23804,1551,Africa/Lubumbashi
GOP,VEGK,Gorakhpur Airport,Gorakhpur,IN,26.73970,83.44970,79,Asia/Kolkata
GOQ,ZLGM,Golmud Airport,Golmud,CN,36.40060,94.78610,2845,Asia/Shanghai
GOT,ESGG,Göteborg Landvetter Airport,Göteborg,SE,57.66280,12.27980,154,Europe/Stockholm
GOU,FKKR,Garoua International Airport,Garoua,CM,9.33479,13.37213,242,Africa/Douala
GOV,YPGV,Gove Airport,Nhulunbuy,AU,-12.26940,136.81799,59,Australia/Darwin
GOX,VOGA,Manohar International Airport,Mopa,IN,15.74426,73.86062,168,Asia/Kolkata
GPA,LGRX,Patras Araxos Agamemnon Airport,Patras,GR,38.15110,21.42560,14,Europe/Athens
GPI,SKGP,Guapi Airport,Guapi,CO,2.57013,-77.89797,50,America/Bogota
GPS,SEGS,Seymour Galapagos Ecological Airport,Isla Baltra,EC,-0.45376,-90.26590,63,Pacific/Galapagos
GPT,KGPT,Gulfport Biloxi International Airport,Gulfport,US,30.40558,-89.06984,9,America/Chicago
GRB,KGRB,Austin Straubel International Airport,Green Bay,US,44.48346,-88.13080,212,America/Chicago
GRI,KGRI,Central Nebraska Regional Airport,Grand Island,US,40.96750,-98.30960,563,America/Chicago
GRJ,FAGG,George Airport,George,ZA,-34.00560,22.37890,198,Africa/Johannesburg
GRK,KGRK,Killeen Regional Airport / Robert Gray Army Airfield,Fort Cavazos,US,31.06720,-97.82890,309,America/Chicago
GRO,LEGE,Girona-Costa Brava Airport,Girona,ES,41.90464,2.76177,143,Europe/Madrid
GRQ,EHGG,Groningen Airport Eelde,Groningen,NL,53.11911,6.57765,5,Europe/Amsterdam
GRR,KGRR,Gerald R. Ford International Airport,Grand Rapids,US,42.88080,-85.52280,242,America/Detroit
GRU,SBGR,São Paulo/Guarulhos–Governor André Franco Montoro International Airport,São Paulo,BR,-23.43127,-46.46995,750,America/Sao_Paulo
GRV,URMG,Akhmat Kadyrov Grozny International Airport,Grozny,RU,43.38811,45.69977,167,Europe/Moscow
GRW,LPGR,Graciosa Airport,Santa Cruz da Graciosa,PT,39.09220,-28.02980,26,Atlantic/Azores
GRX,LEGR,F.G.L. Airport Granada-Jaén Airport,Granada,ES,37.18870,-3.77736,567,Europe/Madrid
GRY,BIGR,Grímsey Airport,Grímsey/Sandvík,IS,66.54580,-18.01730,20,Atlantic/Reykjavik
GRZ,LOWG,Graz Airport,Feldkirchen bei Graz,AT,46.99110,15.43960,340,Europe/Vienna
GSM,OIKQ,Qeshm International Airport,Qeshm(Dayrestan),IR,26.75464,55.90235,14,Asia/Tehran
GSO,KGSO,Piedmont Triad International Airport,Greensboro,US,36.09937,-79.93726,282,America/New_York
GSP,KGSP,Greenville-Spartanburg International Airport,Greenville/Greer/Spartanburg,US,34.89570,-82.21890,294,America/New_York
GST,PAGS,Gustavus Airport,Gustavus,US,58.42530,-135.70700,11,America/Juneau
GSV,UWSG,Gagarin International Airport,Saratov,RU,51.71278,46.17111,31,Europe/Saratov
GTE,YGTE,Groote Eylandt Airport,Groote Eylandt,AU,-13.97241,136.45855,16,Australia/Darwin
GTF,KGTF,Great Falls International Airport,Great Falls,US,47.48200,-111.37100,1122,America/Denver
GTR,KGTR,Golden Triangle Regional Airport,Columbus/W Point/Starkville,US,33.45030,-88.59140,80,America/Chicago
GUA,MGGT,La Aurora International Airport,Guatemala City,GT,14.58290,-90.52751,1509,America/Guatemala
GUC,KGUC,Gunnison Crested Butte Regional Airport,Gunnison,US,38.53467,-106.93457,2341,America/Denver
GUM,PGUM,Antonio B. Won Pat International Airport,Hagåtña,GU,13.48500,144.79728,91,Pacific/Guam
GUP,KGUP,Gallup Municipal Airport,Gallup,US,35.51165,-108.78817,1973,America/Denver
GUR,AYGN,Gurney Airport,Gurney,PG,-10.31150,150.33400,27,Pacific/Port_Moresby
GUW,UATG,Atyrau International Airport,Atyrau,KZ,47.12132,51.82034,-22,Asia/Atyrau
GVA,LSGG,Geneva International Airport,Geneva,CH,46.23810,6.10895,430,Europe/Zurich
GVR,SBGV,Coronel Altino Machado Airport,Governador Valadares,BR,-18.89588,-41.98287,171,America/Sao_Paulo
GWD,OPGW,New Gwadar International Airport,Gurandani,PK,25.29673,62.49882,19,Asia/Karachi
GWL,VIGR,Gwalior Airport,Gwalior,IN,26.29330,78.22780,188,Asia/Kolkata
GWT,EDXW,Westerland Sylt Airport,Sylt,DE,54.91320,8.34047,16,Europe/Berlin
GXF,OYSY,Seiyun Hadhramaut International Airport,Seiyun,YE,15.96589,48.78815,639,Asia/Aden
GXG,FNNG,Negage Airport,Negage,AO,-7.75451,15.28770,1251,Africa/Luanda
GXH,ZLXH,Gannan Xiahe Airport,Gannan (Xiahe),CN,34.81901,102.62226,3203,Asia/Shanghai
GYA,SLGM,Guayaramerín Airport,Guayaramerín,BO,-10.88856,-65.38096,139,America/La_Paz
GYD,UBBB,Heydar Aliyev International Airport,Baku,AZ,40.47278,50.05093,3,Asia/Baku
GYE,SEGU,José Joaquín de Olmedo International Airport,Guayaquil,EC,-2.15742,-79.88360,6,America/Guayaquil
GYM,MMGM,General José María Yáñez International Airport,Guaymas,MX,27.96900,-110.92500,18,America/Hermosillo
GYN,SBGO,Santa Genoveva International Airport,Goiânia,BR,-16.63200,-49.22070,747,America/Sao_Paulo
GYS,ZUGU,Guangyuan Panlong Airport,Guangyuan (Lizhou),CN,32.39025,105.69457,0,Asia/Shanghai
GYU,ZLGY,Guyuan Liupanshan Airport,Guyuan (Yuanzhou),CN,36.07889,106.21694,1746,Asia/Shanghai
GYY,KGYY,Gary/Chicago International Airport,Gary,US,41.61709,-87.41321,180,America/Chicago
GZP,LTFG,Gazipaşa-Alanya Airport,Gazipaşa,TR,36.29883,32.29702,28,Europe/Istanbul
GZT,LTAJ,Gaziantep Oğuzeli International Airport,Gaziantep,TR,36.94720,37.47870,706,Europe/Istanbul
HAC,RJTH,Hachijojima Airport,Hachijojima,JP,33.11484,139.78564,92,Asia/Tokyo
HAD,ESMT,Halmstad Airport,Halmstad,SE,56.69110,12.82020,31,Europe/Stockholm
HAH,FMCH,Prince Said Ibrahim International Airport,Moroni,KM,-11.53370,43.27190,28,Indian/Comoro
HAJ,EDDV,Hannover Airport,Hannover,DE,52.46110,9.68508,56,Europe/Berlin
HAK,ZJHK,Haikou Meilan International Airport,Haikou (Meilan),CN,19.93490,110.45900,23,Asia/Shanghai
HAM,EDDH,Hamburg Helmut Schmidt Airport,Hamburg,DE,53.63040,9.98823,16,Europe/Berlin
HAN,VVNB,Noi Bai International Airport,Hanoi (Soc Son),VN,21.22120,105.80700,12,Asia/Bangkok
HAQ,VRMH,Hanimaadhoo International Airport,Haa Dhaalu Atoll,MV,6.74324,73.16707,1,Indian/Maldives
HAS,OEHL,Hail International Airport,Hail,SA,27.43790,41.68630,1015,Asia/Riyadh
HAU,ENHD,"Haugesund Airport, Karmøy",Karmøy,NO,59.34530,5.20836,26,Europe/Oslo
HAV,MUHA,José Martí International Airport,Havana,CU,22.98920,-82.40910,64,America/Havana
HBA,YMHB,Hobart International Airport,Hobart (Cambridge),AU,-42.83703,147.51302,4,Australia/Hobart
HBE,HEAX,Alexandria International Airport,Alexandria,EG,30.93249,29.69644,52,Africa/Cairo
HBX,VOHB,Hubballi Airport,Hubballi,IN,15.36108,75.08210,662,Asia/Kolkata
HCJ,ZGHC,Hechi Jinchengjiang Airport,Hechi (Jinchengjiang),CN,24.80434,107.71082,677,Asia/Shanghai
HCR,PAHC,Holy Cross Airport,Holy Cross,US,62.18830,-159.77499,21,America/Anchorage
HCZ,ZGCZ,Chenzhou Beihu Airport,Chenzhou,CN,25.75342,112.84540,326,Asia/Shanghai
HDF,EDAH,Heringsdorf Airport,Zirchow,DE,53.87870,14.15230,29,Europe/Berlin
HDG,ZBHD,Handan Airport,Handan,CN,36.52482,114.42413,70,Asia/Shanghai
HDM,OIHH,Hamadan Airport,Hamadan,IR,34.86642,48.56069,1754,Asia/Tehran
HDN,KHDN,Yampa Valley Airport,Hayden,US,40.48120,-107.21800,2014,America/Denver
HDS,FAHS,Eastgate Airport / Air Force Base Hoedspruit,Hoedspruit,ZA,-24.36186,31.05292,549,Africa/Johannesburg
HDY,VTSS,Hat Yai International Airport,Hat Yai,TH,6.93321,100.39300,27,Asia/Bangkok
HEA,OAHR,Herat - Khwaja Abdullah Ansari International Airport,Guzara,AF,34.21000,62.22830,977,Asia/Kabul
HEH,VYHH,Heho Airport,Heho,MM,20.74714,96.79203,1176,Asia/Yangon
HEK,ZYHE,Heihe Aihui Airport,Heihe,CN,50.17162,127.30888,319,Asia/Shanghai
HEL,EFHK,Helsinki Vantaa Airport,Helsinki (Vantaa),FI,60.31836,24.96334,55,Europe/Helsinki
HER,LGIR,Heraklion International Nikos Kazantzakis Airport,Heraklion,GR,35.33970,25.18030,35,Europe/Athens
HET,ZBHH,Hohhot Baita International Airport,Hohhot,CN,40.84966,111.82460,1084,Asia/Shanghai
HFA,LLHA,Uri Michaeli Haifa International Airport,Haifa,IL,32.81022,35.04372,9,Asia/Jerusalem
HFE,ZSOF,Hefei Xinqiao International Airport,Hefei,CN,31.98779,116.97690,63,Asia/Shanghai
HFN,BIHN,Hornafjörður Airport,Höfn,IS,64.29560,-15.22720,7,Atlantic/Reykjavik
HFT,ENHF,Hammerfest Airport,Hammerfest,NO,70.67970,23.66860,81,Europe/Oslo
HGA,HCMH,Egal International Airport,Hargeisa,SO,9.51408,44.08347,1363,Africa/Mogadishu
HGH,ZSHC,Hangzhou Xiaoshan International Airport,Hangzhou,CN,30.23609,120.42887,7,Asia/Shanghai
HGI,VEHO,Itanagar Donyi Polo Hollongi Airport,Hollongi,IN,26.96683,93.63879,100,Asia/Kolkata
HGN,VTCH,Mae Hong Son Airport,Mae Hong Son,TH,19.30130,97.97580,283,Asia/Bangkok
HGO,DIKO,Korhogo Airport,Korhogo,CI,9.38718,-5.55666,370,Africa/Abidjan
HGR,KHGR,Hagerstown Regional Richard A Henson Field,Hagerstown,US,39.70877,-77.72801,214,America/New_York
HGU,AYMH,Mount Hagen Kagamuga Airport,Mount Hagen,PG,-5.82821,144.29941,1642,Pacific/Port_Moresby
HHH,KHXD,Hilton Head Airport,Hilton Head Island,US,32.22440,-80.69750,6,America/New_York
HHN,EDFH,Frankfurt-Hahn Airport,Frankfurt am Main (Lautzenhausen),DE,49.94635,7.26173,503,Europe/Berlin
HHQ,VTPH,Hua Hin Airport,Hua Hin,TH,12.63620,99.95150,19,Asia/Bangkok
HHR,KHHR,Jack Northrop Field Hawthorne Municipal Airport,Hawthorne,US,33.92280,-118.33500,20,America/Los_Angeles
HIA,ZSSH,Huai'an Lianshui Airport,Huai'an,CN,33.79271,119.12666,9,Asia/Shanghai
HIB,KHIB,Range Regional Airport,Hibbing,US,47.38483,-92.83691,413,America/Chicago
HID,YHID,Horn Island Airport,Horn,AU,-10.58564,142.29277,13,Australia/Brisbane
HII,KHII,Lake Havasu City Airport,Lake Havasu City,US,34.57051,-114.35774,239,America/Phoenix
HIJ,RJOA,Hiroshima Airport,Hiroshima,JP,34.43610,132.91901,332,Asia/Tokyo
HIN,RKPS,Sacheon Airport / Sacheon Air Base,Sacheon,KR,35.08859,128.07175,8,Asia/Seoul
HIR,AGGH,Honiara International Airport,Honiara,SB,-9.42800,160.05499,9,Pacific/Guadalcanal
HJJ,ZGCJ,Huaihua Zhijiang Airport,Huaihua,CN,27.44309,109.70467,269,Asia/Shanghai
HJR,VEKO,Khajuraho Airport,Khajuraho,IN,24.81720,79.91860,222,Asia/Kolkata
HKD,RJCH,Hakodate Airport,Hakodate,JP,41.77000,140.82201,46,Asia/Tokyo
HKG,VHHH,Hong Kong International Airport,Hong Kong,HK,22.31184,113.91486,9,Asia/Hong_Kong
HKK,NZHK,Hokitika Airfield,,NZ,-42.71360,170.98500,45,Pacific/Auckland
HKN,AYHK,Hoskins Airport,Kimbe,PG,-5.46385,150.40733,20,Pacific/Port_Moresby
HKT,VTSP,Phuket International Airport,Phuket,TH,8.11326,98.31740,25,Asia/Bangkok
HLA,FALA,Lanseria International Airport,Johannesburg,ZA,-25.93896,27.92664,1377,Africa/Johannesburg
HLD,ZBLA,Hulunbuir Hailar Airport,Hailar,CN,49.20862,119.82230,661,Asia/Shanghai
HLE,FHSH,Saint Helena International Airport,Jamestown,SH,-15.95890,-5.64607,310,Atlantic/St_Helena
HLN,KHLN,Helena Regional Airport,Helena,US,46.60680,-111.98300,1182,America/Denver
HLP,WIHH,Halim Perdanakusuma International Airport,Jakarta,ID,-6.26699,106.89032,26,Asia/Jakarta
HLZ,NZHN,Hamilton International Airport,Hamilton,NZ,-37.86696,175.33195,52,Pacific/Auckland
HMA,USHH,Khanty Mansiysk Airport,Khanty-Mansiysk,RU,61.02850,69.08610,23,Asia/Yekaterinburg
HMB,HESG,Suhaj International Airport,Suhaj,EG,26.34251,31.74302,98,Africa/Cairo
HME,DAUH,Hassi Messaoud-Oued Irara Krim Belkacem Airport,Hassi Messaoud,DZ,31.67300,6.14044,141,Africa/Algiers
HMI,ZWHM,Hami Airport,Hami,CN,42.84140,93.66920,824,Asia/Urumqi
HMO,MMHO,General Ignacio L. Pesqueira International Airport,Hermosillo,MX,29.09281,-111.05302,191,America/Hermosillo
HNA,RJSI,Iwate Hanamaki Airport,Hanamaki,JP,39.42860,141.13500,91,Asia/Tokyo
HND,RJTT,Tokyo Haneda International Airport,Tokyo,JP,35.54968,139.78696,11,Asia/Tokyo
HNL,PHNL,Daniel K. Inouye International Airport,"Honolulu, Oahu",US,21.31839,-157.92567,4,Pacific/Honolulu
HNM,PHHN,Hana Airport,Hana,US,20.79560,-156.01401,24,Pacific/Honolulu
HNS,PAHN,Haines Airport,Haines,US,59.24392,-135.52392,5,America/Juneau
HOB,KHOB,Lea County Regional Airport,Hobbs,US,32.68750,-103.21700,1116,America/Denver
HOF,OEAH,Al-Ahsa International Airport,Hofuf,SA,25.28530,49.48520,179,Asia/Riyadh
HOG,MUHG,Frank Pais International Airport,Holguin,CU,20.78515,-76.31553,110,America/Havana
HOI,NTTO,Hao Airport,Otepa,PF,-18.07480,-140.94600,3,Pacific/Tahiti
HOM,PAHO,Homer Airport,Homer,US,59.64446,-151.47923,26,America/Anchorage
HOR,LPHR,Horta Airport,Horta,PT,38.51990,-28.71590,36,Atlantic/Azores
HOT,KHOT,Memorial Field Airport,Hot Springs,US,34.47880,-93.09626,165,America/Chicago
HOU,KHOU,William P. Hobby Airport,Houston,US,29.64534,-95.27681,14,America/Chicago
HOV,ENOV,"Ørsta-Volda Airport, Hovden",Ørsta,NO,62.18000,6.07410,74,Europe/Oslo
HPA,NFTL,Lifuka Island Airport,Lifuka,TO,-19.77700,-174.34100,9,Pacific/Tongatapu
HPG,ZHSN,Shennongjia Hongping Airport,Shennongjia (Hongping),CN,31.62600,110.34000,2550,Asia/Shanghai
HPH,VVCI,Cat Bi International Airport,Haiphong (Hai An),VN,20.81743,106.72432,2,Asia/Bangkok
HPN,KHPN,Westchester County Airport,White Plains,US,41.06700,-73.70760,134,America/New_York
HQL,ZWTK,Tashikuergan Hongqilafu Airport,Tashikuergan,CN,37.66133,75.28888,3200,Asia/Urumqi
HRB,ZYHB,Harbin Taiping International Airport,Harbin,CN,45.62340,126.25000,139,Asia/Shanghai
HRE,FVRG,Robert Gabriel Mugabe International Airport,Harare,ZW,-17.93180,31.09280,1490,Africa/Harare
HRG,HEGN,Hurghada International Airport,Hurghada,EG,27.17678,33.79669,10,Africa/Cairo
HRI,VCRI,Mattala Rajapaksa International Airport,Mattala,LK,6.28388,81.12416,48,Asia/Colombo
HRL,KHRL,Valley International Airport,Harlingen,US,26.22850,-97.65440,11,America/Chicago
HRO,KHRO,Boone County Airport,Harrison,US,36.26150,-93.15470,416,America/Chicago
HSA,UAIT,Hazrat Sultan International Airport,Turkıstan,KZ,43.31109,68.55035,290,Asia/Almaty
HSC,ZGSG,Shaoguan Danxia Airport,Shaoguan,CN,24.97860,113.42100,85,Asia/Shanghai
HSG,RJFS,Kyushu Saga International Airport,Saga,JP,33.14970,130.30200,2,Asia/Tokyo
HSL,PAHL,Huslia Airport,Huslia,US,65.69790,-156.35100,67,America/Anchorage
HSN,ZSZS,Zhoushan Putuoshan International Airport,Zhoushan,CN,29.93387,122.36231,2,Asia/Shanghai
HSR,VAHS,Rajkot International Airport,Rajkot,IN,22.37882,71.03939,197,Asia/Kolkata
HSS,VIHR,Maharaja Agrasen International Airport,Hisar,IN,29.18606,75.74142,213,Asia/Kolkata
HSV,KHSV,Huntsville International Airport,Huntsville,US,34.63624,-86.77438,192,America/Chicago
HTA,UIAA,Chita-Kadala International Airport,Chita,RU,52.02484,113.30584,693,Asia/Chita
HTG,UOHH,Khatanga Airport,Khatanga,RU,71.97810,102.49100,29,Asia/Krasnoyarsk
HTI,YBHM,Hamilton Island Airport,Hamilton Island,AU,-20.35810,148.95200,5,Australia/Lindeman
HTN,ZWTN,Hotan Airport,Hotan,CN,37.03850,79.86490,1424,Asia/Urumqi
HTS,KHTS,Tri-State Airport / Milton J. Ferguson Field,Huntington,US,38.36670,-82.55800,252,America/New_York
HTT,ZLHX,Huatugou Airport,Mengnai,CN,38.20164,90.83784,898,Asia/Shanghai
HTY,LTDA,Hatay Airport,Antakya,TR,36.36079,36.28559,82,Europe/Istanbul
HUH,NTTH,Huahine-Fare Airport,Fare,PF,-16.68708,-151.02159,2,Pacific/Tahiti
HUI,VVPB,Phu Bai International Airport,Huế,VN,16.40063,107.70309,15,Asia/Ho_Chi_Minh
HUN,RCYU,Hualien Chiashan Airport,Hualien City,TW,24.02316,121.61799,16,Asia/Taipei
HUO,ZBHZ,Holingol Huolinhe Airport,Holingol,CN,45.48722,119.40722,0,Asia/Shanghai
HUU,SPNC,Alferez Fap David Figueroa Fernandini Airport,Huánuco,PE,-9.87881,-76.20480,1850,America/Lima
HUX,MMBT,Bahías de Huatulco International Airport,Huatulco,MX,15.77544,-96.26046,141,America/Mexico_City
HUY,EGNJ,Humberside Airport,"Grimsby, Lincolnshire",GB,53.57615,-0.34954,37,Europe/London
HUZ,ZGHZ,Huizhou Pingtan Airport,Huizhou (Pingtan),CN,23.05000,114.60000,15,Asia/Shanghai
HVB,YHBA,Hervey Bay Airport,Hervey Bay,AU,-25.32013,152.88066,18,Australia/Brisbane
HVD,ZMKD,Khovd Airport,Khovd,MN,47.95410,91.62820,1493,Asia/Hovd
HVG,ENHV,"Honningsvåg Airport, Valan",Honningsvåg,NO,71.00970,25.98360,13,Europe/Oslo
HVN,KHVN,Tweed New Haven Airport,New Haven,US,41.26287,-72.88769,4,America/New_York
HVR,KHVR,Havre City County Airport,Havre,US,48.54139,-109.76286,790,America/Denver
HWR,VIHX,Halwara International Airport,Halwara,IN,30.74850,75.62980,241,Asia/Kolkata
HXD,ZLDL,Haixi Delingha Airport,Delingha,CN,37.12529,97.26866,3000,Asia/Shanghai
HYA,KHYA,Cape Cod Gateway Airport,Hyannis,US,41.66930,-70.28040,16,America/New_York
HYD,VOHS,Rajiv Gandhi International Airport,Hyderabad,IN,17.23132,78.42986,617,Asia/Kolkata
HYN,ZSLQ,Taizhou Luqiao Airport,Taizhou (Luqiao),CN,28.56220,121.42900,0,Asia/Shanghai
HYS,KHYS,Hays Regional Airport,Hays,US,38.84452,-99.27315,609,America/Chicago
HZA,ZSHZ,Heze Mudan Airport,Heze (Dingtao),CN,35.21297,115.73675,46,Asia/Shanghai
HZG,ZLHZ,Hanzhong Chenggu Airport,Hanzhong (Chenggu),CN,33.13353,107.20382,0,Asia/Shanghai
HZH,ZUNP,Liping Airport,Liping,CN,26.32217,109.14990,494,Asia/Shanghai
IAA,UOII,Igarka Airport,Igarka,RU,67.43720,86.62190,25,Asia/Krasnoyarsk
IAD,KIAD,Washington Dulles International Airport,Dulles,US,38.94450,-77.45580,95,America/New_York
IAG,KIAG,Niagara Falls International Airport,Niagara Falls,US,43.10730,-78.94620,180,America/New_York
IAH,KIAH,George Bush Intercontinental Airport,Houston,US,29.98440,-95.34140,30,America/Chicago
IAM,DAUZ,Zarzaitine - In Aménas Airport,In Aménas,DZ,28.05150,9.64291,563,Africa/Algiers
IAN,PAIK,Bob Baker Memorial Airport,Kiana,US,66.97613,-160.43901,51,America/Anchorage
IAR,UUDL,Golden Ring Yaroslavl International Airport,Tunoshna,RU,57.56070,40.15740,87,Europe/Moscow
IAS,LRIA,Iaşi International Airport,Iaşi,RO,47.17963,27.62143,125,Europe/Bucharest
IBA,DNIB,Ibadan Airport,Ibadan,NG,7.36246,3.97833,221,Africa/Lagos
IBE,SKIB,Perales Airport,Ibagué,CO,4.42161,-75.13330,914,America/Bogota
IBR,RJAH,Ibaraki Airport,Omitama,JP,36.18146,140.41443,32,Asia/Tokyo
IBZ,LEIB,Ibiza Airport,Ibiza (Eivissa),ES,38.87290,1.37312,7,Europe/Madrid
ICN,RKSI,Incheon International Airport,Seoul,KR,37.46910,126.45100,7,Asia/Seoul
ICT,KICT,Wichita Dwight D. Eisenhower National Airport,Wichita,US,37.65031,-97.42858,406,America/Chicago
IDA,KIDA,Idaho Falls Regional Airport,Idaho Falls,US,43.51460,-112.07100,1446,America/Boise
IDR,VAID,Devi Ahilya Bai Holkar International Airport,Indore,IN,22.72140,75.80051,564,Asia/Kolkata
IEG,EPZG,Zielona Góra-Babimost Airport,Nowe Kramsko,PL,52.13850,15.79860,59,Europe/Warsaw
IFJ,BIIS,Ísafjörður Airport,Ísafjörður,IS,66.05810,-23.13530,2,Atlantic/Reykjavik
IFN,OIFM,Isfahan Shahid Beheshti International Airport,Isfahan,IR,32.75514,51.88388,1542,Asia/Tehran
IGA,MYIG,Inagua Airport,Matthew Town,BS,20.97500,-73.66690,2,America/Nassau
IGD,LTCT,Iğdır Airport,Iğdır,TR,39.97663,43.87665,945,Europe/Istanbul
IGR,SARI,Cataratas Del Iguazú International Airport,Puerto Iguazu,AR,-25.73730,-54.47340,279,America/Argentina/Cordoba
IGT,URMS,Magas Airport,Sunzha,RU,43.32327,45.01257,355,Europe/Moscow
IGU,SBFI,Cataratas International Airport,Foz do Iguaçu,BR,-25.59417,-54.48944,240,America/Sao_Paulo
IJK,USII,Izhevsk Airport,Izhevsk,RU,56.83452,53.46217,162,Europe/Samara
IKA,OIIE,Imam Khomeini International Airport,Tehran,IR,35.41610,51.15220,1007,Asia/Tehran
IKG,UCFK,Karakol International Airport,Karakol,KG,42.50810,78.40780,1704,Asia/Bishkek
IKI,RJDB,Iki Airport,Iki,JP,33.74900,129.78500,12,Asia/Tokyo
IKS,UEST,Tiksi Airport,Tiksi,RU,71.69770,128.90300,8,Asia/Yakutsk
IKT,UIII,Irkutsk International Airport,Irkutsk,RU,52.26671,104.39556,511,Asia/Irkutsk
IKU,UCFL,Issyk-Kul International Airport,Tamchy,KG,42.58558,76.70118,1654,Asia/Bishkek
ILD,LEDA,Lleida-Alguaire Airport,Lleida,ES,41.72819,0.53502,351,Europe/Madrid
ILG,KILG,Wilmington Airport,Wilmington,US,39.67870,-75.60650,24,America/New_York
ILI,PAIL,Iliamna Airport,Iliamna,US,59.75440,-154.91100,59,America/Anchorage
ILM,KILM,Wilmington International Airport,Wilmington,US,34.27235,-77.90512,10,America/New_York
ILO,RPVI,Iloilo International Airport,Cabatuan,PH,10.83302,122.49336,8,Asia/Manila
ILP,NWWE,Île des Pins Airport,Île des Pins,NC,-22.58890,167.45599,96,Pacific/Noumea
ILQ,SPLO,General Jorge Fernandez Maldon Airport,Ilo,PE,-17.69500,-71.34400,22,America/Lima
ILR,DNIL,General Tunde Idiagbon International Airport,Ilorin/Ogbomosho,NG,8.44021,4.49392,343,Africa/Lagos
ILS,MSSS,Ilopango International Airport,San Salvador,SV,13.69950,-89.11990,618,America/El_Salvador
ILY,EGPI,Islay Airport,"Isle of Islay, Argyll and Bute",GB,55.68271,-6.25753,17,Europe/London
IMF,VEIM,Bir Tikendrajit International Airport,Imphal,IN,24.76000,93.89670,774,Asia/Kolkata
IMP,SBIZ,Prefeito Renato Moreira Airport,Imperatriz,BR,-5.53129,-47.46000,131,America/Fortaleza
IMT,KIMT,Ford Airport,Kingsford,US,45.81911,-88.11456,360,America/Menominee
INC,ZLIC,Yinchuan Hedong International Airport,Yinchuan,CN,38.32276,106.39321,1141,Asia/Shanghai
IND,KIND,Indianapolis International Airport,Indianapolis,US,39.71730,-86.29440,243,America/Indiana/Indianapolis
INH,FQIN,Inhambane Airport,Inhambane,MZ,-23.87640,35.40850,9,Africa/Maputo
INI,LYNI,Niš Constantine the Great Airport,Niš,RS,43.33654,21.85624,198,Europe/Belgrade
INL,KINL,Falls International Airport,International Falls,US,48.56620,-93.40310,361,America/Chicago
INN,LOWI,Innsbruck Airport,Innsbruck,AT,47.26020,11.34400,581,Europe/Vienna
INU,ANYN,Nauru International Airport,Yaren,NR,-0.54789,166.91952,7,Pacific/Nauru
INV,EGPE,Inverness Airport,Inverness,GB,57.54250,-4.04750,9,Europe/London
INZ,DAUI,In Salah Airport,In Salah,DZ,27.25100,2.51202,273,Africa/Algiers
IOA,LGIO,Ioannina King Pyrrhus National Airport,Ioannina,GR,39.69640,20.82250,475,Europe/Athens
IOM,EGNS,Isle of Man Airport,Castletown,IM,54.08308,-4.62387,16,Europe/Isle_of_Man
IOS,SBIL,Bahia - Jorge Amado Airport,Ilhéus,BR,-14.81593,-39.03346,5,America/Bahia
IPC,SCIP,Mataveri International Airport,Isla De Pascua,CL,-27.16541,-109.42103,69,Pacific/Easter
IPH,WMKI,Sultan Azlan Shah Airport,Ipoh,MY,4.56733,101.09164,40,Asia/Kuala_Lumpur
IPI,SKIP,San Luis Airport,Ipiales,CO,0.86195,-77.67178,2976,America/Bogota
IPL,KIPL,Imperial County Airport,Imperial,US,32.83539,-115.57403,-16,America/Los_Angeles
IPN,SBIP,Usiminas Airport,Ipatinga,BR,-19.47070,-42.48760,240,America/Sao_Paulo
IPT,KIPT,Williamsport Regional Airport,Williamsport,US,41.24213,-76.92245,161,America/New_York
IQM,ZWCM,Qiemo Yudu Airport,Qiemo,CN,38.23452,85.46546,0,Asia/Urumqi
IQN,ZLQY,Qingyang Xifeng Airport,Qingyang (Xifeng),CN,35.80264,107.59890,0,Asia/Shanghai
IQQ,SCDA,Diego Aracena International Airport,Iquique,CL,-20.53627,-70.18137,47,America/Santiago
IQT,SPQT,Coronel FAP Francisco Secada Vignetta International Airport,Iquitos,PE,-3.78474,-73.30880,93,America/Lima
IRG,YLHR,Lockhart River Airport,Lockhart River,AU,-12.78690,143.30499,23,Australia/Brisbane
IRJ,SANL,Capitan V A Almonacid Airport,La Rioja,AR,-29.38160,-66.79580,438,America/Argentina/La_Rioja
IRK,KIRK,Kirksville Regional Airport,Kirksville,US,40.09350,-92.54490,294,America/Chicago
IRP,FZJH,Matari Airport,Isiro,CD,2.82761,27.58830,743,Africa/Lubumbashi
ISA,YBMA,Mount Isa Airport,Mount Isa,AU,-20.66638,139.48847,342,Australia/Brisbane
ISB,OPIS,Islamabad International Airport,Attock,PK,33.54900,72.82566,537,Asia/Karachi
ISE,LTFC,Süleyman Demirel International Airport,Isparta,TR,37.85540,30.36840,864,Europe/Istanbul
ISG,ROIG,New Ishigaki Airport,Ishigaki,JP,24.39639,124.24500,31,Asia/Tokyo
ISK,VAOZ,Nashik International Airport,Nashik,IN,20.11910,73.91290,579,Asia/Kolkata
ISP,KISP,Long Island MacArthur Airport,Islip,US,40.79632,-73.10170,30,America/New_York
IST,LTFM,İstanbul Airport,Istanbul,TR,41.27487,28.73214,99,Europe/Istanbul
ISU,ORSJ,Jalal Talabani International Airport,Sulaymaniyah,IQ,35.56049,45.31514,760,Asia/Baghdad
ITB,SBIH,Itaituba Airport,Itaituba,BR,-4.24213,-56.00065,34,America/Santarem
ITH,KITH,Ithaca Tompkins Regional Airport,Ithaca,US,42.49100,-76.45840,335,America/New_York
ITM,RJOO,Osaka Itami International Airport,Osaka,JP,34.78085,135.44083,15,Asia/Tokyo
ITO,PHTO,Hilo International Airport,Hilo,US,19.72135,-155.04543,12,Pacific/Honolulu
IUE,NIUE,Niue International Airport,Alofi,NU,-19.08011,-169.92349,64,Pacific/Niue
IVC,NZNV,Invercargill Airport,Invercargill,NZ,-46.41240,168.31300,2,Pacific/Auckland
IVL,EFIV,Ivalo Airport,Ivalo,FI,68.60730,27.40530,147,Europe/Helsinki
IWA,UUBI,Ivanovo South Airport,Ivanovo,RU,56.93940,40.94080,125,Europe/Moscow
IWJ,RJOW,Iwami Airport,Masuda,JP,34.67640,131.78999,56,Asia/Tokyo
IWK,RJOI,Iwakuni Kintaikyo Airport,Iwakuni,JP,34.14633,132.24724,2,Asia/Tokyo
IXA,VEAT,Agartala - Maharaja Bir Bikram Airport,Agartala,IN,23.88700,91.24040,14,Asia/Kolkata
IXB,VEBD,Bagdogra Airport,Siliguri,IN,26.68120,88.32860,126,Asia/Kolkata
IXC,VICG,Shaheed Bhagat Singh International Airport,Chandigarh,IN,30.67350,76.78850,308,Asia/Kolkata
IXD,VEAB,Prayagraj Airport,Allahabad,IN,25.44010,81.73390,98,Asia/Kolkata
IXE,VOML,Mangaluru International Airport,Mangaluru,IN,12.95471,74.88681,103,Asia/Kolkata
IXG,VOBM,Belagavi Airport,Belgaum,IN,15.85930,74.61830,758,Asia/Kolkata
IXI,VELR,Lilabari North Lakhimpur Airport,Lilabari,IN,27.29568,94.09727,101,Asia/Kolkata
IXJ,VIJU,Jammu Airport,Jammu,IN,32.68885,74.83815,304,Asia/Kolkata
IXK,VAKS,Keshod Airport,Keshod,IN,21.31710,70.27040,51,Asia/Kolkata
IXL,VILH,Leh Kushok Bakula Rimpochee Airport,Leh,IN,34.13590,77.54650,3256,Asia/Kolkata
IXM,VOMD,Madurai Airport,Madurai,IN,9.83451,78.09340,140,Asia/Kolkata
IXP,VIPK,Pathankot Airport,Pathankot,IN,32.23361,75.63444,310,Asia/Kolkata
IXR,VERC,Birsa Munda Airport,Ranchi,IN,23.31430,85.32170,655,Asia/Kolkata
IXS,VEKU,Silchar Airport,Silchar,IN,24.91290,92.97870,107,Asia/Kolkata
IXU,VAAU,Aurangabad Airport,Aurangabad,IN,19.86287,75.39631,582,Asia/Kolkata
IXY,VAKE,Kandla Airport,Kandla,IN,23.11270,70.10030,29,Asia/Kolkata
IXZ,VOPB,Veer Savarkar International Airport / INS Utkrosh,Port Blair,IN,11.64019,92.72902,4,Asia/Kolkata
IZA,SBZM,Presidente Itamar Franco Airport,Juiz de Fora,BR,-21.51309,-43.17307,411,America/Sao_Paulo
IZO,RJOC,Izumo Enmusubi Airport,Izumo,JP,35.41360,132.89000,5,Asia/Tokyo
IZT,MMIT,General Antonio Cárdenas Rodríguez National Airport / Ixtepec Air Base,Ixtepec,MX,16.44596,-95.09371,50,America/Mexico_City
JAC,KJAC,Jackson Hole Airport,Jackson,US,43.60730,-110.73800,1966,America/Denver
JAE,SPJE,Shumba Airport,Jaén,PE,-5.59248,-78.77400,755,America/Lima
JAF,VCCJ,Jaffna International Airport,Jaffna,LK,9.79233,80.07010,10,Asia/Colombo
JAI,VIJP,Jaipur International Airport,Jaipur,IN,26.82420,75.81220,385,Asia/Kolkata
JAN,KJAN,Jackson-Medgar Wiley Evers International Airport,Jackson,US,32.31120,-90.07590,105,America/Chicago
JAU,SPJJ,Francisco Carle Airport,Jauja,PE,-11.78310,-75.47340,3363,America/Lima
JAV,BGJN,Ilulissat Airport,Ilulissat,GL,69.24320,-51.05710,29,America/Nuuk
JAX,KJAX,Jacksonville International Airport,Jacksonville,US,30.49247,-81.68781,9,America/New_York
JBQ,MDJB,La Isabela International Airport,La Isabela,DO,18.57250,-69.98560,30,America/Santo_Domingo
JBR,KJBR,Jonesboro Municipal Airport,Jonesboro,US,35.83170,-90.64640,80,America/Chicago
JCL,LKCS,České Budějovice South Bohemian Airport,České Budějovice,CZ,48.94817,14.42832,432,Europe/Prague
JDF,SBJF,Francisco de Assis Airport,Juiz de Fora,BR,-21.79148,-43.38607,911,America/Sao_Paulo
JDH,VIJO,Jodhpur Airport,Jodhpur,IN,26.25110,73.04890,219,Asia/Kolkata
JDZ,ZSJD,Jingdezhen Luojia Airport,Jingdezhen,CN,29.33860,117.17600,34,Asia/Shanghai
JED,OEJN,King Abdulaziz International Airport,Jeddah,SA,21.68024,39.15744,15,Asia/Riyadh
JEE,MTJE,Jérémie Airport,Carrefour Sanon,HT,18.66310,-74.17030,45,America/Port-au-Prince
JEG,BGAA,Aasiaat Airport,Aasiaat,GL,68.72180,-52.78470,23,America/Nuuk
JER,EGJJ,Jersey Airport,St. Peter,JE,49.20790,-2.19551,84,Europe/Jersey
JFK,KJFK,John F. Kennedy International Airport,New York,US,40.63945,-73.77932,4,America/New_York
JGA,VAJM,Jamnagar Airport,Jamnagar,IN,22.46550,70.01260,21,Asia/Kolkata
JGD,ZYJD,Daxing'anling Elunchun Airport,Jiagedaqi,CN,50.37139,124.11750,367,Asia/Shanghai
JGN,ZLJQ,Jiayuguan International Airport,Jiayuguan,CN,39.85905,98.33934,1558,Asia/Shanghai
JGS,ZSGS,Jinggangshan Airport,Ji'an,CN,26.85690,114.73700,86,Asia/Shanghai
JHB,WMKJ,Senai International Airport,Johor Bahru,MY,1.64131,103.67000,41,Asia/Kuala_Lumpur
JHG,ZPJH,Xishuangbanna Gasa International Airport,Jinghong (Gasa),CN,21.97465,100.76222,553,Asia/Shanghai
JHM,PHJH,Kapalua Airport,Lahaina,US,20.96290,-156.67300,78,Pacific/Honolulu
JHS,BGSS,Sisimiut Airport,Sisimiut,GL,66.95130,-53.72930,10,America/Nuuk
JIB,HDAM,Djibouti-Ambouli Airport,Djibouti City,DJ,11.54730,43.15950,15,Africa/Djibouti
JIC,ZLJC,Jinchang Jinchuan Airport,Jinchang,CN,38.54222,102.34833,1445,Asia/Shanghai
JIJ,HAJJ,Gerad Wilwal International Airport,Jijiga,ET,9.33191,42.91181,1815,Africa/Addis_Ababa
JIM,HAJM,Jimma Airport,Jimma,ET,7.66609,36.81660,1676,Africa/Addis_Ababa
JIQ,ZUQJ,Qianjiang Wulingshan Airport,Qianjiang,CN,29.51333,108.83111,632,Asia/Shanghai
JJD,SBJE,Comandante Ariston Pessoa Airport,Cruz,BR,-2.90643,-40.35734,27,America/Fortaleza
JJN,ZSQZ,Quanzhou Jinjiang International Airport,Quanzhou,CN,24.79585,118.58860,12,Asia/Shanghai
JJU,BGQO,Qaqortoq Airport,Qaqortoq,GL,60.76383,-46.06500,154,America/Nuuk
JKG,ESGJ,Jönköping Airport,Jönköping,SE,57.75760,14.06870,226,Europe/Stockholm
JKH,LGHI,Chios Island National Airport,Chios Island,GR,38.34320,26.14060,5,Europe/Athens
JKR,VNJP,Janakpur Airport,Janakpur,NP,26.70880,85.92240,78,Asia/Kathmandu
JLN,KJLN,Joplin Regional Airport,Joplin,US,37.15180,-94.49830,299,America/Chicago
JLR,VAJB,Jabalpur Airport,Jabalpur,IN,23.17780,80.05200,495,Asia/Kolkata
JMJ,ZPJM,Lancang Jingmai Airport,Pu'er (Lancang),CN,22.41773,99.78401,0,Asia/Shanghai
JMK,LGMK,Mykonos Island National Airport,Mykonos,GR,37.43510,25.34810,123,Europe/Athens
JMS,KJMS,Jamestown Regional Airport,Jamestown,US,46.92970,-98.67820,457,America/Chicago
JMU,ZYJM,Jiamusi Songjiang International Airport,Jiamusi,CN,46.84279,130.46426,80,Asia/Shanghai
JNB,FAOR,O.R. Tambo International Airport,Johannesburg,ZA,-26.14008,28.24680,1694,Africa/Johannesburg
JNG,ZSJG,Jining Da'an Airport,Jining,CN,35.64736,116.74327,52,Asia/Shanghai
JNH,ZSJX,Jiaxing Nanhu Airport,"Xiuzhou, Hangzhou",CN,30.69806,120.66306,5,Asia/Shanghai
JNU,PAJN,Juneau International Airport,Juneau,US,58.35493,-134.57442,6,America/Juneau
JNZ,ZYJZ,Jinzhou Bay Airport,Jinzhou (Linghai),CN,40.93603,121.27711,0,Asia/Shanghai
JOE,EFJO,Joensuu Airport,Joensuu,FI,62.65881,29.61940,121,Europe/Helsinki
JOG,WAHH,Adisutjipto International Airport,Yogyakarta,ID,-7.78818,110.43200,116,Asia/Jakarta
JOI,SBJV,Lauro Carneiro de Loyola Airport,Joinville,BR,-26.22450,-48.79740,5,America/Sao_Paulo
JOL,RPMJ,Jolo Airport,Jolo,PH,6.05367,121.01100,36,Asia/Manila
JOS,DNJO,Yakubu Gowon Airport,Jos,NG,9.63983,8.86905,1290,Africa/Lagos
JPA,SBJP,Presidente Castro Pinto International Airport,João Pessoa,BR,-7.14869,-34.95055,66,America/Fortaleza
JRH,VEJT,Jorhat Airport,Jorhat,IN,26.73046,94.17542,95,Asia/Kolkata
JRO,HTKJ,Kilimanjaro International Airport,Arusha,TZ,-3.42705,37.07353,894,Africa/Dar_es_Salaam
JSA,VIJR,Jaisalmer Airport,,IN,26.88870,70.86500,229,Asia/Kolkata
JSH,LGST,Sitia Airport,Crete Island,GR,35.21610,26.10130,115,Europe/Athens
JSI,LGSK,Skiathos Island National Airport,Skiathos,GR,39.17710,23.50370,16,Europe/Athens
JSJ,ZYJS,Jiansanjiang Shidi Airport,Jiansanjiang,CN,47.10825,132.65792,0,Asia/Shanghai
JSR,VGJR,Jessore Airport,Jashore (Jessore),BD,23.18380,89.16080,6,Asia/Dhaka
JST,KJST,John Murtha Johnstown Cambria County Airport,Johnstown,US,40.31610,-78.83390,696,America/New_York
JTC,SBAE,Bauru/Arealva–Moussa Nakhal Tobias State Airport,Bauru,BR,-22.16076,-49.07032,598,America/Sao_Paulo
JTR,LGSR,Santorini International Airport,Santorini Island,GR,36.40004,25.47864,39,Europe/Athens
JUB,HJJJ,Juba International Airport,Juba,SS,4.87201,31.60110,461,Africa/Juba
JUJ,SASJ,Gobernador Horacio Guzman International Airport,San Salvador de Jujuy,AR,-24.39280,-65.09780,920,America/Argentina/Jujuy
JUL,SPJL,Inca Manco Capac International Airport,Juliaca,PE,-15.46769,-70.15653,3826,America/Lima
JUZ,ZSJU,Quzhou Airport,Quzhou (Kezheng),CN,28.96613,118.89879,65,Asia/Shanghai
JXA,ZYJX,Jixi Xingkaihu Airport,Jixi,CN,45.29300,131.19300,232,Asia/Shanghai
JYV,EFJY,Jyväskylä Airport,Jyväskylän Maalaiskunta,FI,62.39950,25.67830,140,Europe/Helsinki
JZH,ZUJZ,Jiuzhai Huanglong Airport,Ngawa (Songpan),CN,32.85333,103.68222,3452,Asia/Shanghai
KAB,FVKB,Kariba Airport,Kariba,ZW,-16.51980,28.88500,520,Africa/Harare
KAC,OSKL,Qamishli International Airport,Qamishli,SY,37.02060,41.19140,451,Asia/Damascus
KAD,DNKA,Kaduna International Airport,Kaduna,NG,10.69600,7.32011,632,Africa/Lagos
KAI,SYKA,Kaieteur Airport,Kaieteur Falls,GY,5.17735,-59.48898,463,America/Guyana
KAJ,EFKI,Kajaani Airport,Kajaani,FI,64.28550,27.69240,147,Europe/Helsinki
KAN,DNKN,Mallam Aminu Kano International Airport,Kano,NG,12.04561,8.52357,476,Africa/Lagos
KAO,EFKS,Kuusamo Airport,Kuusamo,FI,65.98760,29.23940,264,Europe/Helsinki
KAT,NZKT,Kaitaia Airport,Awanui,NZ,-35.06984,173.28705,82,Pacific/Auckland
KAW,VYKT,Kawthoung Airport,Kawthoung,MM,10.04930,98.53800,55,Asia/Yangon
KBL,OAKB,Kabul International Airport,Kabul,AF,34.56590,69.21230,1791,Asia/Kabul
KBR,WMKC,Sultan Ismail Petra Airport,Kota Baharu,MY,6.16685,102.29300,5,Asia/Kuala_Lumpur
KBV,VTSG,Krabi International Airport,Krabi,TH,8.09559,98.98896,25,Asia/Bangkok
KCH,WBGG,Kuching International Airport,Kuching,MY,1.48736,110.35286,27,Asia/Kuching
KCM,LTCN,Kahramanmaraş Airport,Kahramanmaraş,TR,37.53883,36.95352,525,Europe/Istanbul
KCT,VCCK,Koggala Airport,Galle,LK,5.99368,80.32030,3,Asia/Colombo
KCY,UNKM,Krasnoyarsk Cheremshanka Airport,Krasnoyarsk,RU,56.17758,92.54588,254,Asia/Krasnoyarsk
KCZ,RJOK,Kochi Ryoma Airport,Nankoku,JP,33.54522,133.67017,13,Asia/Tokyo
KDH,OAKN,Ahmad Shah Baba International Airport,Kandahar,AF,31.50577,65.84796,1017,Asia/Kabul
KDL,EEKA,Kärdla Airport,Kärdla,EE,58.99080,22.83070,5,Europe/Tallinn
KDM,VRMT,Kaadedhdhoo Airport,Huvadhu Atoll,MV,0.48813,72.99690,1,Indian/Maldives
KDO,VRMK,Kadhdhoo Airport,Kadhdhoo,MV,1.85917,73.52190,1,Indian/Maldives
KDU,OPSD,Skardu International Airport,Skardu,PK,35.33866,75.53865,2230,Asia/Karachi
KEF,BIKF,Keflavik International Airport,Reykjavík,IS,63.98500,-22.60560,52,Atlantic/Reykjavik
KEJ,UNEE,Alexei Leonov Kemerovo International Airport,Kemerovo,RU,55.27010,86.10720,263,Asia/Novokuznetsk
KEM,EFKE,Kemi-Tornio Airport,Kemi / Tornio,FI,65.77870,24.58210,19,Europe/Helsinki
KEP,VNNG,Nepalgunj Airport,Nepalgunj,NP,28.10360,81.66700,165,Asia/Kathmandu
KER,OIKK,Ayatollah Hashemi Rafsanjani International Airport,Kerman,IR,30.27128,56.94969,1750,Asia/Tehran
KET,VYKG,Kengtung Airport,Kengtung,MM,21.30160,99.63600,853,Asia/Yangon
KFS,LTAL,Kastamonu Airport,Kastamonu,TR,41.31420,33.79580,1073,Europe/Istanbul
KGA,FZUA,Kananga Airport,Kananga,CD,-5.90005,22.46920,652,Africa/Lubumbashi
KGC,YKSC,Kingscote Airport,,AU,-35.71390,137.52100,7,Australia/Adelaide
KGD,UMKK,Khrabrovo Airport,Kaliningrad,RU,54.89161,20.59856,13,Europe/Kaliningrad
KGF,UAKK,Sary-Arka Airport,Karaganda,KZ,49.67080,73.33440,538,Asia/Almaty
KGI,YPKG,Kalgoorlie Boulder Airport,Broadwood,AU,-30.79154,121.46459,367,Australia/Perth
KGL,HRYR,Kigali International Airport,Kigali,RW,-1.96863,30.13950,1481,Africa/Kigali
KGP,USRK,Kogalym International Airport,Kogalym,RU,62.19040,74.53380,67,Asia/Yekaterinburg
KGS,LGKO,"Kos International Airport ""Ippokratis""",Kos Island,GR,36.79452,27.09115,126,Europe/Athens
KGT,ZUKD,Kangding Airport,Garzê (Kangding),CN,30.14246,101.73872,4280,Asia/Shanghai
KHD,OICK,Khoram Abad Airport,,IR,33.43540,48.28290,1153,Asia/Tehran
KHG,ZWSH,Kashgar Laining International Airport,Kashgar,CN,39.54227,76.02023,1380,Asia/Urumqi
KHH,RCKH,Kaohsiung International Airport,Kaohsiung (Xiaogang),TW,22.57710,120.35000,9,Asia/Taipei
KHI,OPKC,Jinnah International Airport,Karachi,PK,24.90650,67.16080,30,Asia/Karachi
KHK,OIBQ,Khark Airport,Khark,IR,29.26050,50.32219,5,Asia/Tehran
KHN,ZSCN,Nanchang Changbei International Airport,Nanchang,CN,28.86482,115.90271,44,Asia/Shanghai
KHS,OOKB,Khasab Airport,Khasab,OM,26.17100,56.24060,30,Asia/Muscat
KHT,OAKS,Khost International Airport,Khost,AF,33.28460,69.80734,1281,Asia/Kabul
KHV,UHHH,Khabarovsk Novy Airport,Khabarovsk,RU,48.52834,135.18859,74,Asia/Vladivostok
KHX,UG-0002,Savannah Airstrip,Kihihi,UG,-0.71650,29.69970,1097,Africa/Kampala
KIH,OIBK,Kish International Airport,Kish Island,IR,26.52543,53.98046,31,Asia/Tehran
KIJ,RJSN,Niigata Airport,Niigata,JP,37.95417,139.11219,9,Asia/Tokyo
KIK,ORKK,Kirkuk International Airport,Kirkuk,IQ,35.46950,44.34890,323,Asia/Baghdad
KIM,FAKM,Kimberley Airport,Kimberley,ZA,-28.80540,24.76487,1204,Africa/Johannesburg
KIN,MKJP,Norman Manley International Airport,Kingston,JM,17.93570,-76.78750,3,America/Jamaica
KIR,EIKY,Kerry Airport,Farranfore,IE,52.18090,-9.52378,34,Europe/Dublin
KIS,HKKI,Kisumu International Airport,Kisumu,KE,-0.08614,34.72890,1138,Africa/Nairobi
KIX,RJBB,Kansai International Airport,Osaka,JP,34.42730,135.24400,8,Asia/Tokyo
KJA,UNKL,Krasnoyarsk International Airport,Krasnoyarsk,RU,56.17574,92.48579,287,Asia/Krasnoyarsk
KJB,VOKU,Kurnool Airport,Orvakal,IN,15.71629,78.16923,280,Asia/Kolkata
KJH,ZUKJ,Kaili Huangping Airport,Kaili  (Huangping),CN,26.97200,107.98800,949,Asia/Shanghai
KJI,ZWKN,Burqin Kanas Airport,Burqin,CN,48.22230,86.99590,1195,Asia/Urumqi
KJT,WICA,Kertajati International Airport,Kertajati,ID,-6.64738,108.16556,41,Asia/Jakarta
KKC,VTUK,Khon Kaen Airport,Khon Kaen,TH,16.46660,102.78400,204,Asia/Bangkok
KKE,NZKK,Kerikeri Airport,Kerikeri,NZ,-35.25915,173.91332,150,Pacific/Auckland
KKJ,RJFR,Kitakyushu Airport,Kitakyushu,JP,33.84590,131.03500,6,Asia/Tokyo
KKN,ENKR,"Kirkenes Airport, Høybuktmoen",Kirkenes,NO,69.72580,29.89130,86,Europe/Oslo
KKR,NTGK,Kaukura Airport,Raitahiti,PF,-15.66330,-146.88500,3,Pacific/Tahiti
KKS,OIFK,Kashan Airport,Kashan,IR,33.89530,51.57700,1056,Asia/Tehran
KKW,FZCA,Kikwit Airport,Kikwit,CD,-5.03577,18.78560,479,Africa/Kinshasa
KKX,RJKI,Kikai Airport,Kikai,JP,28.32130,129.92799,6,Asia/Tokyo
KLH,VAKP,Kolhapur Airport,Kolhapur,IN,16.66470,74.28940,608,Asia/Kolkata
KLO,RPVK,Kalibo International Airport,Kalibo,PH,11.67940,122.37600,4,Asia/Manila
KLR,ESMQ,Kalmar Airport,Kalmar,SE,56.68550,16.28760,5,Europe/Stockholm
KLU,LOWK,Klagenfurt Airport,Klagenfurt am Wörthersee,AT,46.64250,14.33770,449,Europe/Vienna
KLV,LKKV,Karlovy Vary Airport,Karlovy Vary,CZ,50.20300,12.91500,606,Europe/Prague
KLW,PAKW,Klawock Airport,Klawock,US,55.57920,-133.07600,24,America/Sitka
KLX,LGKL,Kalamata Airport,Kalamata,GR,37.06830,22.02550,8,Europe/Athens
KMA,AYKM,Kerema Airport,Kerema,PG,-7.96361,145.77100,3,Pacific/Port_Moresby
KMC,OEKK,King Khaled Military City Airport,King Khaled Military City,SA,27.90090,45.52820,412,Asia/Riyadh
KME,HRZA,Kamembe Airport,Kamembe,RW,-2.46224,28.90790,1583,Africa/Kigali
KMG,ZPPP,Kunming Changshui International Airport,Kunming,CN,25.11031,102.93674,2104,Asia/Shanghai
KMI,RJFM,Miyazaki Airport,Miyazaki,JP,31.87720,131.44900,6,Asia/Tokyo
KMJ,RJFT,Kumamoto Airport,Kumamoto,JP,32.83730,130.85500,196,Asia/Tokyo
KMQ,RJNK,Komatsu Airport / JASDF Komatsu Air Base,Kanazawa,JP,36.39341,136.40689,11,Asia/Tokyo
KMS,DGSI,Prempeh I International Airport,Kumasi,GH,6.71456,-1.59082,287,Africa/Accra
KMW,UUBA,Kostroma Sokerkino Airport,Kostroma,RU,57.79690,41.01940,136,Europe/Moscow
KND,FZOA,Kindu Airport,Kindu,CD,-2.91918,25.91540,497,Africa/Lubumbashi
KNG,WASK,Utarom Airport,Kaimana,ID,-3.64460,133.69512,6,Asia/Jayapura
KNH,RCBS,Kinmen Airport,Shang-I,TW,24.42790,118.35900,28,Asia/Taipei
KNO,WIMM,Kualanamu International Airport,Beringin,ID,3.63785,98.87057,7,Asia/Jakarta
KNQ,NWWD,Koné Airport,Koné,NC,-21.05355,164.83877,7,Pacific/Noumea
KNS,YKII,King Island Airport,,AU,-39.87750,143.87801,40,Australia/Hobart
KNU,VECX,Kanpur Airport,Kanpur,IN,26.40430,80.41010,125,Asia/Kolkata
KNX,YPKU,East Kimberley Regional (Kununurra) Airport,Kununurra,AU,-15.77810,128.70799,44,Australia/Perth
KOA,PHKO,Ellison Onizuka Kona International Airport at Keāhole,Kailua-Kona,US,19.73878,-156.04560,14,Pacific/Honolulu
KOE,WATT,El Tari Airport,Kupang,ID,-10.17160,123.67100,102,Asia/Makassar
KOI,EGPA,Kirkwall Airport,"Kirkwall, Orkney Islands",GB,58.95790,-2.90508,15,Europe/London
KOJ,RJFK,Kagoshima Airport,Kagoshima,JP,31.80340,130.71899,276,Asia/Tokyo
KOK,EFKK,Kokkola-Pietarsaari Airport,Kokkola / Kruunupyy,FI,63.72120,23.14310,26,Europe/Helsinki
KOP,VTUW,Nakhon Phanom Airport,Nakhon Phanom,TH,17.38380,104.64300,179,Asia/Bangkok
KOS,VDSV,Sihanouk International Airport,Preah Sihanouk,KH,10.57056,103.63207,10,Asia/Phnom_Penh
KOV,UACK,Kokshetau International Airport,Kokshetau,KZ,53.32910,69.59460,274,Asia/Almaty
KPO,RKTH,Pohang Airport (G-815/K-3),Pohang,KR,35.98795,129.42038,21,Asia/Seoul
KPW,UHMK,Keperveem Airport,Keperveem,RU,67.84500,166.14000,190,Asia/Anadyr
KQH,VIKG,Kishangarh Airport Ajmer,Ajmer (Kishangarh),IN,26.59101,74.81296,0,Asia/Kolkata
KQT,UTDT,Bokhtar International Airport,Bokhtar,TJ,37.86632,68.86447,449,Asia/Dushanbe
KRF,ESNK,Kramfors-Sollefteå Höga Kusten Airport,Nyland,SE,63.04860,17.76890,10,Europe/Stockholm
KRK,EPKK,Kraków John Paul II International Airport,Balice,PL,50.07770,19.78480,241,Europe/Warsaw
KRL,ZWKL,Korla Licheng Airport,Korla,CN,41.61498,86.14082,927,Asia/Urumqi
KRN,ESNQ,Kiruna Airport,Kiruna,SE,67.82200,20.33680,460,Europe/Stockholm
KRO,USUU,Kurgan Airport,Kurgan,RU,55.47530,65.41560,73,Asia/Yekaterinburg
KRP,EKKA,Midtjyllands Airport / Air Base Karup,Karup,DK,56.29714,9.10431,52,Europe/Copenhagen
KRR,URKK,Krasnodar Pashkovsky International Airport,Krasnodar,RU,45.03446,39.17421,36,Europe/Moscow
KRS,ENCN,Kristiansand Airport,Kristiansand(Kjevik),NO,58.20420,8.08537,17,Europe/Oslo
KRT,HSSK,Khartoum International Airport,Khartoum,SD,15.58950,32.55320,386,Africa/Khartoum
KRW,UTAK,Turkmenbaşy International Airport,Turkmenbaşy,TM,40.06283,53.00509,85,Asia/Ashgabat
KSA,PTSA,Kosrae International Airport,Okat,FM,5.35698,162.95799,3,Pacific/Kosrae
KSC,LZKZ,Košice International Airport,Košice,SK,48.66310,21.24110,230,Europe/Bratislava
KSD,ESOK,Karlstad Airport,Karlstad,SE,59.44470,13.33740,107,Europe/Stockholm
KSF,EDVK,Kassel Airport,Calden,DE,51.41839,9.39164,250,Europe/Berlin
KSH,OICC,Shahid Ashrafi Esfahani Airport,Kermanshah,IR,34.34590,47.15810,1313,Asia/Tehran
KSL,HSKA,Kassala Airport,Kassala,SD,15.38750,36.32880,509,Africa/Khartoum
KSN,UAUU,Kostanay International Airport,Kostanay,KZ,53.20690,63.55030,181,Asia/Qostanay
KSU,ENKB,"Kristiansund Airport, Kvernberget",Kvernberget,NO,63.11180,7.82452,62,Europe/Oslo
KSY,LTCF,Kars Airport,Kars,TR,40.56220,43.11500,1795,Europe/Istanbul
KSZ,ULKK,Kotlas Airport,Kotlas,RU,61.23580,46.69750,56,Europe/Moscow
KTA,YPKA,Karratha Airport,Karratha,AU,-20.71220,116.77300,9,Australia/Perth
KTD,RORK,Kitadaito Airport,Kitadaitōjima,JP,25.94470,131.32700,24,Asia/Tokyo
KTG,WIOK,Rahadi Osman Airport,Ketapang,ID,-1.81716,109.96347,14,Asia/Pontianak
KTI,VDTI,Techo International Airport,Phnom Penh (Boeng Khyang),KH,11.35999,104.92127,6,Asia/Phnom_Penh
KTM,VNKT,Tribhuvan International Airport,Kathmandu,NP,27.69660,85.35910,1338,Asia/Kathmandu
KTN,PAKT,Ketchikan International Airport,Ketchikan,US,55.35560,-131.71400,27,America/Sitka
KTP,MKTP,Tinson Pen Airport,Tinson Pen,JM,17.98860,-76.82380,5,America/Jamaica
KTT,EFKT,Kittilä International Airport,Kittilä,FI,67.70100,24.84680,196,Europe/Helsinki
KTW,EPKT,Katowice Wojciech Korfanty International Airport,Katowice,PL,50.47601,19.08070,303,Europe/Warsaw
KUA,WMKD,Kuantan Airport,Kuantan,MY,3.77539,103.20900,18,Asia/Kuala_Lumpur
KUF,UWWW,Kurumoch International Airport,Samara,RU,53.50490,50.16430,145,Europe/Samara
KUH,RJCK,Kushiro Airport,Kushiro,JP,43.04100,144.19299,100,Asia/Tokyo
KUL,WMKK,Kuala Lumpur International Airport,Sepang,MY,2.74558,101.71000,21,Asia/Kuala_Lumpur
KUM,RJFC,Yakushima Airport,Yakushima,JP,30.38560,130.65900,38,Asia/Tokyo
KUN,EYKA,Kaunas International Airport,Kaunas,LT,54.96397,24.08582,78,Europe/Vilnius
KUO,EFKU,Kuopio Airport,Kuopio / Siilinjärvi,FI,63.00710,27.79780,98,Europe/Helsinki
KUS,BGKK,Kulusuk Airport,Kulusuk,GL,65.57360,-37.12360,36,America/Nuuk
KUT,UGKO,David the Builder Kutaisi International Airport,Kopitnari,GE,42.17745,42.48535,68,Asia/Tbilisi
KUU,VIBR,Kullu Manali Airport,Bhuntar,IN,31.87670,77.15440,1089,Asia/Kolkata
KUV,RKJK,Gunsan Airport / Gunsan Air Base,Gunsan,KR,35.90380,126.61600,9,Asia/Seoul
KVA,LGKV,Kavala Alexander the Great International Airport,Kavala,GR,40.91330,24.61920,5,Europe/Athens
KVG,AYKV,Kavieng Airport,Kavieng,PG,-2.57940,150.80800,2,Pacific/Port_Moresby
KVO,LYKV,Morava Airport,Kraljevo,RS,43.81752,20.58666,209,Europe/Belgrade
KVX,USKK,Pobedilovo Airport,Kirov,RU,58.50388,49.34783,146,Europe/Kirov
KWA,PKWA,Bucholz Army Air Field,Kwajalein,MH,8.72012,167.73199,3,Pacific/Kwajalein
KWE,ZUGY,Guiyang Longdongbao International Airport,Guiyang (Nanming),CN,26.54181,106.80402,1139,Asia/Shanghai
KWI,OKKK,Kuwait International Airport,Kuwait City,KW,29.22449,47.96981,63,Asia/Kuwait
KWJ,RKJJ,Gwangju Airport,Gwangju,KR,35.12317,126.80544,12,Asia/Seoul
KWL,ZGKL,Guilin Liangjiang International Airport,Guilin (Lingui),CN,25.21983,110.03955,174,Asia/Shanghai
KWM,YKOW,Kowanyama Airport,Kowanyama,AU,-15.48537,141.75257,11,Australia/Brisbane
KWZ,FZQM,Kolwezi Airport,Kolwezi,CD,-10.76590,25.50570,1526,Africa/Lubumbashi
KXB,WAWP,Sangia Nibandera Airport,Kolaka,ID,-4.33816,121.52405,12,Asia/Makassar
KXK,UHKK,Komsomolsk-on-Amur Airport,Komsomolsk-on-Amur,RU,50.40900,136.93401,28,Asia/Vladivostok
KYA,LTAN,Konya Airport,Konya,TR,37.97900,32.56190,1034,Europe/Istanbul
KYD,RCLY,Lanyu Airport,Orchid Island,TW,22.02700,121.53500,13,Asia/Taipei
KYP,VYKP,Kyaukpyu Airport,Kyaukpyu,MM,19.42640,93.53480,6,Asia/Yangon
KYS,GAKD,Kayes Dag Dag Airport,Kayes,ML,14.48252,-11.39934,50,Africa/Bamako
KYZ,UNKY,Kyzyl Airport,Kyzyl,RU,51.66940,94.40060,647,Asia/Krasnoyarsk
KZI,LGKZ,Kozani National Airport Filippos,Kozani,GR,40.28610,21.84080,628,Europe/Athens
KZN,UWKD,Kazan International Airport,Kazan,RU,55.60620,49.27870,125,Europe/Moscow
KZO,UAOO,Korkyt Ata International Airport,Kyzylorda,KZ,44.70690,65.59250,132,Asia/Qyzylorda
KZR,LTBZ,Zafer Airport,Altıntaş,TR,39.11111,30.13040,1014,Europe/Istanbul
LAD,FNLU,Quatro de Fevereiro International Airport,Luanda,AO,-8.85837,13.23120,74,Africa/Luanda
LAE,AYNZ,Nadzab Tomodachi International Airport,Lae,PG,-6.56799,146.72654,73,Pacific/Port_Moresby
LAF,KLAF,Purdue University Airport,West Lafayette,US,40.41287,-86.93936,185,America/Indiana/Indianapolis
LAJ,SBLJ,Lages Airport,Lages,BR,-27.78210,-50.28150,934,America/Sao_Paulo
LAL,KLAL,Lakeland Linder International Airport,Lakeland,US,27.98927,-82.02071,43,America/New_York
LAN,KLAN,Capital Region International Airport,Lansing,US,42.77758,-84.58572,262,America/Detroit
LAO,RPLI,Laoag International Airport,Laoag City,PH,18.17509,120.53101,8,Asia/Manila
LAP,MMLP,Manuel Márquez de León International Airport,La Paz,MX,24.07233,-110.36266,21,America/Mazatlan
LAQ,HLLQ,Al Abraq International Airport,Al Albraq,LY,32.78904,21.95486,657,Africa/Tripoli
LAR,KLAR,Laramie Regional Airport,Laramie,US,41.31210,-105.67500,2220,America/Denver
LAS,KLAS,Harry Reid International Airport,Las Vegas,US,36.08336,-115.15182,665,America/Los_Angeles
LAU,HKLU,Manda Airport,Lamu,KE,-2.25243,40.91289,6,Africa/Nairobi
LAW,KLAW,Lawton Fort Sill Regional Airport,Lawton,US,34.56770,-98.41660,338,America/Chicago
LAX,KLAX,Los Angeles International Airport,Los Angeles,US,33.94250,-118.40800,38,America/Los_Angeles
LBA,EGNM,Leeds Bradford Airport,"Leeds, West Yorkshire",GB,53.86590,-1.66057,208,Europe/London
LBB,KLBB,Lubbock Preston Smith International Airport,Lubbock,US,33.66360,-101.82300,1000,America/Chicago
LBC,EDHL,Lübeck Blankensee Airport,Lübeck,DE,53.80540,10.71920,16,Europe/Berlin
LBD,UTDL,Khujand International Airport,Khujand,TJ,40.21540,69.69470,442,Asia/Dushanbe
LBE,KLBE,Arnold Palmer Regional Airport,Latrobe,US,40.27590,-79.40480,365,America/New_York
LBF,KLBF,North Platte Regional Airport Lee Bird Field,North Platte,US,41.12620,-100.68400,846,America/Chicago
LBL,KLBL,Liberal Mid-America Regional Airport,Liberal,US,37.04420,-100.96000,879,America/Chicago
LBS,NFNL,Labasa Airport,Labasa,FJ,-16.46670,179.34000,13,Pacific/Fiji
LBU,WBKL,Labuan Airport,Labuan,MY,5.30167,115.24833,31,Asia/Kuching
LBV,FOOL,Libreville Leon M'ba International Airport,Libreville,GA,0.45895,9.41214,12,Africa/Libreville
LCA,LCLK,Larnaca International Airport,Larnaca,CY,34.87510,33.62490,2,Asia/Nicosia
LCE,MHLC,Golosón International Airport,La Ceiba,HN,15.74250,-86.85300,12,America/Tegucigalpa
LCG,LECO,A Coruña Airport,Culleredo,ES,43.30210,-8.37726,99,Europe/Madrid
LCH,KLCH,Lake Charles Regional Airport,Lake Charles,US,30.12610,-93.22330,5,America/Chicago
LCJ,EPLL,Łódź Władysław Reymont Airport,Łódź,PL,51.72190,19.39810,184,Europe/Warsaw
LCK,KLCK,Rickenbacker International Airport,Columbus,US,39.81380,-82.92780,227,America/New_York
LCX,ZSLO,Liancheng Guanzhishan Airport,Longyan (Liancheng),CN,25.67592,116.74591,373,Asia/Shanghai
LCY,EGLC,London City Airport,London,GB,51.50530,0.05528,6,Europe/London
LDB,SBLO,Governor José Richa Airport,Londrina,BR,-23.33438,-51.12837,569,America/Sao_Paulo
LDE,LFBT,Tarbes-Lourdes-Pyrénées Airport,Tarbes/Lourdes/Pyrénées,FR,43.17870,-0.00644,384,Europe/Paris
LDS,ZYLD,Yichun Lindu Airport,Yichun,CN,47.75206,129.01913,241,Asia/Shanghai
LDU,WBKD,Lahad Datu Airport,Lahad Datu,MY,5.03241,118.32376,14,Asia/Kuching
LDX,SOOM,Saint-Laurent-du-Maroni Airport,Saint-Laurent-du-Maroni,GF,5.48189,-54.03496,5,America/Cayenne
LDY,EGAE,City of Derry Airport,"Derry, Derry and Strabane",GB,55.04280,-7.16111,7,Europe/London
LEA,YPLM,Learmonth Airport,Exmouth,AU,-22.23520,114.09002,6,Australia/Perth
LEB,KLEB,Lebanon Municipal Airport,Lebanon,US,43.62610,-72.30420,184,America/New_York
LED,ULLI,Pulkovo Airport,St. Petersburg,RU,59.80030,30.26250,24,Europe/Moscow
LEI,LEAM,Almería Airport,Almería,ES,36.84390,-2.37010,21,Europe/Madrid
LEJ,EDDP,Leipzig/Halle Airport,Schkeuditz,DE,51.42066,12.23270,142,Europe/Berlin
LEN,LELN,León Airport,La Virgen del Camino,ES,42.59071,-5.65341,916,Europe/Madrid
LER,YLST,Leinster Airport,,AU,-27.84330,120.70300,497,Australia/Perth
LET,SKLT,Alfredo Vásquez Cobo International Airport,Leticia,CO,-4.19115,-69.94200,84,America/Bogota
LEU,LESU,Pirineus - la Seu d'Urgel Airport,La Seu d'Urgell Pyrenees and Andorra,ES,42.33860,1.40917,800,Europe/Madrid
LEX,KLEX,Blue Grass Airport,Lexington,US,38.03507,-84.60674,298,America/New_York
LFM,OISR,Lamerd Airport,Lamerd,IR,27.37270,53.18880,408,Asia/Tehran
LFQ,ZBLF,Linfen Yaodu Airport,Linfen (Yaodu),CN,36.13263,111.64124,452,Asia/Shanghai
LFT,KLFT,Lafayette Regional Airport,Lafayette,US,30.20530,-91.98760,13,America/Chicago
LFW,DXXX,Lomé–Tokoin International Airport,Lomé,TG,6.16561,1.25451,22,Africa/Lome
LGA,KLGA,LaGuardia Airport,New York,US,40.77720,-73.87260,6,America/New_York
LGB,KLGB,Long Beach International Airport,Long Beach,US,33.81652,-118.14989,18,America/Los_Angeles
LGG,EBLG,Liège Airport,Grâce-Hollogne,BE,50.63857,5.44390,201,Europe/Brussels
LGI,MYLD,Deadman's Cay Airport,Deadman's Cay,BS,23.17900,-75.09360,3,America/Nassau
LGK,WMKL,Langkawi International Airport,Langkawi,MY,6.32973,99.72870,9,Asia/Kuala_Lumpur
LGW,EGKK,London Gatwick Airport,London,GB,51.14874,-0.18574,62,Europe/London
LHE,OPLA,Allama Iqbal International Airport,Lahore,PK,31.52160,74.40360,217,Asia/Karachi
LHG,YLRD,Lightning Ridge Airport,,AU,-29.45286,147.97715,165,Australia/Sydney
LHL,UBLC,Lachin International Airport,Lachin,AZ,39.88379,46.36314,1700,Asia/Baku
LHR,EGLL,London Heathrow Airport,London,GB,51.47075,-0.45991,25,Europe/London
LHS,SAVH,Las Heras Airport,Las Heras,AR,-46.53852,-68.96532,330,America/Argentina/Rio_Gallegos
LHW,ZLLL,Lanzhou Zhongchuan International Airport,Lanzhou (Yongdeng),CN,36.51520,103.62000,1947,Asia/Shanghai
LIF,NWWL,Lifou Airport,Lifou,NC,-20.77456,167.23933,28,Pacific/Noumea
LIG,LFBL,Limoges Airport,Limoges/Bellegarde,FR,45.86280,1.17944,396,Europe/Paris
LIH,PHLI,Lihue Airport,"Lihue, Kauai",US,21.97439,-159.33715,47,Pacific/Honolulu
LIL,LFQQ,Lille Airport,Lesquin,FR,50.56656,3.10243,48,Europe/Paris
LIM,SPJC,Jorge Chávez International Airport,Lima,PE,-12.02190,-77.11431,34,America/Lima
LIN,LIML,Milano Linate Airport,Segrate (MI),IT,45.44510,9.27674,108,Europe/Rome
LIO,MRLM,Limón International Airport,Limón,CR,9.95796,-83.02200,2,America/Costa_Rica
LIR,MRLB,Daniel Oduber Quirós International Airport,Liberia,CR,10.59330,-85.54440,82,America/Costa_Rica
LIS,LPPT,Lisbon Humberto Delgado Airport,Lisbon,PT,38.78130,-9.13592,114,Europe/Lisbon
LIT,KLIT,Bill & Hillary Clinton National Airport/Adams Field,Little Rock,US,34.72922,-92.22359,80,America/Chicago
LIW,VYLK,Loikaw Airport,Loikaw,MM,19.69150,97.21480,896,Asia/Yangon
LJG,ZPLJ,Lijiang Sanyi International Airport,Lijiang,CN,26.67748,100.24494,2243,Asia/Shanghai
LJU,LJLJ,Ljubljana Jože Pučnik Airport,Zgornji Brnik,SI,46.22370,14.45760,388,Europe/Ljubljana
LKL,ENNA,"Lakselv Airport, Banak",Lakselv,NO,70.06880,24.97350,8,Europe/Oslo
LKN,ENLK,Leknes Airport,Leknes,NO,68.15250,13.60940,24,Europe/Oslo
LKO,VILK,Chaudhary Charan Singh International Airport,Lucknow,IN,26.76060,80.88930,125,Asia/Kolkata
LLA,ESPA,Luleå Airport,Luleå,SE,65.54380,22.12200,20,Europe/Stockholm
LLF,ZGLG,Yongzhou Lingling Airport,Yongzhou,CN,26.33866,111.61004,104,Asia/Shanghai
LLV,ZBLL,Lüliang Dawu Airport,Lüliang,CN,37.68333,111.14278,0,Asia/Shanghai
LLW,FWKI,Kamuzu International Airport,Lumbadzi,MW,-13.78940,33.78100,1230,Africa/Blantyre
LMM,MMLM,Valle del Fuerte International Airport,Los Mochis,MX,25.68550,-109.08116,5,America/Mazatlan
LMN,WBGJ,Limbang Airport,Limbang,MY,4.80830,115.01000,4,Asia/Kuching
LMP,LICD,Lampedusa Airport,Lampedusa,IT,35.49790,12.61810,21,Europe/Rome
LNJ,ZPLC,Lincang Boshang Airport,Lincang,CN,23.73810,100.02500,1899,Asia/Shanghai
LNK,KLNK,Lincoln Airport,Lincoln,US,40.84488,-96.76178,372,America/Chicago
LNL,ZLLN,Longnan Chengzhou Airport,Longnan (Cheng),CN,33.78992,105.79001,1130,Asia/Shanghai
LNO,YLEO,Leonora Airport,Leonora,AU,-28.87810,121.31500,371,Australia/Perth
LNS,KLNS,Lancaster Airport,Lancaster,US,40.12170,-76.29610,123,America/New_York
LNY,PHNY,Lanai Airport,Lanai City,US,20.78568,-156.95132,399,Pacific/Honolulu
LNZ,LOWL,Linz-Hörsching Airport,Linz,AT,48.23536,14.18813,299,Europe/Vienna
LOE,VTUL,Loei Airport,,TH,17.43910,101.72200,262,Asia/Bangkok
LOO,DAUL,Laghouat - Molay Ahmed Medeghri Airport,Laghouat,DZ,33.76440,2.92834,765,Africa/Algiers
LOP,WADL,Lombok International Airport,"Mataram (Pujut, Lombok Tengah)",ID,-8.75996,116.27817,97,Asia/Makassar
LOS,DNMM,Murtala Muhammed International Airport,Lagos,NG,6.57737,3.32116,41,Africa/Lagos
LPA,GCLP,Gran Canaria Airport,Gran Canaria Island,ES,27.93190,-15.38660,24,Atlantic/Canary
LPB,SLLP,El Alto International Airport,La Paz / El Alto,BO,-16.51027,-68.18942,4071,America/La_Paz
LPF,ZUPS,Liupanshui Yuezhao Airport,Liupanshui (Zhongshan),CN,26.60942,104.97900,0,Asia/Shanghai
LPI,ESSL,Linköping City Airport,Linköping,SE,58.40491,15.68450,52,Europe/Stockholm
LPL,EGGP,Liverpool John Lennon Airport,Liverpool,GB,53.33486,-2.84964,24,Europe/London
LPP,EFLP,Lappeenranta Airport,Lappeenranta,FI,61.04460,28.14474,106,Europe/Helsinki
LPQ,VLLB,Luang Phabang International Airport,Luang Phabang,LA,19.90427,102.16719,291,Asia/Vientiane
LPT,VTCL,Lampang Airport,,TH,18.27090,99.50420,247,Asia/Bangkok
LRD,KLRD,Laredo International Airport,Laredo,US,27.54380,-99.46160,155,America/Chicago
LRE,YLRE,Longreach Airport,Longreach,AU,-23.43202,144.27749,191,Australia/Brisbane
LRH,LFBH,La Rochelle Île de Ré Airport,La Rochelle,FR,46.17920,-1.19528,23,Europe/Paris
LRM,MDLR,Casa De Campo International Airport,La Romana,DO,18.45222,-68.91111,65,America/Santo_Domingo
LRR,OISL,Lar Airport,Lar,IR,27.67470,54.38330,805,Asia/Tehran
LRU,KLRU,Las Cruces International Airport,Las Cruces,US,32.28940,-106.92200,1358,America/Denver
LSC,SCSE,La Florida Airport,La Serena-Coquimbo,CL,-29.91620,-71.19950,147,America/Santiago
LSE,KLSE,La Crosse Regional Airport,La Crosse,US,43.87900,-91.25670,200,America/Chicago
LSG,CN-0249,Leshan Airport,Leshan (Wutongqiao),CN,29.43863,103.74922,362,Asia/Shanghai
LSH,VYLS,Lashio Airport,Lashio,MM,22.97790,97.75220,747,Asia/Yangon
LSI,EGPB,Sumburgh Airport,"Lerwick, Shetland",GB,59.87890,-1.29556,6,Europe/London
LSP,SVJC,Josefa Camejo International Airport,Paraguaná,VE,11.78078,-70.15150,23,America/Caracas
LSR,WIMU,Alas Leuser Airport,Kutacane,ID,3.39146,97.86373,128,Asia/Jakarta
LST,YMLT,Launceston Airport,Launceston (Western Junction),AU,-41.54494,147.21078,171,Australia/Hobart
LSY,YLIS,Lismore Airport,Lismore,AU,-28.83069,153.25842,11,Australia/Sydney
LTD,HLTD,Ghadames Airport,Ghadames,LY,30.14548,9.70209,342,Africa/Tripoli
LTI,ZMAT,Altai Airport,Altai,MN,46.37640,96.22110,2213,Asia/Ulaanbaatar
LTK,OSLK,Latakia International Airport,Latakia,SY,35.40110,35.94870,48,Asia/Damascus
LTM,SYLT,Lethem Airport,Lethem,GY,3.37276,-59.78940,107,America/Guyana
LTN,EGGW,London Luton Airport,"Luton, Luton",GB,51.87470,-0.36833,160,Europe/London
LTO,MMLT,Loreto International Airport,Loreto,MX,25.98955,-111.34841,10,America/Mazatlan
LTU,VALT,Murod Kond Airport,Latur,IN,18.41150,76.46470,651,Asia/Kolkata
LTX,SELT,Cotopaxi International Airport,Latacunga,EC,-0.90683,-78.61580,2806,America/Guayaquil
LUA,VNLK,Tenzing-Hillary Airport,Lukla,NP,27.68677,86.72948,2859,Asia/Kathmandu
LUD,FYLZ,Luderitz Airport,Luderitz,NA,-26.68740,15.24290,139,Africa/Windhoek
LUG,LSZA,Lugano Airport,Agno,CH,46.00430,8.91058,279,Europe/Zurich
LUK,KLUK,Cincinnati Municipal Airport Lunken Field,Cincinnati,US,39.10236,-84.41894,147,America/New_York
LUM,ZPMS,Dehong Mangshi International Airport,Dehong (Mangshi),CN,24.40110,98.53170,881,Asia/Shanghai
LUN,FLKK,Kenneth Kaunda International Airport,Lusaka,ZM,-15.33083,28.45272,1152,Africa/Lusaka
LUQ,SAOU,Brigadier Mayor D Cesar Raul Ojeda Airport,San Luis,AR,-33.27320,-66.35640,710,America/Argentina/San_Luis
LUR,PALU,Cape Lisburne LRRS Airport,Cape Lisburne,US,68.87510,-166.11000,5,America/Nome
LUV,WAPF,Karel Sadsuitubun Airport,Langgur,ID,-5.76028,132.75944,24,Asia/Jayapura
LUX,ELLX,Luxembourg-Findel International Airport,Luxembourg,LU,49.62685,6.21213,376,Europe/Luxembourg
LUZ,EPLB,Lublin Airport,Lublin,PL,51.24016,22.71346,193,Europe/Warsaw
LVI,FLHN,Harry Mwanga Nkumbula International Airport,Livingstone,ZM,-17.82152,25.81964,1006,Africa/Lusaka
LWB,KLWB,Greenbrier Valley Airport,Lewisburg,US,37.85791,-80.40044,702,America/New_York
LWN,UDSG,Shirak International Airport,Gyumri,AM,40.75040,43.85930,1524,Asia/Yerevan
LWS,KLWS,Lewiston Nez Perce County Airport,Lewiston,US,46.37450,-117.01500,440,America/Los_Angeles
LXA,ZULS,Lhasa Gonggar International Airport,Shannan (Gonggar),CN,29.29800,90.91195,3570,Asia/Shanghai
LXR,HELX,Luxor International Airport,Luxor,EG,25.67102,32.70645,84,Africa/Cairo
LYA,ZHLY,Luoyang Beijiao Airport,Luoyang (Laocheng),CN,34.74110,112.38800,256,Asia/Shanghai
LYC,ESNL,Lycksele Airport,Lycksele,SE,64.54830,18.71620,215,Europe/Stockholm
LYG,ZSLG,Lianyungang Huaguoshan International Airport,Lianyungang,CN,34.41406,119.17899,0,Asia/Shanghai
LYH,KLYH,Lynchburg Regional Airport - Preston Glenn Field,Lynchburg,US,37.32670,-79.20040,286,America/New_York
LYI,ZSLY,Linyi Qiyang Airport,Linyi (Hedong),CN,35.05292,118.41183,54,Asia/Shanghai
LYP,OPFA,Faisalabad International Airport,Faisalabad,PK,31.36492,72.99532,180,Asia/Karachi
LYR,ENSB,"Svalbard Airport, Longyear",Longyearbyen,NO,78.24610,15.46560,27,Arctic/Longyearbyen
LYS,LFLL,Lyon Saint-Exupéry Airport,"Colombier-Saugnieu, Rhône",FR,45.72600,5.09014,250,Europe/Paris
LZG,ZULA,Langzhong Gucheng Airport,Nanchong (Langzhong),CN,31.50191,106.03442,440,Asia/Shanghai
LZH,ZGZH,Liuzhou Bailian Airport / Bailian Air Base,Liuzhou (Liujiang),CN,24.20750,109.39100,90,Asia/Shanghai
LZN,RCFG,Matsu Nangan Airport,Matsu (Nangan),TW,26.15966,119.95838,71,Asia/Taipei
LZO,ZULZ,Luzhou Yunlong Airport,Luzhou (Yunlong),CN,29.03036,105.46841,0,Asia/Shanghai
LZY,ZUNZ,Nyingchi Mainling Airport,Nyingchi (Mainling),CN,29.30330,94.33530,2949,Asia/Shanghai
MAA,VOMM,Chennai International Airport,Chennai,IN,12.99001,80.16930,16,Asia/Kolkata
MAB,SBMA,João Correa da Rocha Airport,Marabá,BR,-5.36859,-49.13800,109,America/Belem
MAD,LEMD,Adolfo Suárez Madrid–Barajas Airport,Madrid,ES,40.49341,-3.57225,609,Europe/Madrid
MAF,KMAF,Midland International Air and Space Port,Midland,US,31.94250,-102.20200,875,America/Chicago
MAG,AYMD,Madang Airport,Madang,PG,-5.20708,145.78900,6,Pacific/Port_Moresby
MAH,LEMH,Menorca Airport,Mahón (Maó),ES,39.86260,4.21865,92,Europe/Madrid
MAJ,PKMJ,Marshall Islands International Airport,Majuro Atoll,MH,7.06511,171.27166,2,Pacific/Majuro
MAK,HSSM,Malakal International Airport,Malakal,SS,9.55874,31.65194,393,Africa/Juba
MAM,MMMA,General Servando Canales International Airport,Matamoros,MX,25.76990,-97.52530,8,America/Matamoros
MAN,EGCC,Manchester Airport,"Manchester, Greater Manchester",GB,53.34938,-2.27952,78,Europe/London
MAO,SBEG,Eduardo Gomes International Airport,Manaus,BR,-3.03861,-60.04970,80,America/Manaus
MAQ,VTPM,Mae Sot Airport,,TH,16.69990,98.54510,210,Asia/Bangkok
MAR,SVMC,La Chinita International Airport,Maracaibo,VE,10.55754,-71.72931,73,America/Caracas
MAS,AYMO,Momote Airport,Manus Island,PG,-2.06189,147.42400,4,Pacific/Port_Moresby
MAU,NTTP,Maupiti Airport,,PF,-16.42650,-152.24400,5,Pacific/Tahiti
MAZ,TJMZ,Eugenio Maria De Hostos Airport,Mayaguez,PR,18.25570,-67.14850,9,America/Puerto_Rico
MBA,HKMO,Moi International Airport,Mombasa,KE,-4.03483,39.59420,61,Africa/Nairobi
MBD,FAMM,Mmabatho International Airport,Mafeking,ZA,-25.79840,25.54800,1274,Africa/Johannesburg
MBE,RJEB,Monbetsu Airport,Monbetsu,JP,44.30390,143.40401,24,Asia/Tokyo
MBI,HTGW,Songwe Airport,Mbeya,TZ,-8.91994,33.27398,1345,Africa/Dar_es_Salaam
MBJ,MKJS,Sangster International Airport,Montego Bay,JM,18.50342,-77.91323,1,America/Jamaica
MBS,KMBS,MBS International Airport,Freeland,US,43.53318,-84.08310,204,America/Detroit
MBT,RPVJ,Moises R. Espinosa Airport,Masbate,PH,12.36968,123.63009,15,Asia/Manila
MBW,YMMB,Melbourne Moorabbin Airport,Melbourne,AU,-37.97776,145.09980,15,Australia/Melbourne
MBX,LJMB,Maribor Edvard Rusjan Airport,Maribor,SI,46.47990,15.68610,267,Europe/Ljubljana
MCE,KMCE,Merced Regional Macready Field,Merced,US,37.28470,-120.51400,47,America/Los_Angeles
MCG,PAMC,McGrath Airport,McGrath,US,62.95290,-155.60600,104,America/Anchorage
MCI,KMCI,Kansas City International Airport,Kansas City,US,39.30170,-94.71389,313,America/Chicago
MCK,KMCK,McCook Ben Nelson Regional Airport,McCook,US,40.20779,-100.59279,787,America/Chicago
MCN,KMCN,Middle Georgia Regional Airport,Macon,US,32.69280,-83.64920,108,America/New_York
MCO,KMCO,Orlando International Airport,Orlando,US,28.42940,-81.30900,29,America/New_York
MCP,SBMQ,Macapá - Alberto Alcolumbre International Airport,Macapá,BR,0.05066,-51.07220,17,America/Belem
MCT,OOMS,Muscat International Airport,Muscat/Seeb,OM,23.60022,58.28527,15,Asia/Muscat
MCW,KMCW,Mason City Municipal Airport,Mason City,US,43.15980,-93.32972,370,America/Chicago
MCX,URML,Makhachkala Uytash International Airport,Makhachkala,RU,42.81680,47.65230,4,Europe/Moscow
MCY,YBSU,Sunshine Coast Airport,Maroochydore,AU,-26.59332,153.08319,5,Australia/Brisbane
MCZ,SBMO,Zumbi dos Palmares International Airport,Maceió,BR,-9.51256,-35.79184,118,America/Maceio
MDC,WAMM,Sam Ratulangi International Airport,Manado,ID,1.54859,124.92625,80,Asia/Makassar
MDE,SKRG,Jose Maria Córdova International Airport,Medellín,CO,6.16454,-75.42310,2120,America/Bogota
MDG,ZYMD,Mudanjiang Hailang International Airport,Mudanjiang,CN,44.52517,129.56863,269,Asia/Shanghai
MDI,DNMK,Makurdi Airport,Makurdi,NG,7.70388,8.61394,113,Africa/Lagos
MDK,FZEA,Mbandaka Airport,Mbandaka,CD,0.02260,18.28870,317,Africa/Kinshasa
MDL,VYMD,Mandalay International Airport,Mandalay,MM,21.70220,95.97790,91,Asia/Yangon
MDQ,SAZM,Ástor Piazzola International Airport,Mar del Plata,AR,-37.93420,-57.57330,22,America/Argentina/Buenos_Aires
MDT,KMDT,Harrisburg International Airport,Harrisburg,US,40.19284,-76.76233,94,America/New_York
MDU,AYMN,Mendi Airport,Mendi,PG,-6.14774,143.65700,1731,Pacific/Port_Moresby
MDW,KMDW,Chicago Midway International Airport,Chicago,US,41.78600,-87.75240,189,America/Chicago
MDZ,SAME,Governor Francisco Gabrielli International Airport,Mendoza,AR,-32.83170,-68.79290,704,America/Argentina/Mendoza
MEB,YMEN,Melbourne Essendon Airport,Essendon Fields,AU,-37.72810,144.90199,86,Australia/Melbourne
MEC,SEMT,Eloy Alfaro International Airport,Manta,EC,-0.94608,-80.67880,15,America/Guayaquil
MED,OEMA,Prince Mohammad Bin Abdulaziz Airport,Medina,SA,24.55340,39.70510,656,Asia/Riyadh
MEE,NWWR,Maré Airport,Maré,NC,-21.48244,168.03847,43,Pacific/Noumea
MEG,FNMA,Malanje Airport,Malanje,AO,-9.52509,16.31240,1179,Africa/Luanda
MEH,ENMH,Mehamn Airport,Mehamn,NO,71.02970,27.82670,12,Europe/Oslo
MEI,KMEI,Key Field / Meridian Regional Airport,Meridian,US,32.33260,-88.75190,91,America/Chicago
MEL,YMML,Melbourne Airport,Melbourne,AU,-37.67073,144.83790,132,Australia/Melbourne
MEM,KMEM,Frederick W. Smith International Airport,Memphis,US,35.04384,-89.97634,104,America/Chicago
MEQ,WITC,Cut Nyak Dhien Airport,Kuala Pesisir,ID,4.04100,96.25331,3,Asia/Jakarta
MEX,MMMX,Mexico City Benito Juárez International Airport,Mexico City,MX,19.43582,-99.07033,2230,America/Mexico_City
MFE,KMFE,McAllen Miller International Airport,McAllen,US,26.17614,-98.23797,33,America/Chicago
MFK,RCMT,Matsu Beigan Airport,Matsu (Beigan),TW,26.22414,120.00268,12,Asia/Taipei
MFM,VMMC,Macau International Airport,Nossa Senhora do Carmo,MO,22.14960,113.59200,6,Asia/Macau
MFR,KMFR,Rogue Valley International-Medford Airport,Medford,US,42.37420,-122.87300,407,America/Los_Angeles
MFU,FLMF,Mfuwe International Airport,Mfuwe,ZM,-13.25890,31.93660,565,Africa/Lusaka
MGA,MNMG,Augusto C. Sandino (Managua) International Airport,Managua,NI,12.14150,-86.16820,59,America/Managua
MGB,YMTG,Mount Gambier Airport,Mount Gambier,AU,-37.74438,140.78056,0,Australia/Adelaide
MGC,KMGC,Michigan City Municipal Airport,Michigan City,US,41.70330,-86.82120,200,America/Chicago
MGF,SBMG,Regional de Maringá - Sílvio Name Júnior Airport,Maringá,BR,-23.47606,-52.01619,549,America/Sao_Paulo
MGH,FAMG,Margate Airport,Margate,ZA,-30.85740,30.34300,151,Africa/Johannesburg
MGM,KMGM,Montgomery Regional (Dannelly Field) Airport,Montgomery,US,32.30060,-86.39400,67,America/Chicago
MGQ,HCMM,Aden Adde International Airport,Mogadishu,SO,2.01444,45.30470,9,Africa/Mogadishu
MGW,KMGW,Morgantown Municipal Airport Walter L. (Bill) Hart Field,Morgantown,US,39.64330,-79.91760,380,America/New_York
MGZ,VYME,Myeik Airport,Mkeik,MM,12.43980,98.62150,23,Asia/Yangon
MHD,OIMM,Mashhad International Airport,Mashhad,IR,36.23482,59.64295,995,Asia/Tehran
MHG,EDFM,Mannheim-City Airport,Mannheim,DE,49.47306,8.51417,94,Europe/Berlin
MHH,MYAM,Leonard M. Thompson International Airport,Marsh Harbour,BS,26.51071,-77.08426,2,America/Nassau
MHK,KMHK,Manhattan Regional Airport,Manhattan,US,39.14100,-96.67080,322,America/Chicago
MHQ,EFMA,Mariehamn Airport,Mariehamn,FI,60.12220,19.89820,5,Europe/Mariehamn
MHT,KMHT,Manchester-Boston Regional Airport,Manchester,US,42.93260,-71.43570,81,America/New_York
MHU,YHOT,Mount Hotham Airport,Mount Hotham,AU,-37.04750,147.33400,1298,Australia/Melbourne
MIA,KMIA,Miami International Airport,Miami,US,25.79601,-80.28975,2,America/New_York
MID,MMMD,Manuel Crescencio Rejón International Airport,Mérida,MX,20.93049,-89.64546,12,America/Merida
MIG,ZUMY,Mianyang Nanjiao Airport,Mianyang (Fucheng),CN,31.42810,104.74100,2400,Asia/Shanghai
MII,SBML,Frank Miloye Milenkowichi–Marília State Airport,Marília,BR,-22.19690,-49.92648,650,America/Sao_Paulo
MIM,YMER,Merimbula Airport,Merimbula,AU,-36.90860,149.90100,2,Australia/Sydney
MIR,DTMB,Monastir Habib Bourguiba International Airport,Monastir,TN,35.75810,10.75470,3,Africa/Tunis
MIU,DNMA,Maiduguri International Airport,Maiduguri,NG,11.85416,13.08070,335,Africa/Lagos
MJF,ENMS,"Mosjøen Airport, Kjærstad",Mosjøen,NO,65.78400,13.21490,72,Europe/Oslo
MJI,HLLM,Mitiga International Airport,Tripoli,LY,32.89177,13.28788,11,Africa/Tripoli
MJK,YSHK,Shark Bay Airport,Denham,AU,-25.89729,113.57580,34,Australia/Perth
MJM,FZWA,Mbuji Mayi Airport,Mbuji Mayi,CD,-6.12124,23.56900,677,Africa/Lubumbashi
MJN,FMNM,Amborovy Airport,Mahajanga,MG,-15.66684,46.35123,27,Indian/Antananarivo
MJT,LGMT,Mytilene International Airport,Mytilene,GR,39.05741,26.59863,18,Europe/Athens
MJZ,UERR,Mirny Airport,Mirny,RU,62.53470,114.03900,352,Asia/Yakutsk
MKE,KMKE,General Mitchell International Airport,Milwaukee,US,42.94720,-87.89660,220,America/Chicago
MKG,KMKG,Muskegon County Airport,Muskegon,US,43.16950,-86.23820,192,America/Detroit
MKK,PHMK,Molokai Airport,Kaunakakai,US,21.15290,-157.09599,138,Pacific/Honolulu
MKL,KMKL,McKellar-Sipes Regional Airport,Jackson,US,35.59990,-88.91560,132,America/Chicago
MKM,WBGK,Mukah Airport,Mukah,MY,2.88194,112.04333,6,Asia/Kuching
MKP,NTGM,Makemo Airport,Makemo,PF,-16.58390,-143.65801,1,Pacific/Tahiti
MKQ,WAKK,Mopah International Airport,Merauke,ID,-8.52390,140.41969,3,Asia/Jayapura
MKR,YMEK,Meekatharra Airport,,AU,-26.61170,118.54800,522,Australia/Perth
MKU,FOOK,Makokou Airport,Makokou,GA,0.57921,12.89090,526,Africa/Libreville
MKW,WAUU,Rendani Airport,Manokwari,ID,-0.89183,134.04900,7,Asia/Jayapura
MKY,YBMK,Mackay Airport,Mackay,AU,-21.17082,149.18259,6,Australia/Brisbane
MKZ,WMKM,Malacca International Airport,Malacca,MY,2.26561,102.25278,11,Asia/Kuala_Lumpur
MLA,LMML,Malta International Airport,Valletta,MT,35.84593,14.49155,91,Europe/Malta
MLB,KMLB,Melbourne Orlando International Airport,Melbourne,US,28.10201,-80.64109,10,America/New_York
MLE,VRMM,Velana International Airport,Malé,MV,4.19183,73.52910,2,Indian/Maldives
MLG,WARA,Abdul Rachman Saleh Airport,Malang,ID,-7.92910,112.71423,526,Asia/Jakarta
MLI,KMLI,Quad City International Airport,Moline,US,41.44850,-90.50750,180,America/Chicago
MLM,MMMM,General Francisco J. Mujica International Airport,Morelia,MX,19.84990,-101.02500,1839,America/Mexico_City
MLN,GEML,Melilla Airport,Melilla,ES,35.27980,-2.95626,48,Africa/Ceuta
MLU,KMLU,Monroe Regional Airport,Monroe,US,32.51090,-92.03770,24,America/Chicago
MLW,GLMR,Spriggs Payne Airport,Monrovia,LR,6.28906,-10.75870,8,Africa/Monrovia
MLX,LTAT,Malatya Erhaç Airport,Malatya,TR,38.43530,38.09100,862,Europe/Istanbul
MMB,RJCM,Memanbetsu Airport,Ōzora,JP,43.88060,144.16400,41,Asia/Tokyo
MMD,ROMD,Minamidaito Airport,Minamidaito,JP,25.84650,131.26300,51,Asia/Tokyo
MME,EGNV,Teesside International Airport,"Darlington, Durham",GB,54.50920,-1.42941,37,Europe/London
MMG,YMOG,Mount Magnet Airport,,AU,-28.11610,117.84200,413,Australia/Perth
MMH,KMMH,Mammoth Yosemite Airport,Mammoth Lakes,US,37.62538,-118.84306,2175,America/Los_Angeles
MMJ,RJAF,Shinshu-Matsumoto Airport,Matsumoto,JP,36.16680,137.92300,665,Asia/Tokyo
MMK,ULMM,Emperor Nicholas II Murmansk Airport,Murmansk,RU,68.78170,32.75080,81,Europe/Moscow
MMO,GVMA,Maio Airport,Vila do Maio,CV,15.15590,-23.21370,11,Atlantic/Cape_Verde
MMX,ESMS,Malmö Sturup Airport,Malmö,SE,55.53556,13.37633,72,Europe/Stockholm
MMY,ROMY,Miyako Airport,Miyakojima,JP,24.78280,125.29500,46,Asia/Tokyo
MNC,FQNC,Nacala International Airport,Nacala,MZ,-14.48820,40.71220,125,Africa/Maputo
MNG,YMGD,Maningrida Airport,Maningrida,AU,-12.05610,134.23399,37,Australia/Darwin
MNI,TRPG,John A. Osborne Airport,Gerald's Park,MS,16.79183,-62.19320,168,America/Montserrat
MNJ,FMSM,Mananjary Airport,Mananjary,MG,-21.20180,48.35830,6,Indian/Antananarivo
MNL,RPLL,Ninoy Aquino International Airport,Manila (Pasay),PH,14.50860,121.02000,23,Asia/Manila
MNX,SBMY,Manicoré Airport,Manicoré,BR,-5.81138,-61.27830,53,America/Manaus
MOB,KMOB,Mobile Regional Airport,Mobile,US,30.69120,-88.24280,67,America/Chicago
MOC,SBMK,Mário Ribeiro Airport,Montes Claros,BR,-16.70692,-43.81890,668,America/Sao_Paulo
MOG,VYMS,Mong Hsat Airport,Mong Hsat,MM,20.51680,99.25680,572,Asia/Yangon
MOL,ENML,"Molde Airport, Årø",Årø,NO,62.74470,7.26250,3,Europe/Oslo
MOQ,FMMV,Morondava Airport,Morondava,MG,-20.28470,44.31760,9,Indian/Antananarivo
MOT,KMOT,Minot International Airport,Minot,US,48.25801,-101.27912,523,America/Chicago
MOV,YMRB,Moranbah Airport,Moranbah,AU,-22.05780,148.07700,235,Australia/Brisbane
MOZ,NTTM,Moorea Temae Airport,Moorea-Maiao,PF,-17.48979,-149.76178,3,Pacific/Tahiti
MPA,FYKM,Katima Mulilo Airport,Mpacha,NA,-17.63426,24.17669,958,Africa/Windhoek
MPH,RPVE,Godofredo P. Ramos Airport,Caticlan,PH,11.92450,121.95400,2,Asia/Manila
MPL,LFMT,Montpellier-Méditerranée Airport,Montpellier/Méditerranée,FR,43.57620,3.96301,5,Europe/Paris
MPM,FQMA,Maputo Airport,Maputo,MZ,-25.92080,32.57260,44,Africa/Maputo
MPN,EGYP,Mount Pleasant Airport / RAF Mount Pleasant,Mount Pleasant,FK,-51.82264,-58.44578,74,Atlantic/Stanley
MPY,SOOA,Maripasoula Airport,Maripasoula,GF,3.65591,-54.03943,124,America/Cayenne
MQF,USCM,Magnitogorsk International Airport,Magnitogorsk,RU,53.39199,58.75523,436,Asia/Yekaterinburg
MQJ,UEMA,Moma Airport,Khonuu,RU,66.45086,143.26155,200,Asia/Srednekolymsk
MQL,YMIA,Mildura Airport,Mildura,AU,-34.22920,142.08600,51,Australia/Melbourne
MQM,LTCR,Mardin Airport,Mardin,TR,37.22330,40.63170,527,Europe/Istanbul
MQN,ENRA,"Mo i Rana Airport, Røssvoll",Mo i Rana,NO,66.36390,14.30140,70,Europe/Oslo
MQP,FAKN,Kruger Mpumalanga International Airport,Mbombela,ZA,-25.38333,31.10533,862,Africa/Johannesburg
MQS,TVSM,Mustique Airport,Lovell,VC,12.88790,-61.18020,2,America/St_Vincent
MQT,KSAW,Marquette Sawyer Regional Airport,Gwinn,US,46.35150,-87.39588,372,America/Detroit
MQX,HAMK,Mekele Alula Aba Nega Airport,Mekele,ET,13.46740,39.53350,2254,Africa/Addis_Ababa
MRE,HKMS,Mara Serena Lodge Airstrip,Serena,KE,-1.40459,35.00835,1585,Africa/Nairobi
MRI,PAMR,Merrill Field,Anchorage,US,61.21279,-149.84399,42,America/Anchorage
MRS,LFML,Marseille Provence Airport,"Marignane, Bouches-du-Rhône",FR,43.43809,5.21250,23,Europe/Paris
MRU,FIMP,Sir Seewoosagur Ramgoolam International Airport,Plaine Magnien,MU,-20.43020,57.68360,57,Indian/Mauritius
MRV,URMM,Mineralnye Vody Airport,Mineralnyye Vody,RU,44.22510,43.08190,321,Europe/Moscow
MRX,OIAM,Mahshahr Airport,Mahshahr,IR,30.55620,49.15190,2,Asia/Tehran
MRY,KMRY,Monterey Regional Airport,Monterey,US,36.58678,-121.84418,78,America/Los_Angeles
MRZ,YMOR,Moree Airport,Moree,AU,-29.49890,149.84500,214,Australia/Sydney
MSJ,RJSM,Misawa Airport / Misawa Air Base,Misawa,JP,40.70320,141.36800,36,Asia/Tokyo
MSL,KMSL,Northwest Alabama Regional Airport,Muscle Shoals,US,34.74512,-87.61298,168,America/Chicago
MSN,KMSN,Dane County Regional Truax Field,Madison,US,43.13990,-89.33750,270,America/Chicago
MSO,KMSO,Missoula Montana Airport,Missoula,US,46.91582,-114.09111,977,America/Denver
MSP,KMSP,Minneapolis–Saint Paul International Airport / Wold–Chamberlain Field,Minneapolis,US,44.88008,-93.22174,256,America/Chicago
MSQ,UMMS,Minsk National Airport,Minsk,BY,53.88807,28.03996,204,Europe/Minsk
MSR,LTCK,Muş Airport,Muş,TR,38.74780,41.66120,1267,Europe/Istanbul
MSS,KMSS,Massena International Airport Richards Field,Massena,US,44.93616,-74.84430,66,America/New_York
MST,EHBK,Maastricht Aachen Airport,Maastricht,NL,50.91109,5.76940,114,Europe/Amsterdam
MSU,FXMM,Moshoeshoe I International Airport,Maseru(Mazenod),LS,-29.45628,27.55446,1630,Africa/Maseru
MSY,KMSY,Louis Armstrong New Orleans International Airport,New Orleans,US,29.99340,-90.26467,1,America/Chicago
MSZ,FNMO,Welwitschia Mirabilis International Airport,Moçâmedes,AO,-15.26120,12.14680,64,Africa/Luanda
MTJ,KMTJ,Montrose Regional Airport,Montrose,US,38.50980,-107.89400,1755,America/Denver
MTR,SKMR,Los Garzones Airport,Montería,CO,8.82374,-75.82580,12,America/Bogota
MTT,MMMT,Minatitlán/Coatzacoalcos International Airport,Cosoleacaque,MX,18.10340,-94.58070,11,America/Mexico_City
MTY,MMMY,Monterrey International Airport,Monterrey,MX,25.77852,-100.10699,390,America/Monterrey
MUA,AGGM,Munda Airport,Munda,SB,-8.32797,157.26300,3,Pacific/Guadalcanal
MUB,FBMN,Maun International Airport,Maun,BW,-19.97049,23.43141,943,Africa/Gaborone
MUC,EDDM,Munich Airport,Munich,DE,48.35380,11.78610,453,Europe/Berlin
MUE,PHMU,Waimea Kohala Airport,Waimea (Kamuela),US,20.00130,-155.66800,814,Pacific/Honolulu
MUH,HEMM,Mersa Matruh International Airport,Marsa Matruh,EG,31.32431,27.22227,23,Africa/Cairo
MUN,SVMT,José Tadeo Monagas International Airport,Maturín,VE,9.74902,-63.15335,68,America/Caracas
MUR,WBGM,Marudi Airport,Marudi,MY,4.17873,114.33032,31,Asia/Kuching
MUX,OPMT,Multan International Airport,Multan,PK,30.20320,71.41910,123,Asia/Karachi
MVB,FOON,M'Vengue El Hadj Omar Bongo Ondimba International Airport,Franceville,GA,-1.65616,13.43800,442,Africa/Libreville
MVD,SUMU,Carrasco General Cesáreo L. Berisso International Airport,Ciudad de la Costa,UY,-34.83565,-56.02650,32,America/Montevideo
MVF,SBMS,Dix-Sept Rosado Airport,Mossoró,BR,-5.20192,-37.36430,23,America/Fortaleza
MVP,SKMU,Fabio Alberto Leon Bentley Airport,Mitú,CO,1.25366,-70.23390,207,America/Bogota
MVQ,UMOO,Mogilev Airport,Mogilev,BY,53.95490,30.09510,194,Europe/Minsk
MVR,FKKL,Salak Airport,Maroua,CM,10.45140,14.25740,424,Africa/Douala
MVT,NTGV,Mataiva Airport,,PF,-14.86810,-148.71700,3,Pacific/Tahiti
MWA,KMWA,Veterans Airport of Southern Illinois,Marion,US,37.75121,-89.01657,144,America/Chicago
MWL,KMWL,Mineral Wells Regional Airport,Mineral Wells,US,32.78160,-98.06020,297,America/Chicago
MWX,RKJB,Muan International Airport,Muan (Piseo-ri),KR,34.99141,126.38281,11,Asia/Seoul
MWZ,HTMW,Mwanza International Airport,Mwanza,TZ,-2.44656,32.93605,1147,Africa/Dar_es_Salaam
MXL,MMML,General Rodolfo Sánchez Taboada International Airport,Mexicali,MX,32.63063,-115.24281,23,America/Tijuana
MXP,LIMC,Milan Malpensa International Airport,Ferno (VA),IT,45.63060,8.72811,234,Europe/Rome
MXV,ZMMN,Mörön Airport,Mörön,MN,49.66368,100.10003,1302,Asia/Ulaanbaatar
MXX,ESKM,Mora Airport,Mora,SE,60.95790,14.51140,193,Europe/Stockholm
MYA,YMRY,Moruya Airport,Moruya,AU,-35.89780,150.14400,4,Australia/Sydney
MYD,HKML,Malindi International Airport,Malindi,KE,-3.22931,40.10170,24,Africa/Nairobi
MYE,RJTQ,Miyakejima Airport,Miyakejima,JP,34.07360,139.56000,20,Asia/Tokyo
MYG,MYMM,Mayaguana Airport,Abraham Bay Settlement,BS,22.37950,-73.01349,3,America/Nassau
MYJ,RJOM,Matsuyama Airport,Matsuyama,JP,33.82689,132.70011,8,Asia/Tokyo
MYL,KMYL,McCall Municipal Airport,McCall,US,44.88884,-116.10111,1531,America/Boise
MYP,UTAM,Mary International Airport,Mary,TM,37.62353,61.89567,222,Asia/Ashgabat
MYQ,VOMY,Mysore Airport,Mysore,IN,12.22975,76.65368,716,Asia/Kolkata
MYR,KMYR,Myrtle Beach International Airport,Myrtle Beach,US,33.67970,-78.92830,8,America/New_York
MYT,VYMK,Myitkyina Airport,Myitkyina,MM,25.38360,97.35190,145,Asia/Yangon
MYU,PAMY,Mekoryuk Airport,Mekoryuk,US,60.37234,-166.26975,15,America/Nome
MYW,HTMT,Mtwara Airport,Mtwara,TZ,-10.33620,40.18200,113,Africa/Dar_es_Salaam
MYY,WBGR,Miri Airport,Miri,MY,4.32201,113.98700,18,Asia/Kuching
MZG,RCQC,Penghu Magong Airport,Huxi,TW,23.56870,119.62800,31,Asia/Taipei
MZH,LTAP,Amasya Merzifon Airport,Amasya,TR,40.82940,35.52200,536,Europe/Istanbul
MZI,GAMB,Mopti Airport,Sévaré,ML,14.51280,-4.07956,276,Africa/Bamako
MZL,SKMZ,La Nubia Airport,Manizales,CO,5.02960,-75.46470,2094,America/Bogota
MZO,MUMZ,Sierra Maestra International Airport,Manzanillo,CU,20.28861,-77.08755,34,America/Havana
MZQ,FAMU,Mkuze Airport,Mkuze,ZA,-27.62610,32.04430,122,Africa/Johannesburg
MZR,OAMS,Mazar-i-Sharif International Airport,Mazar-i-Sharif,AF,36.70412,67.21046,391,Asia/Kabul
MZS,VIMB,Moradabad Airport,Moradabad,IN,28.81746,78.92187,194,Asia/Kolkata
MZT,MMMZ,General Rafael Buelna International Airport,Mazatlàn,MX,23.16282,-106.26452,12,America/Mazatlan
MZV,WBMU,Mulu Airport,Mulu,MY,4.04833,114.80500,24,Asia/Kuching
MZW,DAAY,Mecheria Airport,Mecheria,DZ,33.53590,-0.24235,1175,Africa/Algiers
NAA,YNBR,Narrabri Airport,Narrabri,AU,-30.31920,149.82700,240,Australia/Sydney
NAG,VANP,Dr. Babasaheb Ambedkar International Airport,Nagpur,IN,21.09220,79.04720,315,Asia/Kolkata
NAH,WAMH,Naha Airport,"Tabukan Utara, Sangihe Islands",ID,3.68478,125.52716,5,Asia/Makassar
NAJ,UBBN,Nakhchivan International Airport,Nakhchivan,AZ,39.18880,45.45840,873,Asia/Baku
NAL,URMN,Nalchik Airport,Nalchik,RU,43.51290,43.63660,445,Europe/Moscow
NAM,WAPN,Namniwel Airport,Namniwel,ID,-3.14316,126.97647,2,Asia/Jayapura
NAN,NFFN,Nadi International Airport,Nadi,FJ,-17.76182,177.43784,18,Pacific/Fiji
NAP,LIRN,Naples International Airport,Napoli,IT,40.88600,14.29080,90,Europe/Rome
NAQ,BGQQ,Qaanaaq Airport,Qaanaaq,GL,77.48860,-69.38870,16,America/Thule
NAS,MYNN,Lynden Pindling International Airport,Nassau,BS,25.03900,-77.46620,5,America/Nassau
NAT,SBSG,Rio Grande do Norte/São Gonçalo do Amarante–Governador Aluízio Alves International Airport,Natal,BR,-5.76982,-35.36661,83,America/Fortaleza
NAV,LTAZ,Nevşehir Kapadokya Airport,Nevşehir,TR,38.77190,34.53450,945,Europe/Istanbul
NAW,VTSC,Narathiwat Airport,,TH,6.51992,101.74300,5,Asia/Bangkok
NBC,UWKE,Begishevo Airport,Nizhnekamsk,RU,55.56470,52.09250,196,Europe/Moscow
NBE,DTNH,Enfidha - Hammamet International Airport,Enfidha,TN,36.07583,10.43861,6,Africa/Tunis
NBJ,FNBJ,Dr. Antonio Agostinho Neto International Airport,Luanda (Ícolo e Bengo),AO,-9.05073,13.49908,168,Africa/Luanda
NBO,HKJK,Jomo Kenyatta International Airport,Nairobi,KE,-1.31889,36.92823,1625,Africa/Nairobi
NBS,ZYBS,Changbaishan Airport,Baishan,CN,42.06694,127.60222,876,Asia/Shanghai
NCA,MBNC,North Caicos Airport,North Caicos,TC,21.91609,-71.94295,3,America/Grand_Turk
NCE,LFMN,Nice-Côte d'Azur Airport,"Nice, Alpes-Maritimes",FR,43.65840,7.21587,4,Europe/Paris
NCL,EGNT,Newcastle International Airport,"Newcastle upon Tyne, Tyne and Wear",GB,55.03796,-1.68958,81,Europe/London
NCU,UZNN,Nukus International Airport,Nukus,UZ,42.48840,59.62330,75,Asia/Samarkand
NCY,LFLP,Annecy Meythet airport,Annecy,FR,45.92895,6.09870,464,Europe/Paris
NDB,GQPP,Nouadhibou International Airport,Nouadhibou,MR,20.93240,-17.03020,7,Africa/Nouakchott
NDC,VAND,Nanded Airport,Nanded,IN,19.18330,77.31670,381,Asia/Kolkata
NDG,ZYQQ,Qiqihar Sanjiazi Airport,Qiqihar,CN,47.22997,123.91418,145,Asia/Shanghai
NDJ,FTTJ,N'Djamena International Airport,N'Djamena,TD,12.13370,15.03400,295,Africa/Ndjamena
NDR,GMMW,Nador Al Aaroui International Airport,Al Aaroui,MA,34.98880,-3.02821,175,Africa/Casablanca
NDU,FYRU,Rundu Airport,Rundu,NA,-17.95650,19.71940,1106,Africa/Windhoek
NEC,SAZO,Necochea Airport,Necochea,AR,-38.49075,-58.81634,22,America/Argentina/Buenos_Aires
NER,UELL,Chulman Airport,Neryungri,RU,56.91390,124.91400,857,Asia/Yakutsk
NEV,TKPN,Vance W. Amory International Airport,Charlestown,KN,17.20570,-62.58990,4,America/St_Kitts
NGB,ZSNB,Ningbo Lishe International Airport,Ningbo,CN,29.82670,121.46200,4,Asia/Shanghai
NGE,FKKN,N'Gaoundéré Airport,N'Gaoundéré,CM,7.35701,13.55920,1114,Africa/Douala
NGO,RJGG,Chubu Centrair International Airport,Tokoname,JP,34.85840,136.80499,5,Asia/Tokyo
NGQ,ZUAL,Ngari Gunsa Airport,Shiquanhe,CN,32.09794,80.05397,4274,Asia/Shanghai
NGS,RJFU,Nagasaki Airport,Nagasaki,JP,32.91690,129.91400,5,Asia/Tokyo
NHV,NTMD,Nuku Hiva Airport,Nuku Hiva,PF,-8.79560,-140.22900,67,Pacific/Marquesas
NIM,DRRN,Diori Hamani International Airport,Niamey,NE,13.48150,2.18361,223,Africa/Niamey
NJC,USNN,Nizhnevartovsk Airport,Nizhnevartovsk,RU,60.94930,76.48360,54,Asia/Yekaterinburg
NJF,ORNI,Al Najaf International Airport,Najaf,IQ,31.99112,44.40502,31,Asia/Baghdad
NKC,GQNO,Nouakchott–Oumtounsy International Airport,Nouakchott,MR,18.31000,-15.96972,3,Africa/Nouakchott
NKG,ZSNJ,Nanjing Lukou International Airport,Nanjing,CN,31.73503,118.86595,15,Asia/Shanghai
NKM,RJNA,Nagoya Airport / JASDF Komaki Air Base,Nagoya,JP,35.25576,136.92409,16,Asia/Tokyo
NKT,LTCV,Şırnak Şerafettin Elçi Airport,Şırnak,TR,37.36470,42.05820,621,Europe/Istanbul
NLA,FLSK,Simon Mwansa Kapwepwe International Airport,Ndola,ZM,-12.96513,28.51562,1313,Africa/Lusaka
NLD,MMNL,Quetzalcóatl International Airport,Nuevo Laredo,MX,27.44390,-99.57050,148,America/Matamoros
NLH,ZPNL,Ninglang Luguhu Airport,Ninglang,CN,27.54030,100.75930,3293,Asia/Shanghai
NLI,UHNN,Nikolayevsk-na-Amure Airport,Nikolayevsk-na-Amure Airport,RU,53.15500,140.64999,52,Asia/Vladivostok
NLK,YSNF,Norfolk Island International Airport,Burnt Pine,NF,-29.04176,167.93947,113,Pacific/Norfolk
NLT,ZWNL,Xinyuan Nalati Airport,Xinyuan,CN,43.43180,83.37860,930,Asia/Urumqi
NLU,MMSM,Felipe Ángeles International Airport,Mexico City,MX,19.74382,-99.01507,2246,America/Mexico_City
NMA,UZFN,Namangan International Airport,Namangan,UZ,40.98462,71.55780,474,Asia/Tashkent
NMF,VRDA,Maafaru International Airport,Noonu Atoll,MV,5.81741,73.46840,2,Indian/Maldives
NMI,VANM,Navi Mumbai International Airport,Navi Mumbai,IN,18.98460,73.06525,56,Asia/Kolkata
NNG,ZGNN,Nanning Wuxu International Airport,Nanning (Jiangnan),CN,22.59807,108.18192,128,Asia/Shanghai
NNM,ULAM,Naryan Mar Airport,Naryan Mar,RU,67.64000,53.12190,11,Europe/Moscow
NNT,VTCN,Nan Airport,,TH,18.80790,100.78300,209,Asia/Bangkok
NOB,MRNS,Nosara Airport,Nicoya,CR,9.97649,-85.65300,10,America/Costa_Rica
NOC,EIKN,Ireland West Airport Knock,Charlestown,IE,53.91044,-8.81700,203,Europe/Dublin
NOJ,USRO,Noyabrsk Airport,Noyabrsk,RU,63.18330,75.27000,136,Asia/Yekaterinburg
NOP,LTCM,Sinop Airport,Sinop,TR,42.01831,35.07177,6,Europe/Istanbul
NOS,FMNN,Nosy Be International Airport,Nosy Be,MG,-13.31210,48.31480,11,Indian/Antananarivo
NOU,NWWW,La Tontouta International Airport,Nouméa (La Tontouta),NC,-22.01460,166.21300,16,Pacific/Noumea
NOV,FNHU,Albano Machado Airport,Huambo,AO,-12.80890,15.76050,1703,Africa/Luanda
NOZ,UNWW,Spichenkovo Airport,Novokuznetsk,RU,53.81140,86.87720,312,Asia/Novokuznetsk
NPE,NZNR,Hawke's Bay Airport,Napier,NZ,-39.46580,176.86999,2,Pacific/Auckland
NPL,NZNP,New Plymouth Airport,New Plymouth,NZ,-39.00860,174.17900,30,Pacific/Auckland
NPO,WIOG,Nanga Pinoh Airport,Nanga Pinoh-Borneo Island,ID,-0.34864,111.74616,37,Asia/Pontianak
NPT,KUUU,Newport State Airport,Newport,US,41.53221,-71.28104,52,America/New_York
NQN,SAZN,Presidente Perón International Airport,Neuquén,AR,-38.94900,-68.15570,273,America/Argentina/Salta
NQY,EGHQ,Cornwall Airport Newquay,Newquay,GB,50.44060,-4.99541,119,Europe/London
NQZ,UACC,Nursultan Nazarbayev International Airport,Astana,KZ,51.02703,71.46709,355,Asia/Almaty
NRA,YNAR,Narrandera Airport,Narrandera,AU,-34.70220,146.51199,144,Australia/Sydney
NRK,ESSP,Norrköping Airport,Norrköping,SE,58.58630,16.25060,10,Europe/Stockholm
NRN,EDLV,Weeze (Niederrhein) Airport,Weeze,DE,51.60136,6.14123,32,Europe/Berlin
NRR,TJRV,José Aponte de la Torre Airport,Ceiba,PR,18.24726,-65.63979,12,America/Puerto_Rico
NRT,RJAA,Narita International Airport,Narita,JP,35.76858,140.38871,43,Asia/Tokyo
NSH,OINN,Nowshahr Airport,Nowshahr,IR,36.66429,51.46273,-19,Asia/Tehran
NSI,FKYS,Yaoundé Nsimalen International Airport,Yaoundé,CM,3.72256,11.55330,694,Africa/Douala
NSK,UOOO,Alykel International Airport,Norilsk,RU,69.30795,87.32591,175,Asia/Krasnoyarsk
NSN,NZNS,Nelson Airport,Nelson,NZ,-41.29671,173.22432,5,Pacific/Auckland
NST,VTSF,Nakhon Si Thammarat Airport,Nakhon Si Thammarat,TH,8.53962,99.94470,4,Asia/Bangkok
NTE,LFRS,Nantes Atlantique Airport,Nantes,FR,47.15320,-1.61073,27,Europe/Paris
NTG,ZSNT,Nantong Xingdong International Airport,Nantong (Tongzhou),CN,32.07357,120.98008,5,Asia/Shanghai
NTL,YWLM,Newcastle Airport,Williamtown,AU,-32.79611,151.83503,9,Australia/Sydney
NTN,YNTN,Normanton Airport,Normanton,AU,-17.68409,141.06966,22,Australia/Brisbane
NTQ,RJNW,Noto Satoyama Airport,Wajima,JP,37.29310,136.96201,219,Asia/Tokyo
NTX,WIDO,Ranai Airport,Ranai-Natuna Besar Island,ID,3.90871,108.38800,2,Asia/Jakarta
NUE,EDDN,Nuremberg Airport,Nuremberg,DE,49.49870,11.07806,319,Europe/Berlin
NUI,PAQT,Nuiqsut Airport,Nuiqsut,US,70.21000,-151.00600,12,America/Anchorage
NUM,OENN,Neom Bay Airport,Sharma,SA,27.92426,35.29358,9,Asia/Riyadh
NUX,USMU,Novy Urengoy Airport,Novy Urengoy,RU,66.06940,76.52030,64,Asia/Yekaterinburg
NVA,SKNV,Benito Salas Airport,Neiva,CO,2.95015,-75.29400,446,America/Bogota
NVI,UZSA,Navoi International Airport,Navoi,UZ,40.11760,65.17266,347,Asia/Samarkand
NVT,SBNF,Ministro Victor Konder International Airport,Navegantes,BR,-26.87943,-48.65098,5,America/Sao_Paulo
NWI,EGSH,Norwich Airport,"Norwich, Norfolk",GB,52.67580,1.28278,36,Europe/London
NYA,USHN,Nyagan Airport,Nyagan,RU,62.11000,65.61500,110,Asia/Yekaterinburg
NYI,DGSN,Sunyani Airport,Sunyani,GH,7.36183,-2.32876,309,Africa/Accra
NYK,HKNL,Nanyuki Civil Airport,Gathiuru,KE,-0.06235,37.04130,1905,Africa/Nairobi
NYM,USMM,Nadym Airport,Nadym,RU,65.48090,72.69890,15,Asia/Yekaterinburg
NYO,ESKN,Stockholm Skavsta Airport,Nyköping,SE,58.78966,16.91148,43,Europe/Stockholm
NYT,VYNT,Nay Pyi Taw International Airport,Naypyitaw,MM,19.62350,96.20100,92,Asia/Yangon
NZC,SPZA,Maria Reiche Neuman Airport,Nazca,PE,-14.85400,-74.96150,567,America/Lima
NZH,ZBMZ,Manzhouli Xijiao Airport,Manzhouli,CN,49.56667,117.33000,680,Asia/Shanghai
NZL,ZBZL,Zhalantun Genghis Khan Airport,Zhalantun,CN,47.86594,122.76866,283,Asia/Shanghai
OAJ,KOAJ,Albert J Ellis Airport,Richlands,US,34.82920,-77.61210,29,America/New_York
OAK,KOAK,Oakland San Francisco Bay Airport,Oakland,US,37.72008,-122.22118,3,America/Los_Angeles
OAX,MMOX,Xoxocotlán International Airport,Oaxaca,MX,16.99877,-96.72609,1521,America/Mexico_City
OBO,RJCB,Tokachi-Obihiro Airport,Obihiro,JP,42.73330,143.21700,154,Asia/Tokyo
OCC,SECO,Francisco De Orellana Airport,Coca,EC,-0.46289,-76.98680,254,America/Guayaquil
OCE,KOXB,Ocean City Municipal Airport,Ocean City,US,38.31040,-75.12400,3,America/New_York
OCJ,MKBS,Ian Fleming International Airport,Boscobel,JM,18.40408,-76.96975,27,America/Jamaica
OCS,FGCO,Corisco International Airport,Corisco Island,GQ,0.91094,9.33027,17,Africa/Malabo
ODB,LEBA,Córdoba Airport,Córdoba,ES,37.84200,-4.84888,91,Europe/Madrid
ODE,EKOD,Odense Hans Christian Andersen Airport,Odense,DK,55.47531,10.32721,17,Europe/Copenhagen
OEC,WPOC,Oecusse Route of the Sandalwood International Airport,Oecussi-Ambeno,TL,-9.19842,124.33787,0,Asia/Dili
OER,ESNO,Örnsköldsvik Airport,Örnsköldsvik,SE,63.40830,18.99000,108,Europe/Stockholm
OGD,KOGD,Ogden Hinckley Airport,Ogden,US,41.19590,-112.01200,1363,America/Denver
OGG,PHOG,Kahului International Airport,Kahului,US,20.89626,-156.43184,16,Pacific/Honolulu
OGL,SYEC,Eugene F. Correia International Airport,Ogle,GY,6.80588,-58.10766,3,America/Guyana
OGN,ROYN,Yonaguni Airport,Yonaguni,JP,24.46730,122.97983,21,Asia/Tokyo
OGS,KOGS,Ogdensburg International Airport,Ogdensburg,US,44.68190,-75.46550,91,America/New_York
OGU,LTCB,Ordu–Giresun Airport,Ordu,TR,40.96687,38.08599,3,Europe/Istanbul
OGX,DAUU,Ain Beida Airport,Ouargla,DZ,31.91720,5.41278,150,Africa/Algiers
OGZ,URMO,Vladikavkaz Beslan International Airport,Beslan,RU,43.20510,44.60660,510,Europe/Moscow
OHD,LWOH,Ohrid St. Paul the Apostle Airport,Ohrid,MK,41.18000,20.74230,705,Europe/Skopje
OHE,ZYMH,Mohe Gulian Airport,Mohe,CN,52.91687,122.42276,560,Asia/Shanghai
OHO,UHOO,Okhotsk Airport,Okhotsk,RU,59.41007,143.05650,14,Asia/Vladivostok
OHS,OOSH,Suhar International Airport,Suhar,OM,24.38604,56.62541,6,Asia/Muscat
OIM,RJTO,Oshima Airport,Izu Oshima,JP,34.78200,139.36000,40,Asia/Tokyo
OIR,RJEO,Okushiri Airport,Okushiri Island,JP,42.07170,139.43300,49,Asia/Tokyo
OIT,RJFO,Oita Airport,Oita,JP,33.47940,131.73700,6,Asia/Tokyo
OKA,ROAH,Naha International Airport,Naha,JP,26.19244,127.63980,4,Asia/Tokyo
OKC,KOKC,OKC Will Rogers World Airport,Oklahoma City,US,35.39339,-97.59825,395,America/Chicago
OKD,RJCO,Sapporo Okadama Airport,Sapporo,JP,43.11745,141.38134,8,Asia/Tokyo
OKE,RJKB,Okinoerabu Airport,Wadomari,JP,27.43160,128.70556,31,Asia/Tokyo
OKI,RJNO,Oki Global Geopark Airport,Okinoshima,JP,36.17839,133.32357,95,Asia/Tokyo
OKJ,RJOB,Okayama Momotaro Airport,Okayama,JP,34.75690,133.85500,246,Asia/Tokyo
OKL,WAJO,Oksibil Airport,Oksibil,ID,-4.90710,140.62770,1315,Asia/Jayapura
OKY,YBOK,Oakey Army Aviation Centre,,AU,-27.40926,151.73673,407,Australia/Brisbane
OLA,ENOL,Ørland Airport,Ørland,NO,63.69890,9.60400,9,Europe/Oslo
OLB,LIEO,Olbia Costa Smeralda Airport,Olbia (SS),IT,40.89895,9.51846,11,Europe/Rome
OLF,KOLF,L M Clayton Airport,Wolf Point,US,48.09450,-105.57500,605,America/Denver
OLM,KOLM,Olympia Regional Airport,Olympia,US,46.96940,-122.90300,64,America/Los_Angeles
OLZ,UEMO,Olyokminsk Airport,Olyokminsk,RU,60.40183,120.47609,200,Asia/Yakutsk
OMA,KOMA,Eppley Airfield,Omaha,US,41.30320,-95.89410,300,America/Chicago
OMD,FYOG,Oranjemund Airport,Oranjemund,NA,-28.58532,16.44638,4,Africa/Windhoek
OME,PAOM,Nome Airport,Nome,US,64.51220,-165.44501,11,America/Nome
OMH,OITR,Urmia Airport,Urmia,IR,37.66810,45.06870,1324,Asia/Tehran
OMN,UZTZ,Zomin Airport,Zomin,UZ,40.01402,68.41103,536,Asia/Tashkent
OMO,LQMO,Mostar International Airport,Mostar,BA,43.28249,17.84610,48,Europe/Sarajevo
OMR,LROD,Oradea International Airport,Oradea,RO,47.02530,21.90250,142,Europe/Bucharest
OMS,UNOO,Omsk Central Airport,Omsk,RU,54.96312,73.31242,95,Asia/Omsk
OND,FYOA,Ondangwa Airport,Ondangwa,NA,-17.87820,15.95260,1097,Africa/Windhoek
ONJ,RJSR,Odate Noshiro Airport,Kitaakita,JP,40.19190,140.37100,89,Asia/Tokyo
ONQ,LTAS,Zonguldak Çaycuma Airport,Zonguldak,TR,41.50640,32.08860,13,Europe/Istanbul
ONT,KONT,Ontario International Airport,Ontario,US,34.05600,-117.60100,288,America/Los_Angeles
ONX,MPEJ,Enrique Adolfo Jimenez Airport,Colón,PA,9.35664,-79.86740,8,America/Panama
OOL,YBCG,Gold Coast Airport,Gold Coast,AU,-28.16596,153.50664,6,Australia/Sydney
OOM,YCOM,Cooma Snowy Mountains Airport,Cooma,AU,-36.30045,148.97241,941,Australia/Sydney
OPF,KOPF,Miami-Opa Locka Executive Airport,Miami,US,25.90700,-80.27840,2,America/New_York
OPO,LPPR,Francisco de Sá Carneiro Airport,Porto,PT,41.24810,-8.68139,69,Europe/Lisbon
OPU,AYBM,Balimo Airport,Balimo,PG,-8.05000,142.93300,16,Pacific/Port_Moresby
ORB,ESOE,Örebro Airport,Örebro,SE,59.22370,15.03800,57,Europe/Stockholm
ORD,KORD,Chicago O'Hare International Airport,Chicago,US,41.97860,-87.90480,207,America/Chicago
ORF,KORF,Norfolk International Airport,Norfolk,US,36.89534,-76.20100,8,America/New_York
ORH,KORH,Worcester Regional Airport,Worcester,US,42.26730,-71.87570,308,America/New_York
ORK,EICK,Cork International Airport,Cork,IE,51.84130,-8.49111,153,Europe/Dublin
ORN,DAOO,Oran Es-Sénia (Ahmed Ben Bella) International Airport,Es-Sénia,DZ,35.62065,-0.62249,90,Africa/Algiers
ORT,PAOR,Northway Airport,Northway,US,62.96130,-141.92900,523,America/Anchorage
ORU,SLOR,Juan Mendoza International Airport,Oruro,BO,-17.95615,-67.07583,3704,America/La_Paz
ORY,LFPO,Paris-Orly Airport,"Paris (Orly, Val-de-Marne)",FR,48.72950,2.35896,89,Europe/Paris
OSD,ESNZ,Åre Östersund Airport,Östersund,SE,63.19355,14.50417,376,Europe/Stockholm
OSI,LDOS,Osijek Airport,Osijek(Klisa),HR,45.46236,18.81128,88,Europe/Zagreb
OSL,ENGM,Oslo-Gardermoen International Airport,Oslo (Gardermoen),NO,60.19390,11.10040,208,Europe/Oslo
OSR,LKMT,Leoš Janáček Airport Ostrava,Mošnov,CZ,49.69630,18.11110,257,Europe/Prague
OSS,UCFO,Osh International Airport,Osh,KG,40.60900,72.79330,892,Asia/Bishkek
OST,EBOS,Ostend-Bruges International Airport,Oostende,BE,51.19980,2.87467,4,Europe/Brussels
OSW,UWOR,Orsk Airport,Orsk,RU,51.07250,58.59560,277,Asia/Yekaterinburg
OTH,KOTH,Southwest Oregon Regional Airport,North Bend,US,43.41710,-124.24600,5,America/Los_Angeles
OTP,LROP,Bucharest Henri Coandă International Airport,Otopeni,RO,44.57179,26.10328,96,Europe/Bucharest
OTZ,PAOT,Ralph Wien Memorial Airport,Kotzebue,US,66.88470,-162.59900,4,America/Nome
OUA,DFFD,Ouagadougou Thomas Sankara International Airport,Ouagadougou,BF,12.35320,-1.51242,316,Africa/Ouagadougou
OUD,GMFO,Oujda Angads Airport,Ahl Angad,MA,34.78956,-1.92604,468,Africa/Casablanca
OUL,EFOU,Oulu Airport,Oulu / Oulunsalo,FI,64.93010,25.35460,14,Europe/Helsinki
OUZ,GQPZ,Tazadit Airport,Zouérate,MR,22.75735,-12.48223,341,Africa/Nouakchott
OVB,UNNT,Novosibirsk Tolmachevo Airport,Novosibirsk,RU,55.01976,82.61867,111,Asia/Novosibirsk
OVD,LEAS,Asturias Airport,Ranón,ES,43.56360,-6.03462,127,Europe/Madrid
OVS,USHS,Sovetskiy Airport,Sovetskiy,RU,61.32662,63.60191,107,Asia/Yekaterinburg
OWB,KOWB,Owensboro Daviess County Airport,Owensboro,US,37.74010,-87.16680,124,America/Chicago
OXB,GGOV,Osvaldo Vieira International Airport,Bissau,GW,11.89426,-15.65360,39,Africa/Bissau
OYE,FOGO,Oyem Airport,Oyem,GA,1.54311,11.58140,658,Africa/Libreville
OZC,RPMO,Labo Airport,Ozamiz,PH,8.17851,123.84200,23,Asia/Manila
OZG,GMAZ,Zagora Airport,Zagora,MA,30.26579,-5.86081,736,Africa/Casablanca
OZZ,GMMZ,Ouarzazate International Airport,Ouarzazate,MA,30.93910,-6.90943,1153,Africa/Casablanca
PAB,VEBU,Bilaspur Airport,Bilaspur,IN,21.98840,82.11100,274,Asia/Kolkata
PAC,MPMG,Marcos A. Gelabert International Airport,Albrook,PA,8.97334,-79.55560,9,America/Panama
PAD,EDLP,Paderborn Lippstadt Airport,Büren,DE,51.61253,8.61746,213,Europe/Berlin
PAE,KPAE,Seattle Paine Field International Airport,Everett,US,47.90630,-122.28200,185,America/Los_Angeles
PAG,RPMP,Pagadian Airport,Pagadian,PH,7.82563,123.45964,2,Asia/Manila
PAH,KPAH,Barkley Regional Airport,Paducah,US,37.06080,-88.77380,125,America/Chicago
PAP,MTPP,Toussaint Louverture International Airport,Port-au-Prince,HT,18.58002,-72.29260,37,America/Port-au-Prince
PAT,VEPT,Jay Prakash Narayan Airport,Patna,IN,25.59130,85.08800,52,Asia/Kolkata
PAV,SBUF,Paulo Afonso Airport,Paulo Afonso,BR,-9.40088,-38.25060,269,America/Bahia
PAZ,MMPA,El Tajín National Airport,Poza Rica,MX,20.60270,-97.46080,151,America/Mexico_City
PBC,MMPB,Hermanos Serdán International Airport,Puebla,MX,19.15846,-98.37158,2244,America/Mexico_City
PBD,VAPR,Porbandar Airport,Porbandar,IN,21.64952,69.65641,7,Asia/Kolkata
PBG,KPBG,Plattsburgh International Airport,Plattsburgh,US,44.65090,-73.46810,71,America/New_York
PBH,VQPR,Paro International Airport,Paro,BT,27.40320,89.42460,2245,Asia/Thimphu
PBM,SMJP,Johan Adolf Pengel International Airport,Paramaribo,SR,5.45283,-55.18780,18,America/Paramaribo
PBO,YPBO,Paraburdoo Airport,Paraburdoo,AU,-23.17110,117.74500,429,Australia/Perth
PBR,MGPB,Puerto Barrios Airport,Puerto Barrios,GT,15.73090,-88.58380,10,America/Guatemala
PBU,VYPT,Putao Airport,Putao,MM,27.32990,97.42630,457,Asia/Yangon
PCL,SPCL,Cap FAP David Abenzur Rengifo International Airport,Pucallpa,PE,-8.37806,-74.57449,156,America/Lima
PCP,FPPR,Principe Airport,São Tomé & Príncipe,ST,1.66115,7.41108,180,Africa/Sao_Tome
PCR,SKPC,German Olano Airport,Puerto Carreño,CO,6.18472,-67.49320,54,America/Bogota
PDA,SKPD,Obando Cesar Gaviria Trujillo Airport,Puerto Inírida,CO,3.85353,-67.90620,140,America/Bogota
PDG,WIEE,Minangkabau International Airport,Padang (Katapiang),ID,-0.78596,100.28038,5,Asia/Jakarta
PDK,KPDK,DeKalb Peachtree Airport,Atlanta,US,33.87633,-84.30213,306,America/New_York
PDL,LPPD,João Paulo II Airport,Ponta Delgada,PT,37.74120,-25.69790,79,Atlantic/Azores
PDO,WIPQ,Pendopo Airport,Talang Gudang-Sumatra Island,ID,-3.28607,103.88000,56,Asia/Jakarta
PDP,SULS,Capitan Corbeta CA Curbelo International Airport,Punta del Este,UY,-34.85510,-55.09430,29,America/Montevideo
PDS,MMPG,Piedras Negras International Airport,Piedras Negras,MX,28.62787,-100.53524,275,America/Matamoros
PDT,KPDT,Eastern Oregon Regional Airport at Pendleton,Pendleton,US,45.69510,-118.84100,456,America/Los_Angeles
PDV,LBPD,Plovdiv International Airport,Plovdiv,BG,42.06780,24.85080,182,Europe/Sofia
PDX,KPDX,Portland International Airport,Portland,US,45.58870,-122.59800,9,America/Los_Angeles
PED,LKPD,Pardubice Airport,Pardubice,CZ,50.01505,15.73981,226,Europe/Prague
PEE,USPP,Perm International Airport,Perm,RU,57.91450,56.02120,123,Asia/Yekaterinburg
PEG,LIRZ,Perugia San Francesco d'Assisi – Umbria International Airport,Perugia (PG),IT,43.09590,12.51320,212,Europe/Rome
PEI,SKPE,Matecaña International Airport,Pereira,CO,4.81267,-75.73950,1346,America/Bogota
PEK,ZBAA,Beijing Capital International Airport,Beijing,CN,40.07735,116.59670,35,Asia/Shanghai
PEM,SPTU,Padre Aldamiz International Airport,Puerto Maldonado,PE,-12.61360,-69.22860,201,America/Lima
PEN,WMKP,Penang International Airport,Penang,MY,5.29630,100.27618,3,Asia/Kuala_Lumpur
PER,YPPH,Perth International Airport,Perth,AU,-31.94030,115.96700,20,Australia/Perth
PES,ULPB,Petrozavodsk Airport,Petrozavodsk,RU,61.88520,34.15470,46,Europe/Moscow
PET,SBPK,João Simões Lopes Neto International Airport,Pelotas,BR,-31.71719,-52.32780,18,America/Sao_Paulo
PEV,LHPP,Pécs-Pogány International Airport,Pécs,HU,45.98889,18.24204,198,Europe/Budapest
PEW,OPPS,Bacha Khan International Airport,Peshawar,PK,33.99390,71.51460,353,Asia/Karachi
PEX,UUYP,Pechora Airport,Pechora,RU,65.12110,57.13080,30,Europe/Moscow
PEZ,UWPP,Penza Airport,Penza,RU,53.11060,45.02110,187,Europe/Moscow
PFB,SBPF,Lauro Kurtz Airport,Passo Fundo,BR,-28.24398,-52.32777,725,America/Sao_Paulo
PFO,LCPH,Paphos International Airport,Paphos,CY,34.71800,32.48570,12,Asia/Nicosia
PGA,KPGA,Page Municipal Airport,Page,US,36.92423,-111.44772,1316,America/Phoenix
PGD,KPGD,Punta Gorda Airport,Punta Gorda,US,26.92020,-81.99050,8,America/New_York
PGF,LFMP,Perpignan-Rivesaltes (Llabanère) Airport,Perpignan/Rivesaltes,FR,42.74040,2.87067,44,Europe/Paris
PGH,VIPT,Pantnagar Airport,Pantnagar,IN,29.03340,79.47370,234,Asia/Kolkata
PGK,WIKK,Depati Amir Airport,Pangkal Pinang,ID,-2.16220,106.13900,33,Asia/Jakarta
PGU,OIBP,Persian Gulf International Airport,Khiyaroo,IR,27.37960,52.73770,8,Asia/Tehran
PGV,KPGV,Pitt-Greenville Airport,Greenville,US,35.63553,-77.38426,8,America/New_York
PGZ,SBPG,Ponta Grossa Airport - Comandante Antonio Amilton Beraldo,Ponta Grossa,BR,-25.18448,-50.14382,789,America/Sao_Paulo
PHB,SBPB,Parnaíba - Prefeito Doutor João Silva Filho International Airport,Parnaíba,BR,-2.89375,-41.73200,7,America/Fortaleza
PHC,DNPO,Port Harcourt International Airport,Port Harcourt,NG,5.01549,6.94959,27,Africa/Lagos
PHE,YPPD,Port Hedland International Airport,Port Hedland,AU,-20.38279,118.62979,10,Australia/Perth
PHF,KPHF,Newport News Williamsburg International Airport,Newport News,US,37.13190,-76.49300,13,America/New_York
PHG,DNPM,Port Harcourt City Airport / Port Harcourt Air Force Base,Port Harcourt,NG,4.84611,7.02139,17,Africa/Lagos
PHH,VNPR,Pokhara International Airport,Pokhara,NP,28.18380,84.01470,791,Asia/Kathmandu
PHL,KPHL,Philadelphia International Airport,Philadelphia,US,39.87190,-75.24110,11,America/New_York
PHS,VTPP,Phitsanulok Airport,Phitsanulok,TH,16.78290,100.27900,47,Asia/Bangkok
PHW,FAPH,Hendrik Van Eck Airport,Phalaborwa,ZA,-23.93720,31.15540,436,Africa/Johannesburg
PHX,KPHX,Phoenix Sky Harbor International Airport,Phoenix,US,33.43530,-112.00590,346,America/Phoenix
PHY,VTPB,Phetchabun Airport,,TH,16.67600,101.19500,137,Asia/Bangkok
PIA,KPIA,General Wayne A. Downing Peoria International Airport,Peoria,US,40.66384,-89.69263,201,America/Chicago
PIB,KPIB,Hattiesburg Laurel Regional Airport,Moselle,US,31.46710,-89.33710,91,America/Chicago
PIE,KPIE,St. Petersburg Clearwater International Airport,Pinellas Park,US,27.91020,-82.68740,3,America/New_York
PIH,KPIH,Pocatello Regional Airport,Pocatello,US,42.90980,-112.59600,1357,America/Boise
PIK,EGPK,Glasgow Prestwick Airport,"Prestwick, South Ayrshire",GB,55.50150,-4.57718,20,Europe/London
PIR,KPIR,Pierre Regional Airport,Pierre,US,44.38270,-100.28600,532,America/Chicago
PIS,LFBI,Poitiers-Biard Airport,Poitiers/Biard,FR,46.58770,0.30667,129,Europe/Paris
PIT,KPIT,Pittsburgh International Airport,Pittsburgh,US,40.49150,-80.23290,367,America/New_York
PIU,SPUR,PAF Captain Guillermo Concha Iberico International Airport,Piura,PE,-5.20575,-80.61640,37,America/Lima
PIX,LPPI,Pico Airport,Pico Island,PT,38.55430,-28.44130,33,Atlantic/Azores
PIZ,PPIZ,Point Lay LRRS Airport,Point Lay,US,69.73290,-163.00501,7,America/Nome
PJM,MRPJ,Puerto Jimenez Airport,Puerto Jimenez,CR,8.53333,-83.30000,2,America/Costa_Rica
PKB,KPKB,Mid Ohio Valley Regional Airport,Parkersburg (Williamstown),US,39.34510,-81.43920,262,America/New_York
PKC,UHPP,Yelizovo Airport,Petropavlovsk-Kamchatsky,RU,53.16872,158.45107,40,Asia/Kamchatka
PKE,YPKS,Parkes Airport,Parkes,AU,-33.13140,148.23900,326,Australia/Sydney
PKR,VNPK,Pokhara Domestic Airport,Pokhara,NP,28.20062,83.98120,827,Asia/Kathmandu
PKU,WIBB,Sultan Syarif Kasim II International Airport / Roesmin Nurjadin AFB,Pekanbaru,ID,0.45865,101.44432,31,Asia/Jakarta
PKV,ULOO,Princess Olga Pskov International Airport,Pskov,RU,57.78132,28.39384,47,Europe/Moscow
PKX,ZBAD,Beijing Daxing International Airport,Beijing,CN,39.50129,116.41397,30,Asia/Shanghai
PKY,WAGG,Tjilik Riwut Airport,Palangkaraya,ID,-2.22715,113.94339,25,Asia/Pontianak
PKZ,VLPS,Pakse International Airport,Pakse,LA,15.13397,105.77987,107,Asia/Vientiane
PLJ,MZPL,Placencia Airport,Placencia,BZ,16.53696,-88.36151,1,America/Belize
PLM,WIPP,Sultan Mahmud Badaruddin II Airport,Palembang,ID,-2.89765,104.69815,15,Asia/Jakarta
PLN,KPLN,Pellston Regional Airport of Emmet County Airport,Pellston,US,45.57090,-84.79670,220,America/Detroit
PLO,YPLC,Port Lincoln Airport,Port Lincoln,AU,-34.60530,135.88000,11,Australia/Adelaide
PLQ,EYPA,Palanga International Airport,Palanga,LT,55.97320,21.09390,10,Europe/Vilnius
PLS,MBPV,Providenciales International Airport,Providenciales,TC,21.77370,-72.26832,5,America/Grand_Turk
PLW,WAFF,Mutiara - SIS Al-Jufrie Airport,Palu,ID,-0.91646,119.90865,87,Asia/Makassar
PLX,UASS,Semei International Airport,Semey,KZ,50.35130,80.23440,232,Asia/Almaty
PLZ,FAPE,Chief Dawid Stuurman International Airport,Gqeberha (Port Elizabeth),ZA,-33.98971,25.61735,69,Africa/Johannesburg
PMC,SCTE,El Tepual International Airport,Puerto Montt,CL,-41.44309,-73.09407,90,America/Santiago
PMF,LIMP,Parma Airport,Parma (PR),IT,44.82635,10.29705,49,Europe/Rome
PMG,SBPP,Ponta Porã Airport,Ponta Porã,BR,-22.54960,-55.70260,657,America/Campo_Grande
PMI,LEPA,Palma de Mallorca Airport,Palma de Mallorca,ES,39.55170,2.73881,8,Europe/Madrid
PMO,LICJ,Falcone–Borsellino Airport,Palermo,IT,38.17600,13.09100,20,Europe/Rome
PMQ,SAWP,Perito Moreno Jalil Hamer Airport,Perito Moreno,AR,-46.53790,-70.97870,430,America/Argentina/Rio_Gallegos
PMR,NZPM,Palmerston North Airport,Palmerston North,NZ,-40.32060,175.61700,46,Pacific/Auckland
PMV,SVMG,Del Caribe Santiago Mariño International Airport,Isla Margarita,VE,10.91260,-63.96660,23,America/Caracas
PMW,SBPJ,Brigadeiro Lysias Rodrigues Airport,Palmas,BR,-10.29150,-48.35700,236,America/Araguaina
PMY,SAVY,El Tehuelche Airport,Puerto Madryn,AR,-42.75920,-65.10270,130,America/Argentina/Catamarca
PNA,LEPP,Pamplona Airport,Pamplona,ES,42.77000,-1.64633,458,Europe/Madrid
PNI,PTPN,Pohnpei International Airport,Pohnpei Island,FM,6.98508,158.20992,3,Pacific/Pohnpei
PNK,WIOO,Supadio International Airport,Pontianak,ID,-0.15226,109.40449,3,Asia/Pontianak
PNL,LICG,Pantelleria Airport,Pantelleria (TP),IT,36.81650,11.96890,191,Europe/Rome
PNP,AYGR,Girua Airport,Popondetta,PG,-8.80454,148.30901,95,Pacific/Port_Moresby
PNQ,VAPO,Pune International Airport,Pune,IN,18.58210,73.91970,592,Asia/Kolkata
PNR,FCPP,Antonio Agostinho-Neto International Airport,Pointe Noire,CG,-4.81603,11.88660,17,Africa/Brazzaville
PNS,KPNS,Pensacola International Airport,Pensacola,US,30.47272,-87.18664,37,America/Chicago
PNT,SCNT,Lieutenant Julio Gallardo Airport,Puerto Natales,CL,-51.67067,-72.52908,66,America/Punta_Arenas
PNY,VOPC,Pondicherry Airport,Puducherry (Pondicherry),IN,11.96800,79.81200,41,Asia/Kolkata
PNZ,SBPL,Senador Nilo Coelho Airport,Petrolina,BR,-9.36242,-40.56910,385,America/Recife
POA,SBPA,Porto Alegre-Salgado Filho International Airport,Porto Alegre,BR,-29.99398,-51.16748,3,America/Sao_Paulo
POG,FOOG,Port Gentil International Airport,Port Gentil,GA,-0.71174,8.75438,4,Africa/Libreville
POL,FQPB,Pemba Airport,Pemba,MZ,-12.99330,40.52487,101,Africa/Maputo
POM,AYPY,Port Moresby Jacksons International Airport,Port Moresby,PG,-9.44338,147.22000,45,Pacific/Port_Moresby
POP,MDPP,Gregorio Luperon International Airport,Puerto Plata,DO,19.75790,-70.57000,5,America/Santo_Domingo
POR,EFPO,Pori Airport,Pori,FI,61.46170,21.80000,13,Europe/Helsinki
POS,TTPP,Piarco International Airport,Port of Spain,TT,10.59535,-61.33757,18,America/Port_of_Spain
POZ,EPPO,Poznań-Ławica Airport,Poznań,PL,52.42160,16.82336,94,Europe/Warsaw
PPB,SBDN,Presidente Prudente Airport,Presidente Prudente,BR,-22.17510,-51.42460,450,America/Sao_Paulo
PPG,NSTU,Pago Pago International Airport,Pago Pago,AS,-14.33100,-170.71001,10,Pacific/Pago_Pago
PPK,UACP,Petropavl International Airport,Petropavl,KZ,54.77562,69.18742,138,Asia/Almaty
PPN,SKPP,Guillermo León Valencia Airport,Popayán,CO,2.45436,-76.60925,1733,America/Bogota
PPP,YBPN,Proserpine Whitsunday Coast Airport,Proserpine,AU,-20.49442,148.55358,25,Australia/Brisbane
PPS,RPVP,Puerto Princesa International Airport / PAF Antonio Bautista Air Base,Puerto Princesa,PH,9.74204,118.75911,22,Asia/Manila
PPT,NTAA,Fa'a'ā International Airport,Papeete,PF,-17.55347,-149.60694,2,Pacific/Tahiti
PQC,VVPQ,Phú Quốc International Airport,Phu Quoc Island,VN,10.16978,103.99353,11,Asia/Ho_Chi_Minh
PQI,KPQI,Presque Isle International Airport,Presque Isle,US,46.68900,-68.04480,163,America/New_York
PQQ,YPMQ,Port Macquarie Airport,Port Macquarie,AU,-31.43580,152.86301,4,Australia/Sydney
PRA,SAAP,General Urquiza Airport,Parana,AR,-31.79480,-60.48040,74,America/Argentina/Cordoba
PRC,KPRC,Prescott Regional Airport - Ernest A. Love Field,Prescott,US,34.65350,-112.41988,1538,America/Phoenix
PRG,LKPR,Václav Havel Airport Prague,Prague,CZ,50.10087,14.25991,380,Europe/Prague
PRI,FSPP,Praslin Island Airport,Praslin Island,SC,-4.31926,55.69156,3,Indian/Mahe
PRM,LPPM,Portimão Airport,Portimão,PT,37.14930,-8.58396,2,Europe/Lisbon
PRN,BKPR,Priština Adem Jashari International Airport,Prishtina,XK,42.57280,21.03580,545,Europe/Belgrade
PSA,LIRP,Pisa International Airport,Pisa (PI),IT,43.68390,10.39270,2,Europe/Rome
PSC,KPSC,Tri Cities Airport,Pasco,US,46.26470,-119.11900,125,America/Los_Angeles
PSD,HEPS,Port Said International Airport,Port Said,EG,31.27929,32.24058,3,Africa/Cairo
PSE,TJPS,Mercedita International Airport,Ponce,PR,18.00830,-66.56300,9,America/Puerto_Rico
PSG,PAPG,Petersburg James A Johnson Airport,Petersburg,US,56.80170,-132.94501,34,America/Sitka
PSM,KPSM,Portsmouth International Airport at Pease,Portsmouth,US,43.07790,-70.82330,30,America/New_York
PSO,SKPS,Antonio Nariño Airport,Chachagüí,CO,1.39672,-77.29093,1814,America/Bogota
PSP,KPSP,Palm Springs International Airport,Palm Springs,US,33.82970,-116.50700,145,America/Los_Angeles
PSR,LIBP,Abruzzo Airport,Pescara,IT,42.43108,14.18298,15,Europe/Rome
PSS,SARP,Libertador Gral D Jose De San Martin Airport,Posadas,AR,-27.38580,-55.97070,131,America/Argentina/Cordoba
PSU,WIOP,Pangsuma Airport,Putussibau-Borneo Island,ID,0.83458,112.94022,91,Asia/Pontianak
PSZ,SLPS,Capitán Av. Salvador Ogaya G. airport,Puerto Suárez,BO,-18.97530,-57.82060,134,America/La_Paz
PTG,FAPP,Polokwane International Airport,Polokwane,ZA,-23.84527,29.45862,1242,Africa/Johannesburg
PTH,PAPH,Port Heiden Airport,Port Heiden,US,56.95789,-158.63022,29,America/Anchorage
PTJ,YPOD,Portland Airport,,AU,-38.31810,141.47099,81,Australia/Melbourne
PTP,TFFR,Maryse Condé International Airport,Pointe-à-Pitre,GP,16.26544,-61.53275,11,America/Guadeloupe
PTU,PAPM,Platinum Airport,Platinum,US,59.01767,-161.82793,5,America/Anchorage
PTY,MPTO,Tocumen International Airport,Tocumen,PA,9.07136,-79.38350,41,America/Panama
PUB,KPUB,Pueblo Memorial Airport,Pueblo,US,38.28910,-104.49700,1440,America/Denver
PUD,SAWD,Puerto Deseado Airport,Puerto Deseado,AR,-47.73530,-65.90410,82,America/Argentina/Rio_Gallegos
PUF,LFBP,Pau Pyrénées Airport,Pau/Pyrénées (Uzein),FR,43.38000,-0.41861,188,Europe/Paris
PUG,YPAG,Port Augusta Airport,,AU,-32.50690,137.71700,17,Australia/Adelaide
PUJ,MDPC,Punta Cana International Airport,Punta Cana,DO,18.56709,-68.36456,14,America/Santo_Domingo
PUQ,SCCI,President Carlos Ibáñez International Airport,Punta Arenas,CL,-53.00260,-70.85460,42,America/Punta_Arenas
PUS,RKPK,Gimhae International Airport,Busan,KR,35.17950,128.93800,2,Asia/Seoul
PUU,SKAS,Tres De Mayo Airport,Puerto Asís,CO,0.50523,-76.50080,248,America/Bogota
PUW,KPUW,Pullman-Moscow Regional Airport,Pullman,US,46.74160,-117.11163,779,America/Los_Angeles
PUY,LDPL,Pula Airport,Pula,HR,44.89350,13.92220,84,Europe/Zagreb
PUZ,MNPC,Puerto Cabezas Airport,Puerto Cabezas,NI,14.04720,-83.38670,16,America/Managua
PVA,SKPV,El Embrujo Airport,Providencia,CO,13.35746,-81.35798,3,America/Bogota
PVD,KPVD,Rhode Island T. F. Green International Airport,Providence/Warwick,US,41.72504,-71.42567,17,America/New_York
PVG,ZSPD,Shanghai Pudong International Airport,Shanghai (Pudong),CN,31.14340,121.80500,4,Asia/Shanghai
PVH,SBPV,Governador Jorge Teixeira de Oliveira International Airport,Porto Velho,BR,-8.70849,-63.90234,90,America/Porto_Velho
PVK,LGPZ,Aktion National Airport,Preveza,GR,38.92550,20.76530,3,Europe/Athens
PVR,MMPR,Puerto Vallarta International Airport,Puerto Vallarta,MX,20.67991,-105.25439,7,America/Mexico_City
PVU,KPVU,Provo Municipal Airport,Provo,US,40.21889,-111.72244,1371,America/Denver
PWE,UHMP,Pevek Airport,Apapelgino,RU,69.78330,170.59700,3,Asia/Anadyr
PWM,KPWM,Portland International Jetport,Portland,US,43.64620,-70.30930,23,America/New_York
PWQ,UASP,Pavlodar International Airport,Pavlodar,KZ,52.19498,77.07309,125,Asia/Almaty
PXM,MMPS,Puerto Escondido International Airport,Puerto Escondido,MX,15.87681,-97.08910,90,America/Mexico_City
PXO,LPPS,Porto Santo Airport,Vila Baleira,PT,33.07340,-16.35000,104,Atlantic/Madeira
PXR,VTUJ,Surin Airport,Surin,TH,14.86830,103.49800,146,Asia/Bangkok
PXU,VVPK,Pleiku Airport,Pleiku,VN,14.00450,108.01700,742,Asia/Ho_Chi_Minh
PYJ,UERP,Polyarny Airport,Yakutia,RU,66.40040,112.03000,506,Asia/Yakutsk
PYK,OIIP,Payam International Airport,Karaj,IR,35.77610,50.82670,1271,Asia/Tehran
PZB,FAPM,Pietermaritzburg Airport,Pietermaritzburg,ZA,-29.64900,30.39870,739,Africa/Johannesburg
PZH,OPZB,Zhob Airport,Fort Sandeman,PK,31.35840,69.46360,1441,Asia/Karachi
PZI,ZUZH,Panzhihua Bao'anying Airport,Panzhihua (Renhe),CN,26.54000,101.79852,494,Asia/Shanghai
PZO,SVPR,General Manuel Carlos Piar International Airport,Guyana City,VE,8.28853,-62.76040,144,America/Caracas
PZU,HSPN,Port Sudan New International Airport,Port Sudan,SD,19.43456,37.23412,41,Africa/Khartoum
QBC,CYBD,Bella Coola Airport,Bella Coola,CA,52.38750,-126.59600,36,America/Vancouver
QOW,DNIM,Sam Mbakwe International Cargo Airport,Owerri,NG,5.42706,7.20603,114,Africa/Lagos
QRO,MMQT,Querétaro Intercontinental Airport,Querétaro,MX,20.61878,-100.18645,1919,America/Mexico_City
QRW,DNSU,Warri Airport,Okpe,NG,5.59821,5.81870,74,Africa/Lagos
QSF,DAAS,Ain Arnat Airport,Sétif,DZ,36.17849,5.32991,1024,Africa/Algiers
QSR,LIRI,Salerno Costa d'Amalfi Airport,Salerno,IT,40.62040,14.91130,37,Europe/Rome
QSZ,ZWSC,Shache Airport,Shache,CN,38.24542,77.05615,1290,Asia/Urumqi
QUO,DNAI,Akwa Ibom International Airport,Uyo,NG,4.87250,8.09300,52,Africa/Lagos
RAB,AYTK,Tokua Airport,Kokopo,PG,-4.34046,152.38001,15,Pacific/Port_Moresby
RAE,OERR,Arar Domestic Airport,Arar,SA,30.90660,41.13820,553,Asia/Riyadh
RAH,OERF,Rafha Domestic Airport,Rafha,SA,29.62640,43.49060,449,Asia/Riyadh
RAI,GVNP,Nelson Mandela International Airport,Praia,CV,14.94113,-23.48473,70,Atlantic/Cape_Verde
RAK,GMMX,Marrakesh Menara Airport,Marrakesh,MA,31.60481,-8.03579,471,Africa/Casablanca
RAO,SBRP,Leite Lopes Airport,Ribeirão Preto,BR,-21.13431,-47.77405,550,America/Sao_Paulo
RAP,KRAP,Rapid City Regional Airport,Rapid City,US,44.04530,-103.05700,977,America/Denver
RAR,NCRG,Rarotonga International Airport,Avarua,CK,-21.20270,-159.80600,6,Pacific/Rarotonga
RAS,OIGG,Sardar-e-Jangal Airport,Rasht,IR,37.32333,49.61778,-12,Asia/Tehran
RBA,GMME,Rabat-Salé Airport,Rabat,MA,34.05150,-6.75152,84,Africa/Casablanca
RBR,SBRB,Rio Branco-Plácido de Castro International Airport,Rio Branco,BR,-9.86903,-67.89398,193,America/Rio_Branco
RBY,PARY,Ruby Airport,Ruby,US,64.72720,-155.47000,201,America/Anchorage
RCB,FARB,Richards Bay Airport,Richards Bay,ZA,-28.74100,32.09210,33,Africa/Johannesburg
RCH,SKRH,Almirante Padilla Airport,Riohacha,CO,11.52620,-72.92600,13,America/Bogota
RDD,KRDD,Redding Municipal Airport,Redding,US,40.50900,-122.29300,154,America/Los_Angeles
RDM,KRDM,Roberts Field,Redmond,US,44.25410,-121.15000,939,America/Los_Angeles
RDO,EPRA,Warsaw Radom Airport,Radom,PL,51.38937,21.21474,186,Europe/Warsaw
RDP,VEDG,Kazi Nazrul Islam Airport,Durgapur,IN,23.62250,87.24300,91,Asia/Kolkata
RDU,KRDU,Raleigh-Durham International Airport,Raleigh/Durham,US,35.87866,-78.78730,133,America/New_York
RDZ,LFCR,Rodez–Aveyron Airport,Rodez/Marcillac,FR,44.40790,2.48267,582,Europe/Paris
REC,SBRF,Recife/Guararapes - Gilberto Freyre International Airport,Recife,BR,-8.12747,-34.92296,10,America/Recife
REG,LICR,Reggio Calabria Airport,Reggio Calabria,IT,38.07120,15.65160,29,Europe/Rome
REL,SAVT,Almirante Marco Andres Zar Airport,Rawson,AR,-43.21050,-65.27030,43,America/Argentina/Catamarca
REN,UWOO,Orenburg Central Airport,Orenburg,RU,51.79267,55.45723,118,Asia/Yekaterinburg
RER,MGRT,Retalhuleu Airport,Retalhuleu,GT,14.52143,-91.69700,200,America/Guatemala
RES,SARE,Resistencia International Airport,Resistencia,AR,-27.44991,-59.05613,53,America/Argentina/Cordoba
REU,LERS,Reus Airport,Reus,ES,41.14751,1.16835,71,Europe/Madrid
REW,VERW,"Rewa Airport, Chorhata, REWA",Rewa,IN,24.50340,81.22030,305,Asia/Kolkata
REX,MMRX,General Lucio Blanco International Airport,Reynosa,MX,26.00890,-98.22850,42,America/Matamoros
RFD,KRFD,Chicago Rockford International Airport,Chicago/Rockford,US,42.19540,-89.09720,226,America/Chicago
RFP,NTTR,Raiatea Airport,Uturoa,PF,-16.72290,-151.46600,1,Pacific/Tahiti
RGA,SAWE,Gobernador Ramón Trejo Noel International Airport,Rio Grande,AR,-53.77770,-67.74940,20,America/Argentina/Ushuaia
RGI,NTTG,Rangiroa Airport,,PF,-14.95430,-147.66100,3,Pacific/Tahiti
RGL,SAWG,Piloto Civil Norberto Fernández International Airport,Rio Gallegos,AR,-51.60879,-69.30895,19,America/Argentina/Rio_Gallegos
RGN,VYYY,Yangon International Airport,Yangon,MM,16.90730,96.13320,33,Asia/Yangon
RGO,ZKHM,Orang (Chongjin) Airport,Hoemun-ri,KP,41.42854,129.64756,4,Asia/Pyongyang
RHD,SANR,Termas de Río Hondo international Airport,Termas de Río Hondo,AR,-27.49660,-64.93595,285,America/Argentina/Cordoba
RHI,KRHI,Rhinelander Oneida County Airport,Rhinelander,US,45.63120,-89.46750,495,America/Chicago
RHO,LGRP,"Rhodes International Airport ""Diagoras""",Rhodes,GR,36.40540,28.08620,5,Europe/Athens
RIA,SBSM,Santa Maria Airport,Santa Maria,BR,-29.71140,-53.68820,87,America/Sao_Paulo
RIB,SLRI,Capitán Av. Selin Zeitun Lopez Airport,Riberalta,BO,-11.00935,-66.07547,141,America/La_Paz
RIC,KRIC,Richmond International Airport,Richmond,US,37.50520,-77.31970,51,America/New_York
RIS,RJER,Rishiri Airport,Rishiri,JP,45.24200,141.18600,34,Asia/Tokyo
RIW,KRIW,Central Wyoming Regional Airport,Riverton,US,43.06420,-108.46000,1684,America/Denver
RIX,EVRA,Riga International Airport,Riga,LV,56.92075,23.97071,11,Europe/Riga
RIY,OYRN,Riyan International Airport,Mukalla(Riyan),YE,14.66224,49.37529,16,Asia/Aden
RIZ,ZSRZ,Rizhao Shanzihe Airport,Rizhao (Donggang),CN,35.40503,119.32440,37,Asia/Shanghai
RJA,VORY,Rajahmundry Airport,Madhurapudi,IN,17.10580,81.81320,46,Asia/Kolkata
RJH,VGRJ,Shah Makhdum Airport,Rajshahi,BD,24.43720,88.61650,20,Asia/Dhaka
RJK,LDRI,Rijeka Airport,Rijeka(Omišalj),HR,45.21638,14.57085,85,Europe/Zagreb
RJL,LERJ,Logroño-Agoncillo Airport,Logroño,ES,42.46095,-2.32224,354,Europe/Madrid
RJN,OIKR,Rafsanjan Airport,Rafsanjan,IR,30.29835,56.04898,1615,Asia/Tehran
RKD,KRKD,Knox County Regional Airport,Rockland,US,44.06010,-69.09920,17,America/New_York
RKE,EKRK,Copenhagen Roskilde Airport,Roskilde,DK,55.58560,12.13140,45,Europe/Copenhagen
RKS,KRKS,Southwest Wyoming Regional Airport,Rock Springs,US,41.59420,-109.06500,2062,America/Denver
RKT,OMRK,Ras Al Khaimah International Airport,Ras Al Khaimah,AE,25.61350,55.93880,31,Asia/Dubai
RKV,BIRK,Reykjavík Domestic Airport,Reykjavík,IS,64.12873,-21.93759,15,Atlantic/Reykjavik
RKZ,ZURK,Xigaze Peace Airport / Shigatse Air Base,Xigazê (Samzhubzê),CN,29.35088,89.29916,3782,Asia/Shanghai
RLG,ETNL,Rostock-Laage Airport,Laage,DE,53.91820,12.27830,42,Europe/Berlin
RLK,ZBYZ,Bayannur Tianjitai Airport,Bayannur,CN,40.92636,107.74093,1036,Asia/Shanghai
RMA,YROM,Roma Airport,Roma,AU,-26.54500,148.77499,315,Australia/Brisbane
RMF,HEMA,Marsa Alam International Airport,Marsa Alam,EG,25.55555,34.59245,65,Africa/Cairo
RMI,LIPR,Federico Fellini International Airport,Rimini (RN),IT,44.02002,12.61220,12,Europe/Rome
RML,VCCC,Colombo Ratmalana International Airport,Colombo,LK,6.82164,79.88586,7,Asia/Colombo
RMO,LUKK,Chişinău International Airport,Chişinău,MD,46.92774,28.93170,122,Europe/Chisinau
RMQ,RCMQ,Taichung International Airport / Ching Chuang Kang Air Base,Taichung (Qingshui),TW,24.26470,120.62100,202,Asia/Taipei
RMU,LEMI,Region of Murcia International Airport,Corvera,ES,37.80285,-1.12488,196,Europe/Madrid
RMZ,USTJ,Tobolsk Remezov Airport,Tobolsk,RU,58.05971,68.34800,51,Asia/Yekaterinburg
RNB,ESDF,Ronneby Airport,Ronneby,SE,56.26670,15.26500,58,Europe/Stockholm
RNJ,RORY,Yoron Airport,Yoron,JP,27.04385,128.40165,16,Asia/Tokyo
RNN,EKRN,Bornholm Airport,Rønne,DK,55.06330,14.75960,16,Europe/Copenhagen
RNO,KRNO,Reno Tahoe International Airport,Reno,US,39.49910,-119.76800,1346,America/Los_Angeles
RNS,LFRN,Rennes-Saint-Jacques Airport,"Saint-Jacques-de-la-Lande, Ille-et-Vilaine",FR,48.06950,-1.73479,38,Europe/Paris
ROA,KROA,Roanoke–Blacksburg Regional Airport,Roanoke,US,37.32550,-79.97540,358,America/New_York
ROB,GLRB,Roberts International Airport,Monrovia,LR,6.23379,-10.36230,9,Africa/Monrovia
ROC,KROC,Frederick Douglass Greater Rochester International Airport,Rochester,US,43.11890,-77.67240,170,America/New_York
ROI,VTUV,Roi Et Airport,Roi Et,TH,16.11680,103.77400,137,Asia/Bangkok
ROK,YBRK,Rockhampton Airport,Rockhampton,AU,-23.38002,150.47536,10,Australia/Brisbane
ROO,SBRD,Maestro Marinho Franco Airport,Rondonópolis,BR,-16.58429,-54.72480,447,America/Cuiaba
ROP,PGRO,Rota International Airport,Rota Island,MP,14.17327,145.24110,185,Pacific/Saipan
ROR,PTRO,Roman Tmetuchl International Airport,Babelthuap Island,PW,7.36697,134.54408,54,Pacific/Palau
ROS,SAAR,Rosario Islas Malvinas International Airport,Rosario,AR,-32.90360,-60.78500,26,America/Argentina/Cordoba
ROT,NZRO,Rotorua Regional Airport,Rotorua,NZ,-38.10920,176.31700,285,Pacific/Auckland
ROW,KROW,Roswell Air Center Airport,Roswell,US,33.30160,-104.53100,1119,America/Denver
RPR,VERP,Swami Vivekananda Airport,Raipur,IN,21.18040,81.73880,317,Asia/Kolkata
RQA,ZWRQ,Ruoqiang Loulan Airport,Ruoqiang Town,CN,38.97472,88.00833,889,Asia/Urumqi
RRG,FIMR,Sir Charles Gaetan Duval Airport,Port Mathurin,MU,-19.75670,63.35933,29,Indian/Mauritius
RRS,ENRO,Røros Airport,Røros,NO,62.57840,11.34230,626,Europe/Oslo
RSA,SAZR,Santa Rosa Airport,Santa Rosa,AR,-36.58830,-64.27570,192,America/Argentina/Salta
RSD,MYER,Rock Sound International Airport,Rock Sound,BS,24.89165,-76.17760,3,America/Nassau
RSI,OERS,Red Sea International Airport,Hanak,SA,25.62797,37.08891,43,Asia/Riyadh
RST,KRST,Rochester International Airport,Rochester,US,43.90830,-92.50000,401,America/Chicago
RSU,RKJY,Yeosu Airport,Yeosu,KR,34.84230,127.61700,16,Asia/Seoul
RSW,KRSW,Southwest Florida International Airport,Fort Myers,US,26.53468,-81.75282,9,America/New_York
RTB,MHRO,Juan Manuel Gálvez International Airport,Coxen Hole,HN,16.31680,-86.52300,12,America/Tegucigalpa
RTM,EHRD,Rotterdam The Hague Airport,Rotterdam,NL,51.95690,4.43722,-5,Europe/Amsterdam
RUA,HUAR,Arua Airport,Arua,UG,3.04915,30.91171,1204,Africa/Kampala
RUH,OERK,King Khalid International Airport,Riyadh,SA,24.95760,46.69880,625,Asia/Riyadh
RUN,FMEE,Roland Garros Airport,Sainte-Marie,RE,-20.89009,55.51889,20,Indian/Reunion
RUR,NTAR,Rurutu Airport,,PF,-22.43410,-151.36099,5,Pacific/Tahiti
RUT,KRUT,Rutland - Southern Vermont Regional Airport,Rutland,US,43.52940,-72.94960,240,America/New_York
RVK,ENRM,"Rørvik Airport, Ryum",Rørvik,NO,64.83830,11.14610,4,Europe/Oslo
RVN,EFRO,Rovaniemi Airport,Rovaniemi,FI,66.56333,25.82975,196,Europe/Helsinki
RVY,SURV,Pres. Gral. Óscar D. Gestido Binational Airport,Rivera/Santana do Livramento,UY,-30.97460,-55.47620,217,America/Montevideo
RXS,RPVR,Roxas Airport,Roxas City,PH,11.59770,122.75200,3,Asia/Manila
RYK,OPRK,Shaikh Zaid Airport,Rahim Yar Khan,PK,28.38390,70.27960,83,Asia/Karachi
RZE,EPRZ,Rzeszów-Jasionka Airport,Jasionka,PL,50.10979,22.02416,211,Europe/Warsaw
RZR,OINR,Ramsar Airport,Ramsar,IR,36.90701,50.68732,-21,Asia/Tehran
RZV,LTFO,Rize–Artvin Airport,Rize,TR,41.17977,40.84880,5,Europe/Istanbul
SAB,TNCS,Juancho E. Yrausquin Airport,Zion's Hill,BQ,17.64533,-63.22051,18,America/Kralendijk
SAF,KSAF,Santa Fe Municipal Airport,Santa Fe,US,35.61710,-106.08900,1935,America/Denver
SAG,VASD,Shirdi International Airport,Kakadi,IN,19.68921,74.37365,587,Asia/Kolkata
SAH,OYSN,Sanaa International Airport,Sanaa,YE,15.47630,44.21970,2199,Asia/Aden
SAI,VDSA,Siem Reap-Angkor International Airport,Siem Reap,KH,13.36974,104.22383,58,Asia/Phnom_Penh
SAL,MSLP,El Salvador International Airport Saint Óscar Arnulfo Romero y Galdámez,San Salvador (San Luis Talpa),SV,13.44447,-89.05578,31,America/El_Salvador
SAN,KSAN,San Diego International Airport,San Diego,US,32.73360,-117.19000,5,America/Los_Angeles
SAP,MHLM,Ramón Villeda Morales International Airport,San Pedro Sula,HN,15.45260,-87.92360,28,America/Tegucigalpa
SAQ,MYAN,San Andros Airport,Andros Island,BS,25.05380,-78.04900,2,America/Nassau
SAT,KSAT,San Antonio International Airport,San Antonio,US,29.53370,-98.46980,247,America/Chicago
SAV,KSAV,Savannah Hilton Head International Airport,Savannah,US,32.12659,-81.19998,15,America/New_York
SAW,LTFJ,Istanbul Sabiha Gökçen International Airport,"Pendik, Istanbul",TR,40.89860,29.30920,95,Europe/Istanbul
SBA,KSBA,Santa Barbara Municipal Airport,Santa Barbara,US,34.42620,-119.84000,4,America/Los_Angeles
SBD,KSBD,San Bernardino International Airport,San Bernardino,US,34.09672,-117.23660,353,America/Los_Angeles
SBH,TFFJ,St. Jean Airport,Gustavia,BL,17.90440,-62.84333,15,America/St_Barthelemy
SBN,KSBN,South Bend International Airport,South Bend,US,41.70830,-86.31692,244,America/Indiana/Indianapolis
SBP,KSBP,San Luis County Regional Airport,San Luis Obispo,US,35.23680,-120.64200,65,America/Los_Angeles
SBT,USDA,Sabetta International Airport,Sabetta,RU,71.21917,72.05222,14,Asia/Yekaterinburg
SBW,WBGS,Sibu Airport,Sibu,MY,2.26160,111.98500,37,Asia/Kuching
SBY,KSBY,Salisbury Ocean City Wicomico Regional Airport,Salisbury,US,38.34050,-75.51030,16,America/New_York
SBZ,LRSB,Sibiu International Airport,Sibiu,RO,45.78584,24.08667,456,Europe/Bucharest
SCC,PASC,Deadhorse Airport,Deadhorse,US,70.19470,-148.46500,20,America/Anchorage
SCE,KUNV,State College Regional Airport,State College,US,40.84937,-77.84852,378,America/New_York
SCK,KSCK,Stockton Metropolitan Airport,Stockton,US,37.89328,-121.23808,10,America/Los_Angeles
SCL,SCEL,Comodoro Arturo Merino Benítez International Airport,Santiago,CL,-33.39300,-70.78580,474,America/Santiago
SCN,EDDR,Saarbrücken Airport,Saarbrücken,DE,49.21455,7.10973,322,Europe/Berlin
SCO,UATE,Aktau International Airport,Aktau,KZ,43.86009,51.09086,22,Asia/Aqtau
SCQ,LEST,Santiago-Rosalía de Castro Airport,Santiago de Compostela,ES,42.89630,-8.41514,370,Europe/Madrid
SCR,ESKS,Scandinavian Mountains Airport,Malung-Sälen,SE,61.16508,12.83352,490,Europe/Stockholm
SCT,OYSQ,Socotra Airport,Mori,YE,12.63209,53.90617,45,Asia/Aden
SCU,MUCU,Antonio Maceo International Airport,Santiago,CU,19.97474,-75.83550,76,America/Havana
SCV,LRSV,Suceava Ștefan cel Mare International Airport,Suceava,RO,47.68750,26.35410,419,Europe/Bucharest
SCW,UUYY,Syktyvkar Airport,Syktyvkar,RU,61.64700,50.84510,104,Europe/Moscow
SDD,FNUB,Lubango Mukanka International Airport,Lubango,AO,-14.92484,13.57665,1761,Africa/Luanda
SDE,SANE,Vicecomodoro Angel D. La Paz Aragonés Airport,Santiago del Estero,AR,-27.76556,-64.31000,200,America/Argentina/Cordoba
SDF,KSDF,Louisville Muhammad Ali International Airport,Louisville,US,38.17060,-85.73508,153,America/Kentucky/Louisville
SDG,OICS,Sanandaj Airport,,IR,35.24590,47.00920,1378,Asia/Tehran
SDJ,RJSS,Sendai Airport,Natori,JP,38.13970,140.91701,5,Asia/Tokyo
SDK,WBKS,Sandakan Airport,Sandakan,MY,5.90090,118.05900,14,Asia/Kuching
SDL,ESNN,Sundsvall-Härnösand Airport,Sundsvall/ Härnösand,SE,62.52810,17.44390,5,Europe/Stockholm
SDP,PASD,Sand Point Airport,Sand Point,US,55.31391,-160.52210,6,America/Anchorage
SDQ,MDSD,Las Américas International Airport,Santo Domingo,DO,18.42970,-69.66890,18,America/Santo_Domingo
SDR,LEXJ,Seve Ballesteros-Santander Airport,Santander,ES,43.42710,-3.82001,5,Europe/Madrid
SDS,RJSD,Sado Airport,Sado,JP,38.06020,138.41400,27,Asia/Tokyo
SDU,SBRJ,Santos Dumont Airport,Rio de Janeiro,BR,-22.91040,-43.16282,3,America/Sao_Paulo
SDW,VOSR,Sindhudurg Airport,Chipi,IN,16.00255,73.52985,62,Asia/Kolkata
SDY,KSDY,Sidney - Richland Regional Airport,Sidney,US,47.70514,-104.19442,605,America/Denver
SEA,KSEA,Seattle–Tacoma International Airport,Seattle,US,47.44794,-122.31028,132,America/Los_Angeles
SEB,HLLS,Sabha Airport,Sabha,LY,26.99245,14.46616,435,Africa/Tripoli
SEK,UESK,Srednekolymsk Airport,Srednekolymsk,RU,67.48050,153.73640,18,Asia/Srednekolymsk
SEN,EGMC,London Southend Airport,"Southend-on-Sea, Essex",GB,51.57056,0.69363,15,Europe/London
SEZ,FSIA,Seychelles International Airport,Victoria,SC,-4.67434,55.52180,3,Indian/Mahe
SFA,DTTX,Sfax Thyna International Airport,Sfax,TN,34.71800,10.69100,26,Africa/Tunis
SFB,KSFB,Orlando Sanford International Airport,Orlando,US,28.77428,-81.23463,17,America/New_York
SFG,TFFG,Grand Case-l'Espérance Airport,Grand Case,MF,18.10006,-63.04744,2,America/Marigot
SFJ,BGSF,Kangerlussuaq International Airport,Kangerlussuaq,GL,67.01045,-50.71529,50,America/Nuuk
SFN,SAAV,Sauce Viejo Airport,Santa Fe,AR,-31.71170,-60.81170,17,America/Argentina/Cordoba
SFO,KSFO,San Francisco International Airport,San Francisco,US,37.61981,-122.37482,4,America/Los_Angeles
SFS,RPLB,Subic Bay International Airport / Naval Air Station Cubi Point,Olongapo,PH,14.79483,120.27188,20,Asia/Manila
SFT,ESNS,Skellefteå Airport,Skellefteå,SE,64.62480,21.07690,48,Europe/Stockholm
SGC,USRR,Surgut International Airport,Surgut,RU,61.34050,73.40578,61,Asia/Yekaterinburg
SGD,EKSB,Sønderborg Airport,Sønderborg,DK,54.96440,9.79173,7,Europe/Copenhagen
SGF,KSGF,Springfield Branson National Airport,Springfield,US,37.24505,-93.38860,386,America/Chicago
SGN,VVTS,Tan Son Nhat International Airport,Ho Chi Minh City,VN,10.81880,106.65200,10,Asia/Ho_Chi_Minh
SGU,KSGU,St George Regional Airport,St George,US,37.03639,-113.51031,896,America/Denver
SHA,ZSSS,Shanghai Hongqiao International Airport,Shanghai (Minhang),CN,31.19810,121.33426,3,Asia/Shanghai
SHB,RJCN,Nakashibetsu Airport,Nakashibetsu,JP,43.57750,144.96001,71,Asia/Tokyo
SHD,KSHD,Shenandoah Valley Regional Airport,Weyers Cave,US,38.26380,-78.89640,366,America/New_York
SHE,ZYTX,Shenyang Taoxian International Airport,Shenyang,CN,41.63980,123.48367,60,Asia/Shanghai
SHI,RORS,Shimojishima Airport,Miyakojima,JP,24.82670,125.14500,16,Asia/Tokyo
SHJ,OMSJ,Sharjah International Airport,Sharjah,AE,25.32860,55.51720,34,Asia/Dubai
SHL,VEBI,Shillong Airport,Shillong,IN,25.70360,91.97870,887,Asia/Kolkata
SHM,RJBD,Nanki Shirahama Airport,Shirahama,JP,33.66220,135.36400,91,Asia/Tokyo
SHO,FDSK,King Mswati III International Airport,Mpaka,SZ,-26.35861,31.71694,333,Africa/Mbabane
SHR,KSHR,Sheridan County Airport,Sheridan,US,44.76920,-106.98000,1226,America/Denver
SHS,ZHJZ,Jingzhou Shashi Airport,Jingzhou (Shashi),CN,30.29281,112.44854,29,Asia/Shanghai
SHV,KSHV,Shreveport Regional Airport,Shreveport,US,32.44475,-93.82674,79,America/Chicago
SHW,OESH,Sharurah Domestic Airport,Sharurah,SA,17.46690,47.12140,720,Asia/Riyadh
SID,GVAC,Amílcar Cabral International Airport,Espargos,CV,16.74140,-22.94940,54,Atlantic/Cape_Verde
SIG,TJIG,Fernando Luis Ribas Dominicci Airport,San Juan,PR,18.45680,-66.09810,3,America/Puerto_Rico
SIN,WSSS,Singapore Changi Airport,Singapore,SG,1.35019,103.99400,7,Asia/Singapore
SIS,FASS,Sishen Airport,Sishen,ZA,-27.64860,22.99930,1173,Africa/Johannesburg
SIT,PASI,Sitka Rocky Gutierrez Airport,Sitka,US,57.04710,-135.36200,6,America/Sitka
SJC,KSJC,Mineta San Jose International Airport,San Jose,US,37.36245,-121.92919,19,America/Los_Angeles
SJD,MMSD,Los Cabos International Airport,San José del Cabo,MX,23.15192,-109.72073,114,America/Mazatlan
SJE,SKSJ,Jorge E. Gonzalez Torres Airport,San José Del Guaviare,CO,2.57969,-72.63940,184,America/Bogota
SJI,RPUH,San Jose Airport,San Jose,PH,12.36150,121.04700,4,Asia/Manila
SJJ,LQSA,Sarajevo International Airport,Sarajevo,BA,43.82460,18.33150,521,Europe/Sarajevo
SJK,SBSJ,Professor Urbano Ernesto Stumpf Airport,São José Dos Campos,BR,-23.22920,-45.86150,646,America/Sao_Paulo
SJL,SBUA,São Gabriel da Cachoeira Airport,São Gabriel da Cachoeira,BR,-0.14835,-66.98550,76,America/Manaus
SJO,MROC,Juan Santamaría International Airport,San José (Alajuela),CR,9.99386,-84.20880,921,America/Costa_Rica
SJP,SBSR,Prof. Eribelto Manoel Reino State Airport,São José do Rio Preto,BR,-20.81711,-49.40696,544,America/Sao_Paulo
SJT,KSJT,San Angelo Regional Mathis Field,San Angelo,US,31.35770,-100.49600,585,America/Chicago
SJU,TJSJ,Luis Munoz Marin International Airport,San Juan,PR,18.43940,-66.00180,3,America/Puerto_Rico
SJW,ZBSJ,Shijiazhuang Zhengding International Airport,Shijiazhuang,CN,38.28070,114.69700,71,Asia/Shanghai
SJZ,LPSJ,São Jorge Airport,Velas,PT,38.66550,-28.17580,95,Atlantic/Azores
SKB,TKPK,Robert L. Bradshaw International Airport,Basseterre,KN,17.31085,-62.71912,52,America/St_Kitts
SKD,UZSS,Samarkand International Airport,Samarkand,UZ,39.70184,66.98147,678,Asia/Samarkand
SKG,LGTS,Thessaloniki Macedonia International Airport,Thessaloniki,GR,40.51928,22.97001,7,Europe/Athens
SKN,ENSK,"Stokmarknes Airport, Skagen",Hadsel,NO,68.57883,15.03342,3,Europe/Oslo
SKO,DNSO,Sadiq Abubakar III International Airport,Sokoto,NG,12.91573,5.20755,308,Africa/Lagos
SKP,LWSK,Skopje International Airport,Ilinden,MK,41.95809,21.62258,238,Europe/Skopje
SKT,OPST,Sialkot International Airport,Sialkot,PK,32.53594,74.36462,255,Asia/Karachi
SKX,UWPS,Saransk International Airport,Saransk,RU,54.12513,45.21226,206,Europe/Moscow
SKZ,OPSK,Begum Nusrat Bhutto International Airport Sukkur,Sukkur,PK,27.72200,68.79170,60,Asia/Karachi
SLA,SASA,Martín Miguel de Güemes International Airport,Salta,AR,-24.85600,-65.48620,1246,America/Argentina/Salta
SLC,KSLC,Salt Lake City International Airport,Salt Lake City,US,40.78886,-111.97987,1288,America/Denver
SLD,LZSL,Sliač Airport,Sliač,SK,48.63780,19.13410,318,Europe/Bratislava
SLE,KSLE,Salem-Willamette Valley Airport/McNary Field,Salem,US,44.90950,-123.00300,65,America/Los_Angeles
SLK,KSLK,Adirondack Regional Airport,Saranac Lake,US,44.38691,-74.20463,507,America/New_York
SLL,OOSA,Salalah International Airport,Salalah,OM,17.03870,54.09130,22,Asia/Muscat
SLM,LESA,Salamanca Airport,Salamanca,ES,40.95210,-5.50199,791,Europe/Madrid
SLN,KSLN,Salina Municipal Airport,Salina,US,38.79100,-97.65220,393,America/Chicago
SLP,MMSP,Ponciano Arriaga International Airport,San Luis Potosí,MX,22.26203,-100.93569,1839,America/Mexico_City
SLU,TLPC,George F. L. Charles Airport,Castries,LC,14.02020,-60.99290,7,America/St_Lucia
SLW,MMIO,Plan de Guadalupe International Airport,Saltillo,MX,25.53786,-100.92835,1456,America/Monterrey
SLY,USDD,Salekhard Airport,Salekhard,RU,66.59080,66.61100,66,Asia/Yekaterinburg
SLZ,SBSL,Marechal Cunha Machado International Airport,São Luís,BR,-2.58639,-44.23501,54,America/Fortaleza
SMA,LPAZ,Santa Maria Airport,Vila do Porto,PT,36.97140,-25.17060,94,Atlantic/Azores
SMF,KSMF,Sacramento International Airport,Sacramento,US,38.69540,-121.59100,8,America/Los_Angeles
SMI,LGSM,Samos Airport,Samos Island,GR,37.69000,26.91170,6,Europe/Athens
SML,MYLS,Stella Maris Airport,Stella Maris,BS,23.58232,-75.26862,3,America/Nassau
SMN,KSMN,Lemhi County Airport,Salmon,US,45.12223,-113.88196,1232,America/Boise
SMR,SKSM,Simón Bolívar International Airport,Santa Marta,CO,11.11960,-74.23060,7,America/Bogota
SMS,FMMS,Sainte Marie Airport,Vohilava,MG,-17.09390,49.81580,2,Indian/Antananarivo
SMW,GMMA,Smara Airport,Smara,EH,26.73199,-11.68365,107,Africa/El_Aaiun
SMX,KSMX,Santa Maria Public Airport Captain G Allan Hancock Field,Santa Maria,US,34.89890,-120.45700,80,America/Los_Angeles
SNA,KSNA,John Wayne Orange County International Airport,Santa Ana,US,33.67506,-117.86928,17,America/Los_Angeles
SNB,YSNK,Snake Bay Airport,Milikapiti,AU,-11.41767,130.64848,53,Australia/Darwin
SNC,SESA,General Ulpiano Paez International Airport,Salinas/La Libertad,EC,-2.21006,-80.98507,5,America/Guayaquil
SNE,GVSN,Preguiça Airport,Preguiça,CV,16.58885,-24.28413,204,Atlantic/Cape_Verde
SNN,EINN,Shannon Airport,Shannon,IE,52.70200,-8.92482,14,Europe/Dublin
SNO,VTUI,Sakon Nakhon Airport,,TH,17.19510,104.11900,161,Asia/Bangkok
SNP,PASN,St Paul Island Airport,St Paul Island,US,57.16631,-170.22255,19,America/Nome
SNU,MUSC,Abel Santamaria International Airport,Santa Clara,CU,22.49222,-79.94312,103,America/Havana
SNV,SVSE,Santa Elena de Uairén Airport,Santa Elena de Uairén,VE,4.55470,-61.14523,896,America/Caracas
SNW,VYTD,Thandwe Airport,Thandwe,MM,18.46070,94.30010,6,Asia/Yangon
SOB,LHSM,Hévíz–Balaton Airport,Sármellék,HU,46.68639,17.15908,124,Europe/Budapest
SOC,WAHQ,Adisoemarmo International Airport,Surakarta,ID,-7.51604,110.75749,128,Asia/Jakarta
SOF,LBSF,Sofia Airport,Sofia,BG,42.69636,23.41767,531,Europe/Sofia
SOJ,ENSR,Sørkjosen Airport,Sørkjosen,NO,69.78680,20.95940,5,Europe/Oslo
SOM,SVST,San Tomé Airport,El Tigre,VE,8.94515,-64.15108,262,America/Caracas
SON,NVSS,Santo Pekoa International Airport,Luganville,VU,-15.50500,167.22000,56,Pacific/Efate
SOQ,WASS,Domine Eduard Osok Airport,Sorong,ID,-0.89400,131.28700,3,Asia/Jayapura
SOU,EGHI,Southampton Airport,Southampton,GB,50.95030,-1.35680,13,Europe/London
SOW,KSOW,Show Low Regional Airport,Show Low,US,34.26406,-110.00709,1955,America/Phoenix
SPC,GCLA,La Palma Airport,"Sta Cruz de la Palma, La Palma Island",ES,28.62650,-17.75560,33,Atlantic/Canary
SPD,VGSD,Saidpur Airport,Saidpur,BD,25.75920,88.90890,38,Asia/Dhaka
SPI,KSPI,Abraham Lincoln Capital Airport,Springfield,US,39.84410,-89.67790,182,America/Chicago
SPN,PGSN,Saipan International Airport,"I Fadang, Saipan",MP,15.11938,145.72885,66,Pacific/Saipan
SPP,FNME,Menongue Airport,Menongue,AO,-14.65760,17.71980,1362,Africa/Luanda
SPR,MZSP,John Greif II Airport,San Pedro,BZ,17.91390,-87.97110,1,America/Belize
SPS,KSPS,Wichita Falls Municipal Airport / Sheppard Air Force Base,Wichita Falls,US,33.98880,-98.49190,311,America/Chicago
SPU,LDSP,Split Saint Jerome Airport,Split,HR,43.53890,16.29800,24,Europe/Zagreb
SPX,HESX,Sphinx International Airport,Al Jiza,EG,30.10818,30.89573,155,Africa/Cairo
SPY,DISP,San Pedro Airport,,CI,4.74672,-6.66082,8,Africa/Abidjan
SQD,ZSSR,Shangrao Sanqingshan Airport,Shangrao (Hengfeng),CN,28.37970,117.96430,104,Asia/Shanghai
SQG,WIOS,Tebelian Airport,Sintang,ID,-0.04521,111.45805,30,Asia/Pontianak
SQJ,ZSSM,Sanming Shaxian Airport,Sanming (Sha),CN,26.42630,117.83360,253,Asia/Shanghai
SQL,KSQL,San Carlos Airport,San Carlos,US,37.51313,-122.25084,2,America/Los_Angeles
SRE,SLAL,Alcantarí International Airport,Sucre,BO,-19.24684,-65.14961,3104,America/La_Paz
SRG,WAHS,Jenderal Ahmad Yani Airport,Semarang,ID,-6.97073,110.37324,3,Asia/Jakarta
SRP,ENSO,"Stord Airport, Sørstokken",Leirvik,NO,59.79190,5.34085,49,Europe/Oslo
SRQ,KSRQ,Sarasota Bradenton International Airport,Sarasota/Bradenton,US,27.39463,-82.55436,9,America/New_York
SRT,HUSO,Soroti Airport,Soroti,UG,1.72769,33.62280,1127,Africa/Kampala
SRY,OINZ,Sari Dasht-e Naz International Airport,Sari,IR,36.64441,53.18876,11,Asia/Tehran
SRZ,SLET,El Trompillo Airport,Santa Cruz,BO,-17.81160,-63.17150,418,America/La_Paz
SSA,SBSV,Deputado Luiz Eduardo Magalhães International Airport,Salvador,BR,-12.90861,-38.32250,20,America/Bahia
SSG,FGSL,Malabo International Airport,Malabo,GQ,3.75527,8.70872,23,Africa/Malabo
SSH,HESH,Sharm El Sheikh International Airport,Sharm El Sheikh,EG,27.97727,34.39472,58,Africa/Cairo
SSJ,ENST,"Sandnessjøen Airport, Stokka",Alstahaug,NO,65.95680,12.46890,17,Europe/Oslo
SST,SAZL,Santa Teresita Airport,Santa Teresita,AR,-36.54230,-56.72180,3,America/Argentina/Buenos_Aires
SSY,FNBC,Mbanza Congo Airport,Mbanza Congo,AO,-6.26990,14.24700,567,Africa/Luanda
STC,KSTC,Saint Cloud Regional Airport,Saint Cloud,US,45.54660,-94.05990,314,America/Chicago
STD,SVSO,Mayor Buenaventura Vivas International Airport,Santo Domingo,VE,7.56538,-72.03510,330,America/Caracas
STG,PAPB,St George Airport,St George,US,56.57735,-169.66382,38,America/Nome
STI,MDST,Cibao International Airport,Santiago,DO,19.40406,-70.60443,172,America/Santo_Domingo
STL,KSTL,St. Louis Lambert International Airport,St Louis,US,38.74870,-90.37000,188,America/Chicago
STM,SBSN,Santarém - Maestro Wilson Fonseca International Airport,Santarém,BR,-2.42242,-54.79306,60,America/Santarem
STN,EGSS,London Stansted Airport,"London, Essex",GB,51.88500,0.23500,106,Europe/London
STR,EDDS,Stuttgart Airport,Stuttgart,DE,48.68990,9.22196,389,Europe/Berlin
STS,KSTS,Charles M. Schulz Sonoma County Airport,Santa Rosa,US,38.50900,-122.81300,39,America/Los_Angeles
STT,TIST,Cyril E. King Airport,Charlotte Amalie,VI,18.33709,-64.97725,7,America/St_Thomas
STV,VASU,Surat International Airport,Surat,IN,21.11553,72.74325,5,Asia/Kolkata
STW,URMT,Stavropol Shpakovskoye Airport,Stavropol,RU,45.10920,42.11280,453,Europe/Moscow
STX,TISX,Henry E. Rohlsen Airport,Christiansted,VI,17.70141,-64.80261,23,America/St_Thomas
SUB,WARR,Juanda International Airport,Surabaya,ID,-7.37983,112.78700,3,Asia/Jakarta
SUF,LICA,Lamezia Terme Sant'Eufemia International Airport,Lamezia Terme (CZ),IT,38.90621,16.24601,12,Europe/Rome
SUG,RPMS,Surigao Airport,Surigao City,PH,9.75584,125.48095,6,Asia/Manila
SUI,UGSS,Vladislav Ardzinba Sukhum International Airport,Sukhumi,GE,42.85820,41.12810,16,Asia/Tbilisi
SUJ,LRSM,Satu Mare International Airport,Satu Mare,RO,47.70330,22.88570,123,Europe/Bucharest
SUN,KSUN,Friedman Memorial Airport,Hailey,US,43.50440,-114.29600,1621,America/Boise
SUV,NFNA,Nausori International Airport,Nausori,FJ,-18.04423,178.56149,5,Pacific/Fiji
SUX,KSUX,Sioux Gateway Airport / Brigadier General Bud Day Field,Sioux City,US,42.39760,-96.38224,335,America/Chicago
SVA,PASA,Savoonga Airport,Savoonga,US,63.68640,-170.49300,16,America/Nome
SVB,FMNS,Sambava Airport,Sambava,MG,-14.27860,50.17470,6,Indian/Antananarivo
SVC,KSVC,Grant County Airport,Silver City,US,32.63670,-108.15474,1660,America/Denver
SVD,TVSA,Argyle International Airport,Kingstown,VC,13.15972,-61.14880,41,America/St_Vincent
SVG,ENZV,"Stavanger Airport, Sola",Stavanger,NO,58.87670,5.63778,9,Europe/Oslo
SVI,SKSV,Eduardo Falla Solano Airport,San Vicente Del Caguán,CO,2.15217,-74.76630,280,America/Bogota
SVJ,ENSH,"Svolvær Airport, Helle",Svolvær,NO,68.24330,14.66920,8,Europe/Oslo
SVL,EFSA,Savonlinna Airport,Savonlinna,FI,61.94310,28.94510,95,Europe/Helsinki
SVO,UUEE,Sheremetyevo International Airport,Moscow,RU,55.97686,37.41121,190,Europe/Moscow
SVQ,LEZL,Seville Airport,Seville,ES,37.41800,-5.89311,34,Europe/Madrid
SVX,USSS,Koltsovo Airport,Yekaterinburg,RU,56.74310,60.80270,233,Asia/Yekaterinburg
SVZ,SVSA,Juan Vicente Gómez International Airport,San Antonio del Tachira,VE,7.84081,-72.43988,400,America/Caracas
SWA,ZGOW,Jieyang Chaoshan International Airport,Jieyang (Rongcheng),CN,23.55200,116.50330,0,Asia/Shanghai
SWF,KSWF,New York Stewart International Airport,Newburgh,US,41.50421,-74.10890,150,America/New_York
SWO,KSWO,Stillwater Regional Airport,Stillwater,US,36.16213,-97.08558,305,America/Chicago
SXB,LFST,Strasbourg Airport,Strasbourg,FR,48.53830,7.62823,154,Europe/Paris
SXM,TNCM,Princess Juliana International Airport,Sint Maarten,SX,18.04100,-63.10890,4,America/Lower_Princes
SXR,VISR,Srinagar International Airport,Srinagar,IN,33.98710,74.77420,1655,Asia/Kolkata
SYD,YSSY,Sydney Kingsford Smith International Airport,Sydney (Mascot),AU,-33.94610,151.17700,6,Australia/Sydney
SYO,RJSY,Shonai Airport,Shonai,JP,38.81220,139.78700,26,Asia/Tokyo
SYQ,MRPV,Tobías Bolaños International Airport,San Jose,CR,9.95705,-84.13980,1002,America/Costa_Rica
SYR,KSYR,Syracuse Hancock International Airport,Syracuse,US,43.11120,-76.10630,128,America/New_York
SYS,UERS,Saskylakh Airport,Saskylakh,RU,71.92790,114.08000,0,Asia/Yakutsk
SYX,ZJSY,Sanya Phoenix International Airport,Sanya (Tianya),CN,18.30290,109.41200,28,Asia/Shanghai
SYY,EGPO,Stornoway Airport,"Stornoway, Western Isles",GB,58.21560,-6.33111,8,Europe/London
SYZ,OISS,Shiraz Shahid Dastghaib International Airport,Shiraz,IR,29.53920,52.58980,1502,Asia/Tehran
SZA,FNSO,Soyo Airport,Soyo,AO,-6.14109,12.37180,5,Africa/Luanda
SZB,WMSA,Sultan Abdul Aziz Shah International Airport,Subang,MY,3.13058,101.54900,27,Asia/Kuala_Lumpur
SZF,LTFH,Samsun-Çarşamba Airport,Samsun,TR,41.25399,36.56755,5,Europe/Istanbul
SZG,LOWS,Salzburg Airport,Salzburg,AT,47.79330,13.00430,430,Europe/Vienna
SZH,ZBSG,Shuozhou Zirun Airport,Shuozhou,CN,39.27324,112.69155,0,Asia/Shanghai
SZK,FASZ,Skukuza Airport,Skukuza,ZA,-24.96085,31.58859,311,Africa/Johannesburg
SZX,ZGSZ,Shenzhen Bao'an International Airport,Shenzhen,CN,22.63947,113.80326,4,Asia/Shanghai
SZY,EPSY,Olsztyn-Mazury Airport,Szymany,PL,53.48190,20.93770,141,Europe/Warsaw
SZZ,EPSC,Solidarity Szczecin–Goleniów Airport,Szczecin(Glewice),PL,53.58470,14.90220,47,Europe/Warsaw
TAB,TTCP,A.N.R. Robinson International Airport,Scarborough,TT,11.14957,-60.83130,12,America/Port_of_Spain
TAC,RPVA,Daniel Z. Romualdez Airport,Tacloban City,PH,11.22776,125.02778,3,Asia/Manila
TAE,RKTN,Daegu International Airport,Daegu,KR,35.89439,128.65699,35,Asia/Seoul
TAG,RPSP,Bohol-Panglao International Airport,Panglao,PH,9.57305,123.77014,13,Asia/Manila
TAH,NVVW,Whitegrass Airport,Tanna Island,VU,-19.45510,169.22400,6,Pacific/Efate
TAI,OYTZ,Taiz International Airport,Taiz,YE,13.68600,44.13910,1475,Asia/Aden
TAK,RJOT,Takamatsu Airport,Takamatsu,JP,34.21496,134.01545,185,Asia/Tokyo
TAM,MMTM,General Francisco Javier Mina International Airport,Ciudad Madero,MX,22.29262,-97.86706,24,America/Monterrey
TAO,ZSQD,Qingdao Jiaodong International Airport,Qingdao (Jiaozhou),CN,36.36195,120.08817,9,Asia/Shanghai
TAP,MMTP,Tapachula International Airport,Tapachula,MX,14.79455,-92.36987,30,America/Mexico_City
TAS,UZTT,Tashkent International Airport,Tashkent,UZ,41.25790,69.28120,432,Asia/Tashkent
TAT,LZTT,Poprad-Tatry Airport,Poprad,SK,49.07099,20.24139,718,Europe/Bratislava
TAY,EETU,Tartu Airport,Tartu,EE,58.30744,26.68647,67,Europe/Tallinn
TAZ,UTAT,Dashoguz International Airport,Daşoguz,TM,41.75985,59.83615,83,Asia/Ashgabat
TBB,VVTH,Dong Tac Airport,Tuy Hoa,VN,13.04960,109.33400,6,Asia/Ho_Chi_Minh
TBH,RPVU,Tugdan Airport,Tablas Island,PH,12.31100,122.08500,3,Asia/Manila
TBI,MYCB,New Bight Airport,Cat Island,BS,24.31530,-75.45230,2,America/Nassau
TBJ,DTKA,Tabarka-Aïn Draham International Airport,Tabarka,TN,36.98000,8.87694,70,Africa/Tunis
TBN,KTBN,Waynesville-St. Robert Regional Airport-Forney Field,Fort Leonard Wood,US,37.74160,-92.14070,353,America/Chicago
TBP,SPME,Captain Pedro Canga Rodríguez International Airport,Tumbes,PE,-3.55207,-80.38109,35,America/Lima
TBS,UGTB,Tbilisi International Airport,Tbilisi,GE,41.66920,44.95470,495,Asia/Tbilisi
TBT,SBTT,Tabatinga International Airport,Tabatinga,BR,-4.25567,-69.93580,80,America/Manaus
TBU,NFTF,Fua'amotu International Airport,Nuku'alofa,TO,-21.24144,-175.14916,38,Pacific/Tongatapu
TBZ,OITT,Tabriz International Airport,Tabriz,IR,38.13390,46.23500,1359,Asia/Tehran
TCA,YTNK,Tennant Creek Airport,Tennant Creek,AU,-19.63440,134.18300,377,Australia/Darwin
TCB,MYAT,Treasure Cay Airport,Treasure Cay,BS,26.74530,-77.39130,2,America/Nassau
TCO,SKCO,La Florida Airport,Tumaco,CO,1.81442,-78.74920,2,America/Bogota
TCP,HETB,Taba International Airport,Taba,EG,29.59450,34.77575,739,Africa/Cairo
TCQ,SPTN,Coronel FAP Carlos Ciriani Santa Rosa International Airport,Tacna,PE,-18.05330,-70.27580,469,America/Lima
TCZ,ZPTC,Tengchong Tuofeng Airport,Baoshan (Tengchong),CN,24.93806,98.48583,1905,Asia/Shanghai
TDD,SLTR,Teniente Av. Jorge Henrich Arauz Airport,Trinidad,BO,-14.81870,-64.91800,155,America/La_Paz
TDK,UAAT,Taldykorgan Airport,Taldykorgan,KZ,45.12255,78.44276,587,Asia/Almaty
TDX,VTBO,Trat Airport,Laem Ngop,TH,12.27460,102.31900,32,Asia/Bangkok
TEB,KTEB,Teterboro Airport,Teterboro,US,40.85010,-74.06080,3,America/New_York
TEE,DABS,Cheikh Larbi Tébessi Airport,Tébessi,DZ,35.43160,8.12072,811,Africa/Algiers
TEN,ZUTR,Tongren Fenghuang Airport,Tongren (Daxing),CN,27.88333,109.30889,0,Asia/Shanghai
TEQ,LTBU,Tekirdağ Çorlu Airport,Çorlu,TR,41.13820,27.91910,175,Europe/Istanbul
TER,LPLA,Lajes Airport,Praia da Vitória,PT,38.76180,-27.09080,55,Atlantic/Azores
TET,FQTT,Tete Airport,Tete,MZ,-16.10480,33.64020,160,Africa/Maputo
TEX,KTEX,Telluride Regional Airport,Telluride,US,37.95380,-107.90800,2765,America/Denver
TEZ,VETZ,Tezpur Airport,,IN,26.70910,92.78470,73,Asia/Kolkata
TFF,SBTF,Tefé Airport,Tefé,BR,-3.38294,-64.72410,57,America/Manaus
TFN,GCXO,Tenerife Norte-Ciudad de La Laguna Airport,Tenerife,ES,28.48275,-16.34171,633,Atlantic/Canary
TFS,GCTS,Tenerife Sur Airport,Tenerife,ES,28.04450,-16.57250,64,Atlantic/Canary
TFU,ZUTF,Chengdu Tianfu International Airport,Chengdu (Jianyang),CN,30.31252,104.44128,439,Asia/Shanghai
TGD,LYPG,Podgorica Airport / Podgorica Golubovci Airbase,Podgorica,ME,42.35940,19.25190,43,Europe/Podgorica
TGG,WMKN,Sultan Mahmud Airport,Kuala Terengganu,MY,5.38264,103.10300,6,Asia/Kuala_Lumpur
TGJ,NWWA,Tiga Airport,Tiga,NC,-21.09641,167.80379,39,Pacific/Noumea
TGM,LRTM,Târgu Mureş Transilvania International Airport,Recea,RO,46.46770,24.41250,294,Europe/Bucharest
TGO,ZBTL,Tongliao Airport,Tongliao,CN,43.55670,122.20000,730,Asia/Shanghai
TGR,DAUK,Touggourt Sidi Madhi Airport,Touggourt,DZ,33.06780,6.08867,85,Africa/Algiers
TGT,HTTG,Tanga Airport,Tanga,TZ,-5.09236,39.07120,39,Africa/Dar_es_Salaam
TGU,MHTG,Toncontín Airport,Tegucigalpa,HN,14.06090,-87.21720,1004,America/Tegucigalpa
TGZ,MMTG,Angel Albino Corzo International Airport,Tuxtla Gutiérrez,MX,16.56161,-93.02573,457,America/Mexico_City
THE,SBTE,Senador Petrônio Portela Airport,Teresina,BR,-5.06025,-42.82371,67,America/Fortaleza
THG,YTNG,Thangool Airport,Biloela,AU,-24.49486,150.57797,196,Australia/Brisbane
THL,VYTL,Tachileik Airport,Tachileik,MM,20.48380,99.93540,390,Asia/Yangon
THN,ESGT,Trollhättan-Vänersborg Airport,Trollhättan,SE,58.31810,12.34500,42,Europe/Stockholm
THQ,ZLTS,Tianshui Maijishan Airport,Tianshui (Maiji),CN,34.56010,105.86034,1094,Asia/Shanghai
THR,OIII,Mehrabad International Airport,Tehran,IR,35.68917,51.31439,1208,Asia/Tehran
THS,VTPO,Sukhothai Airport,,TH,17.23800,99.81820,55,Asia/Bangkok
TIA,LATI,Tirana International Airport Mother Teresa,Rinas,AL,41.41470,19.72060,38,Europe/Tirane
TIF,OETF,Taif International Airport,Taif,SA,21.48474,40.54407,1478,Asia/Riyadh
TIH,NTGC,Tikehau Airport,Tuherahera,PF,-15.11960,-148.23100,2,Pacific/Tahiti
TIJ,MMTJ,General Abelardo L. Rodriguez International Airport,Tijuana,MX,32.54104,-116.96998,149,America/Tijuana
TIM,WAYY,Mozes Kilangin Airport,Timika,ID,-4.52978,136.88739,31,Asia/Jayapura
TIN,DAOF,Tindouf Airport,Tindouf,DZ,27.70040,-8.16710,443,Africa/Algiers
TIQ,PGWT,Francisco Manglona Borja / Tinian International Airport,Tinian Island,MP,14.99921,145.61936,83,Pacific/Saipan
TIR,VOTP,Tirupati International Airport,Tirupati,IN,13.63199,79.53987,107,Asia/Kolkata
TIU,NZTU,Timaru Airport,,NZ,-44.30280,171.22501,27,Pacific/Auckland
TIV,LYTV,Tivat Airport,Tivat,ME,42.40470,18.72330,6,Europe/Podgorica
TIW,KTIW,Tacoma Narrows Airport,Tacoma,US,47.26741,-122.57730,90,America/Los_Angeles
TJA,SLTJ,Capitan Oriel Lea Plaza Airport,Tarija,BO,-21.55570,-64.70130,1853,America/La_Paz
TJG,WAON,Warukin Airport,Tanta-Tabalong,ID,-2.21656,115.43600,60,Asia/Makassar
TJH,RJBT,Konotori Tajima Airport,Toyooka,JP,35.51280,134.78700,178,Asia/Tokyo
TJK,LTAW,Tokat Airport,Tokat,TR,40.32472,36.39056,567,Europe/Istanbul
TJM,USTR,Roshchino International Airport,Tyumen,RU,57.17898,65.32770,115,Asia/Yekaterinburg
TJU,UTDK,Kulob International Airport,Kulob,TJ,37.98810,69.80500,699,Asia/Dushanbe
TKD,DGTK,Takoradi Airport,Sekondi-Takoradi,GH,4.89606,-1.77476,6,Africa/Accra
TKF,KTRK,Truckee Tahoe Airport,Truckee,US,39.31863,-120.14056,1798,America/Los_Angeles
TKG,WILL,Radin Inten II International Airport,Bandar Lampung,ID,-5.24680,105.18253,86,Asia/Jakarta
TKK,PTKK,Chuuk International Airport,Weno Island,FM,7.46187,151.84300,3,Pacific/Chuuk
TKN,RJKN,Tokunoshima Airport,Amagi,JP,27.83638,128.88136,5,Asia/Tokyo
TKP,NTGT,Takapoto Airport,,PF,-14.70950,-145.24600,4,Pacific/Tahiti
TKS,RJOS,Tokushima Awaodori Airport / JMSDF Tokushima Air Base,Tokushima,JP,34.13256,134.60782,8,Asia/Tokyo
TKU,EFTU,Turku Airport,Turku,FI,60.51410,22.26280,49,Europe/Helsinki
TKX,NTKR,Takaroa Airport,,PF,-14.45580,-145.02499,4,Pacific/Tahiti
TLC,MMTO,Adolfo López Mateos International Airport,Toluca,MX,19.33690,-99.56583,2580,America/Mexico_City
TLE,FMST,Toliara Airport,Toliara,MG,-23.38340,43.72850,9,Indian/Antananarivo
TLH,KTLH,Tallahassee International Airport,Tallahassee,US,30.40121,-84.35433,25,America/New_York
TLL,EETN,Lennart Meri Tallinn Airport,Tallinn,EE,59.41325,24.83264,40,Europe/Tallinn
TLM,DAON,Zenata – Messali El Hadj Airport,Zenata,DZ,35.01273,-1.45712,248,Africa/Algiers
TLN,LFTH,Toulon-Hyères Airport,"Hyères, Var",FR,43.09730,6.14603,2,Europe/Paris
TLQ,ZWTL,Turpan Jiaohe Airport,Turpan,CN,43.03080,89.09870,285,Asia/Urumqi
TLS,LFBO,Toulouse-Blagnac Airport,Toulouse/Blagnac,FR,43.62910,1.36382,152,Europe/Paris
TLV,LLBG,Ben Gurion International Airport,Tel Aviv,IL,32.01140,34.88670,41,Asia/Jerusalem
TME,SKTM,Gustavo Vargas Airport,Tame,CO,6.45108,-71.76030,320,America/Bogota
TMH,WAKT,Tanah Merah Airport,Tanah Merah,ID,-6.09669,140.30352,17,Asia/Jayapura
TMJ,UZST,Termez Airport,Termez,UZ,37.28726,67.31187,313,Asia/Samarkand
TML,DGLE,Yakubu Tali International Airport,Tamale,GH,9.55391,-0.86606,169,Africa/Accra
TMM,FMMT,Toamasina Ambalamanasy Airport,Toamasina,MG,-18.11354,49.39226,7,Indian/Antananarivo
TMP,EFTP,Tampere-Pirkkala Airport,Tampere / Pirkkala,FI,61.41410,23.60440,119,Europe/Helsinki
TMR,DAAT,Aguenar – Hadj Bey Akhamok Airport,Tamanrasset,DZ,22.81099,5.45083,1377,Africa/Algiers
TMS,FPST,São Tomé International Airport,São Tomé,ST,0.37817,6.71215,10,Africa/Sao_Tome
TMT,SBTB,Trombetas Airport,Oriximiná,BR,-1.48960,-56.39680,51,America/Santarem
TMW,YSTW,Tamworth Airport,Tamworth,AU,-31.07790,150.84548,407,Australia/Sydney
TMX,DAUT,Timimoun Airport,Timimoun,DZ,29.23710,0.27603,313,Africa/Algiers
TNA,ZSJN,Jinan Yaoqiang International Airport,Jinan (Licheng),CN,36.85720,117.21600,23,Asia/Shanghai
TND,MUTD,Alberto Delgado Airport,Trinidad,CU,21.78830,-79.99720,38,America/Havana
TNE,RJFG,New Tanegashima Airport,Tanegashima,JP,30.60510,130.99100,234,Asia/Tokyo
TNG,GMTT,Tangier Ibn Battuta Airport,Tangier,MA,35.73174,-5.92146,19,Africa/Casablanca
TNH,ZYTN,Tonghua Sanyuanpu Airport,Tonghua,CN,42.04843,125.73396,411,Asia/Shanghai
TNJ,WIDN,Raja Haji Fisabilillah International Airport,Tanjung Pinang-Bintan Island,ID,0.92397,104.53341,16,Asia/Jakarta
TNN,RCNN,Tainan International Airport / Tainan Air Base,Tainan (Rende),TW,22.95040,120.20600,19,Asia/Taipei
TNR,FMMI,Ivato International Airport,Antananarivo,MG,-18.79690,47.47880,1280,Indian/Antananarivo
TOD,WMBT,Tioman Airport,Tioman Island,MY,2.81818,104.16000,5,Asia/Kuala_Lumpur
TOE,DTTZ,Tozeur Nefta International Airport,Tozeur,TN,33.93970,8.11056,87,Africa/Tunis
TOF,UNTT,Tomsk Kamov Airport,Tomsk,RU,56.38030,85.20830,182,Asia/Tomsk
TOL,KTOL,Eugene F. Kranz Toledo Express Airport,Toledo,US,41.58680,-83.80780,208,America/New_York
TOM,GATB,Tombouktou Airport,Timbuktu,ML,16.73050,-3.00758,263,Africa/Bamako
TOS,ENTC,Tromsø Airport,Tromsø,NO,69.68330,18.91890,9,Europe/Oslo
TOU,NWWU,Touho Airport,Touho,NC,-20.79013,165.25952,3,Pacific/Noumea
TOY,RJNT,Toyama Kitokito Airport,Toyama,JP,36.64842,137.18736,29,Asia/Tokyo
TPA,KTPA,Tampa International Airport,Tampa,US,27.97550,-82.53320,8,America/New_York
TPE,RCTP,Taiwan Taoyuan International Airport,Taoyuan,TW,25.07770,121.23300,32,Asia/Taipei
TPJ,VNTJ,Taplejung Airport,Taplejung,NP,27.35090,87.69525,2435,Asia/Kathmandu
TPP,SPST,Cadete FAP Guillermo Del Castillo Paredes Airport,Tarapoto,PE,-6.50874,-76.37320,265,America/Lima
TPQ,MMEP,Amado Nervo National Airport,Tepic,MX,21.41983,-104.84247,920,America/Mazatlan
TPS,LICT,Vincenzo Florio Airport Trapani-Birgi,Trapani (TP),IT,37.91140,12.48800,8,Europe/Rome
TQO,MMTL,Felipe Carrillo Puerto International Airport Tulum,Tulum,MX,20.17210,-87.66027,20,America/Cancun
TRA,RORT,Tarama Airport,Tarama,JP,24.65379,124.67545,11,Asia/Tokyo
TRC,MMTC,Francisco Sarabia Tinoco International Airport,Torreón,MX,25.56227,-103.40461,1124,America/Monterrey
TRD,ENVA,"Trondheim Airport, Værnes",Trondheim,NO,63.45780,10.92400,17,Europe/Oslo
TRE,EGPU,Tiree Airport,"Balemartine, Argyll and Bute",GB,56.49920,-6.86917,12,Europe/London
TRF,ENTO,"Sandefjord Airport, Torp",Sandefjord(Torp),NO,59.18670,10.25860,87,Europe/Oslo
TRG,NZTG,Tauranga Airport,Tauranga,NZ,-37.67190,176.19600,4,Pacific/Auckland
TRI,KTRI,Tri-Cities Regional TN/VA Airport,Blountville,US,36.47520,-82.40740,463,America/New_York
TRK,WAQQ,Juwata International Airport / Suharnoko Harbani AFB,Tarakan,ID,3.32515,117.56417,7,Asia/Makassar
TRN,LIMF,Turin Airport,Caselle Torinese (TO),IT,45.20080,7.64963,301,Europe/Rome
TRR,VCCT,China Bay Airport,Trincomalee,LK,8.53916,81.18128,2,Asia/Colombo
TRS,LIPQ,Trieste Airport,Ronchi dei Legionari/Trieste,IT,45.82786,13.46667,12,Europe/Rome
TRT,WAFB,Toraja Airport,Toraja,ID,-3.18436,119.91910,879,Asia/Makassar
TRU,SPRU,Capitán FAP Carlos Martínez de Pinillos International Airport,Trujillo,PE,-8.08238,-79.10882,32,America/Lima
TRV,VOTV,Thiruvananthapuram International Airport,Thiruvananthapuram,IN,8.48189,76.92003,5,Asia/Kolkata
TRW,NGTA,Bonriki International Airport,South Tarawa,KI,1.38164,173.14700,3,Pacific/Tarawa
TRZ,VOTR,Tiruchirappalli International Airport,Tiruchirappalli,IN,10.76291,78.71774,88,Asia/Kolkata
TSA,RCSS,Taipei Songshan International Airport,Taipei (Songshan),TW,25.06724,121.55282,5,Asia/Taipei
TSF,LIPH,Treviso Airport,Treviso (TV),IT,45.64840,12.19440,18,Europe/Rome
TSJ,RJDT,Tsushima Airport,Tsushima,JP,34.28490,129.33099,65,Asia/Tokyo
TSM,KSKX,Taos Regional Airport,Taos,US,36.45249,-105.67749,2163,America/Denver
TSN,ZBTJ,Tianjin Binhai International Airport,Tianjin,CN,39.12440,117.34600,3,Asia/Shanghai
TSR,LRTR,Timișoara Traian Vuia International Airport,Timişoara,RO,45.80990,21.33790,106,Europe/Bucharest
TST,VTST,Trang Airport,Trang,TH,7.50874,99.61660,20,Asia/Bangkok
TSV,YBTL,Townsville Airport / RAAF Base Townsville,Townsville,AU,-19.25290,146.76651,5,Australia/Brisbane
TTA,GMAT,Tan Tan Airport,Tan Tan,MA,28.44756,-11.16175,199,Africa/Casablanca
TTE,WAEE,Sultan Babullah Airport,Ternate,ID,0.83101,127.38161,15,Asia/Jayapura
TTJ,RJOR,Tottori Sand Dunes Conan Airport,Tottori,JP,35.53006,134.16502,20,Asia/Tokyo
TTN,KTTN,Trenton Mercer Airport,Ewing Township,US,40.27670,-74.81350,65,America/New_York
TTT,RCFN,Taitung Airport,Taitung City,TW,22.75486,121.10179,44,Asia/Taipei
TTU,GMTN,Sania Ramel Airport,Tétouan,MA,35.59430,-5.32002,3,Africa/Casablanca
TUA,SETU,Lieutenant Colonel Luis A. Mantilla International Airport,Tulcán,EC,0.80951,-77.70810,2941,America/Guayaquil
TUB,NTAT,Tubuai Airport,,PF,-23.36540,-149.52400,2,Pacific/Tahiti
TUC,SANT,Teniente Benjamín Matienzo International Airport,San Miguel de Tucumán,AR,-26.83740,-65.10420,455,America/Argentina/Tucuman
TUF,LFOT,Tours Val de Loire Airport,"Tours, Indre-et-Loire",FR,47.43220,0.72761,109,Europe/Paris
TUG,RPUT,Tuguegarao Airport,Tuguegarao City,PH,17.64337,121.73315,21,Asia/Manila
TUI,OETR,Turaif Domestic Airport,Turaif,SA,31.69219,38.73154,854,Asia/Riyadh
TUK,OPTU,Turbat International Airport,Turbat,PK,25.98477,63.02886,152,Asia/Karachi
TUL,KTUL,Tulsa International Airport,Tulsa,US,36.19708,-95.88622,206,America/Chicago
TUN,DTTA,Tunis Carthage International Airport,Tunis,TN,36.85100,10.22720,7,Africa/Tunis
TUO,NZAP,Taupo Airport,Taupo,NZ,-38.73970,176.08400,407,Pacific/Auckland
TUP,KTUP,Tupelo Regional Airport,Tupelo,US,34.26810,-88.76990,105,America/Chicago
TUR,SBTU,Tucuruí Airport,Tucuruí,BR,-3.78601,-49.72030,253,America/Belem
TUS,KTUS,Tucson International Airport,Tucson,US,32.11500,-110.93805,806,America/Phoenix
TUU,OETB,Prince Sultan bin Abdulaziz International Airport,Tabuk,SA,28.37110,36.62486,778,Asia/Riyadh
TVC,KTVC,Cherry Capital Airport,Traverse City,US,44.74140,-85.58220,190,America/Detroit
TVF,KTVF,Thief River Falls Regional Airport,Thief River Falls,US,48.06570,-96.18500,341,America/Chicago
TVT,UZTP,Tashkent-Khumo International Airport,Tashkent,UZ,41.31289,69.39553,480,Asia/Tashkent
TVY,VYDW,Dawei Airport,Dawei,MM,14.10390,98.20360,26,Asia/Yangon
TWF,KTWF,Joslin Field Magic Valley Regional Airport,Twin Falls,US,42.48180,-114.48800,1266,America/Boise
TWT,RPMN,Sanga Sanga Airport,Bongao,PH,5.04820,119.74334,5,Asia/Manila
TWU,WBKW,Tawau Airport,Tawau,MY,4.31338,118.12152,17,Asia/Kuching
TXE,WITK,Rembele Airport,Takengon,ID,4.72113,96.85194,1417,Asia/Jakarta
TXK,KTXK,Texarkana Regional Airport (Webb Field),Texarkana,US,33.45370,-93.99100,119,America/Chicago
TXN,ZSTX,Huangshan Tunxi International Airport,Huangshan,CN,29.73330,118.25600,0,Asia/Shanghai
TYF,ESST,Torsby Airport,Torsby,SE,60.15760,12.99130,120,Europe/Stockholm
TYL,SPYL,Captain Victor Montes Arias International Airport,Talara,PE,-4.57664,-81.25410,86,America/Lima
TYN,ZBYN,Taiyuan Wusu International Airport,Taiyuan,CN,37.74690,112.62800,785,Asia/Shanghai
TYR,KTYR,Tyler Pounds Regional Airport,Tyler,US,32.35410,-95.40240,166,America/Chicago
TYS,KTYS,McGhee Tyson Airport,Knoxville/Maryville,US,35.81100,-83.99400,299,America/New_York
TZA,MZBE,Sir Barry Bowen Municipal Airport,Belize City,BZ,17.51724,-88.19577,2,America/Belize
TZL,LQTZ,Tuzla International Airport,Dubrave Gornje,BA,44.45986,18.72363,239,Europe/Sarajevo
TZN,MYAK,Congo Town Airport,Andros,BS,24.15870,-77.58980,5,America/Nassau
TZX,LTCG,Trabzon International Airport,Trabzon,TR,40.99510,39.78970,32,Europe/Istanbul
UAI,WPDB,"Commander in Chief of FALINTIL, Kay Rala Xanana Gusmão, International Airport",Suai,TL,-9.30186,125.28630,29,Asia/Dili
UAQ,SANU,Domingo Faustino Sarmiento Airport,San Juan,AR,-31.57150,-68.41820,597,America/Argentina/San_Juan
UAR,GMFB,Bouarfa Airport,Bouarfa,MA,32.51431,-1.98306,1106,Africa/Casablanca
UBA,SBUR,Mário de Almeida Franco Airport,Uberaba,BR,-19.76504,-47.96480,809,America/Sao_Paulo
UBJ,RJDC,Yamaguchi Ube Airport,Ube,JP,33.93000,131.27901,7,Asia/Tokyo
UBN,ZMCK,Ulaanbaatar Chinggis Khaan International Airport,Ulaanbaatar (Sergelen),MN,47.64692,106.81983,1366,Asia/Ulaanbaatar
UBP,VTUU,Ubon Ratchathani Airport,Ubon Ratchathani,TH,15.25130,104.87000,124,Asia/Bangkok
UCB,ZBUC,Ulanqab Jining Airport,Ulanqab,CN,41.13027,113.10727,0,Asia/Shanghai
UCT,UUYH,Ukhta Airport,Ukhta,RU,63.56690,53.80470,147,Europe/Moscow
UDI,SBUL,Ten. Cel. Aviador César Bombonato Airport,Uberlândia,BR,-18.88358,-48.22594,943,America/Sao_Paulo
UDR,VAUD,Maharana Pratap Airport,Udaipur,IN,24.61770,73.89610,513,Asia/Kolkata
UEL,FQQL,Quelimane Airport,Quelimane,MZ,-17.85550,36.86910,11,Africa/Maputo
UEO,ROKJ,Kumejima Airport,Kumejima,JP,26.36344,126.71384,7,Asia/Tokyo
UET,OPQT,Quetta International Airport,Quetta,PK,30.25140,66.93780,1605,Asia/Karachi
UFA,UWUU,Ufa International Airport,Ufa,RU,54.55750,55.87440,137,Asia/Yekaterinburg
UGA,ZMBN,Bulgan Airport,Bulgan,MN,48.85500,103.47600,1314,Asia/Ulaanbaatar
UGC,UZNU,Urgench International Airport,Urgench,UZ,41.58274,60.64338,98,Asia/Samarkand
UGU,ID-ZGP,Bilorai Airport,Bilogai,ID,-3.73950,137.03118,2240,Asia/Jayapura
UIB,SKUI,El Caraño Airport,Quibdó,CO,5.69076,-76.64120,62,America/Bogota
UIH,VVPC,Phu Cat Airport,Quy Nohn,VN,13.95500,109.04200,24,Asia/Ho_Chi_Minh
UIN,KUIN,Quincy Regional Airport Baldwin Field,Quincy,US,39.94270,-91.19460,234,America/Chicago
UIO,SEQM,Mariscal Sucre International Airport,Quito,EC,-0.12540,-78.35431,2390,America/Guayaquil
UKB,RJBE,Kobe Airport,Kobe,JP,34.63280,135.22400,7,Asia/Tokyo
UKE,VEUK,Utkela Airport,Bhawanipatna,IN,20.09778,83.18333,209,Asia/Kolkata
UKK,UASK,Oskemen International Airport,Ust-Kamenogorsk (Oskemen),KZ,50.03503,82.49606,286,Asia/Almaty
UKX,UITT,Ust-Kut Airport,Ust-Kut,RU,56.85670,105.73000,667,Asia/Irkutsk
ULG,ZMUL,Ölgii Mongolei International Airport,Ölgii,MN,48.99330,89.92250,1747,Asia/Hovd
ULH,OEAO,Al-Ula International Airport,Al-Ula,SA,26.48363,38.11705,625,Asia/Riyadh
ULK,UERL,Lensk Airport,Lensk,RU,60.72359,114.82532,244,Asia/Yakutsk
ULO,ZMUG,Ulaangom Airport,Ulaangom,MN,50.06659,91.93827,1730,Asia/Hovd
ULP,YQLP,Quilpie Airport,,AU,-26.60918,144.25375,200,Australia/Brisbane
ULU,HUGU,Gulu Airport,Gulu,UG,2.80556,32.27180,1070,Africa/Kampala
ULV,UWLL,Ulyanovsk Baratayevka Airport,Ulyanovsk,RU,54.27016,48.22557,137,Europe/Ulyanovsk
ULY,UWLW,Ulyanovsk Vostochny Airport,Cherdakly,RU,54.40100,48.80270,77,Europe/Ulyanovsk
UME,ESNU,Umeå Airport,Umeå,SE,63.79180,20.28280,7,Europe/Stockholm
UNI,TVSU,Union Island International Airport,Union Island,VC,12.60013,-61.41195,5,America/St_Vincent
UNK,PAUN,Unalakleet Airport,Unalakleet,US,63.88840,-160.79900,8,America/Anchorage
UNN,VTSR,Ranong Airport,Ranong,TH,9.77762,98.58550,17,Asia/Bangkok
UPG,WAAA,Sultan Hasanuddin International Airport,Makassar,ID,-5.07554,119.55370,14,Asia/Makassar
UPN,MMPN,Uruapan - Licenciado y General Ignacio Lopez Rayon International Airport,Uruapan,MX,19.39670,-102.03900,1603,America/Mexico_City
URA,UARR,Manshuk Mametova International Airport,Uralsk,KZ,51.15198,51.54365,38,Asia/Oral
URC,ZWWW,Ürümqi Tianshan International Airport,Ürümqi,CN,43.91358,87.47937,648,Asia/Urumqi
URE,EEKE,Kuressaare Airport,Kuressaare,EE,58.22990,22.50950,4,Europe/Tallinn
URG,SBUG,Rubem Berta Airport,Uruguaiana,BR,-29.78220,-57.03820,78,America/Sao_Paulo
URJ,USHU,Uray Airport,Uray,RU,60.10330,64.82670,58,Asia/Yekaterinburg
URT,VTSB,Surat Thani Airport,Surat Thani,TH,9.13260,99.13560,6,Asia/Bangkok
URY,OEGT,Gurayat Domestic Airport,Gurayat,SA,31.41241,37.27890,510,Asia/Riyadh
USA,KJQF,Concord-Padgett Regional Airport,Concord,US,35.38780,-80.70910,215,America/New_York
USH,SAWH,Ushuaia - Malvinas Argentinas International Airport,Ushuaia,AR,-54.84330,-68.29580,31,America/Argentina/Ushuaia
USK,UUYS,Usinsk Airport,Usinsk,RU,66.00470,57.36720,80,Europe/Moscow
USM,VTSM,Samui International Airport,Na Thon (Ko Samui Island),TH,9.54779,100.06200,20,Asia/Bangkok
USN,RKPU,Ulsan Airport,Ulsan,KR,35.59350,129.35201,14,Asia/Seoul
USR,UEMT,Ust-Nera Airport,Ust-Nera,RU,64.55000,143.11500,550,Asia/Ust-Nera
UST,KSGJ,Northeast Florida Regional Airport,St Augustine,US,29.95920,-81.33980,3,America/New_York
USU,RPVV,Francisco B. Reyes (Busuanga) Airport,Coron,PH,12.12186,120.10080,45,Asia/Manila
UTH,VTUD,Udon Thani International Airport,Udon Thani,TH,17.38619,102.78858,176,Asia/Bangkok
UTN,FAUP,Upington Airport,Upington,ZA,-28.40025,21.26359,848,Africa/Johannesburg
UTO,PAIM,Indian Mountain LRRS Airport,Utopia Creek,US,65.99280,-153.70399,388,America/Anchorage
UTP,VTBU,U-Tapao–Rayong–Pattaya International Airport,Rayong,TH,12.67990,101.00500,13,Asia/Bangkok
UTT,FAUT,K. D. Matanzima Airport,Mthatha,ZA,-31.54636,28.67336,732,Africa/Johannesburg
UUA,UWKB,Bugulma Airport,Bugulma,RU,54.64118,52.80023,302,Europe/Moscow
UUD,UIUU,Baikal International Airport,Ulan Ude,RU,51.80861,107.43965,515,Asia/Irkutsk
UUS,UHSS,Yuzhno-Sakhalinsk International Airport,Yuzhno-Sakhalinsk,RU,46.88546,142.71747,18,Asia/Sakhalin
UVE,NWWV,Ouvéa Airport,Ouvéa,NC,-20.64093,166.57302,7,Pacific/Noumea
UVF,TLPL,Hewanorra International Airport,Vieux Fort,LC,13.73320,-60.95260,4,America/St_Lucia
UYL,HSNN,Nyala Airport,Nyala,SD,12.05350,24.95620,642,Africa/Khartoum
UYN,ZLYL,Yulin Yuyang Airport,Yulin,CN,38.35971,109.59093,1186,Asia/Shanghai
UYU,SLUY,Joya Andina International Airport,Quijarro,BO,-20.44130,-66.85755,3394,America/La_Paz
VAA,EFVA,Vaasa Airport,Vaasa,FI,63.05023,21.76254,6,Europe/Helsinki
VAI,AYVN,Vanimo Airport,Vanimo,PG,-2.69260,141.30280,3,Pacific/Port_Moresby
VAM,VRMV,Villa International Airport Maamigili,Maamigili,MV,3.47175,72.83263,2,Indian/Maldives
VAN,LTCI,Van Ferit Melen Airport,Van,TR,38.46820,43.33230,1670,Europe/Istanbul
VAQ,UNIW,Vanavara Airport,Vanavara,RU,60.35623,102.30964,272,Asia/Krasnoyarsk
VAR,LBWN,Varna Airport,Varna,BG,43.23210,27.82510,70,Europe/Sofia
VAS,LTAR,Sivas Nuri Demirağ Airport,Sivas,TR,39.81380,36.90350,1597,Europe/Istanbul
VAV,NFTV,Vava'u International Airport,Vava'u Island,TO,-18.58530,-173.96201,72,Pacific/Tongatapu
VAW,ENSS,"Vardø Airport, Svartnes",Vardø,NO,70.35540,31.04490,13,Europe/Oslo
VBS,LIPO,Brescia Gabriele d'Annunzio Airport,Montichiari (BS),IT,45.42890,10.33060,108,Europe/Rome
VBY,ESSV,Visby Airport,Visby,SE,57.66280,18.34620,50,Europe/Stockholm
VCA,VVCT,Can Tho International Airport,Can Tho,VN,10.08340,105.70937,3,Asia/Ho_Chi_Minh
VCE,LIPZ,Venice Marco Polo Airport,Venezia (VE),IT,45.50530,12.35190,2,Europe/Rome
VCP,SBKP,Viracopos International Airport,Campinas,BR,-23.00740,-47.13450,661,America/Sao_Paulo
VCS,VVCS,Con Dao Airport,Con Dao,VN,8.73183,106.63300,6,Asia/Ho_Chi_Minh
VCT,KVCT,Victoria Regional Airport,Victoria,US,28.85260,-96.91850,35,America/Chicago
VDC,SBVC,Glauber de Andrade Rocha Airport,Vitória da Conquista,BR,-14.90789,-40.91480,896,America/Bahia
VDE,GCHI,El Hierro Airport,El Hierro Island,ES,27.81480,-17.88710,31,Atlantic/Canary
VDH,VVDH,Dong Hoi Airport,Dong Hoi,VN,17.51500,106.59056,18,Asia/Bangkok
VDM,SAVV,Gobernador Castello Airport,Viedma / Carmen de Patagones,AR,-40.86920,-63.00040,6,America/Argentina/Salta
VDO,VVVD,Van Don International Airport,Van Don,VN,21.12069,107.41539,7,Asia/Bangkok
VDS,ENVD,Vadsø Airport,Vadsø,NO,70.06530,29.84470,39,Europe/Oslo
VDZ,PAVD,Valdez Pioneer Field,Valdez,US,61.13271,-146.24657,37,America/Anchorage
VEL,KVEL,Vernal Regional Airport,Vernal,US,40.43621,-109.51166,1609,America/Denver
VEO,UNIS,Severo-Yeniseysk Airport,Severo-Yeniseysk,RU,60.37330,93.01170,520,Asia/Krasnoyarsk
VER,MMVR,General Heriberto Jara International Airport,Veracruz,MX,19.13959,-96.18860,27,America/Mexico_City
VFA,FVFA,Victoria Falls International Airport,Victoria Falls,ZW,-18.09744,25.83687,1064,Africa/Harare
VGA,VOBZ,Vijayawada International Airport,Vijayawada,IN,16.53001,80.80489,25,Asia/Kolkata
VGO,LEVX,Vigo Airport,Vigo,ES,42.23180,-8.62677,261,Europe/Madrid
VHM,ESNV,Vilhelmina South Lapland Airport,Vilhelmina,SE,64.57910,16.83360,347,Europe/Stockholm
VIE,LOWW,Vienna International Airport,Vienna,AT,48.11030,16.56970,183,Europe/Vienna
VIG,SVVG,Juan Pablo Pérez Alfonso Airport,El Vigía,VE,8.62414,-71.67267,76,America/Caracas
VII,VVVH,Vinh Airport,Vinh,VN,18.73760,105.67100,7,Asia/Bangkok
VIJ,TUPW,Virgin Gorda Airport,Spanish Town,VG,18.44663,-64.42793,3,America/Tortola
VIL,GMMH,Dakhla Airport,Dakhla,EH,23.71830,-15.93200,11,Africa/El_Aaiun
VIT,LEVT,Vitoria Airport,Alava,ES,42.88280,-2.72447,513,Europe/Madrid
VIX,SBVT,Eurico de Aguiar Salles International Airport,Vitória,BR,-20.25800,-40.28500,10,America/Sao_Paulo
VKG,VVRG,Rach Gia Airport,Rach Gia,VN,9.95803,105.13238,2,Asia/Ho_Chi_Minh
VKO,UUWW,Vnukovo International Airport,Moscow,RU,55.59150,37.26150,209,Europe/Moscow
VKT,UUYW,Vorkuta Airport,Vorkuta,RU,67.48860,63.99310,184,Europe/Moscow
VLC,LEVC,Valencia Airport,Valencia,ES,39.48916,-0.48096,73,Europe/Madrid
VLD,KVLD,Valdosta Regional Airport,Valdosta,US,30.78250,-83.27670,62,America/New_York
VLI,NVVV,Bauerfield International Airport,Port Vila,VU,-17.69930,168.32001,21,Pacific/Efate
VLL,LEVD,Valladolid Airport,Valladolid,ES,41.70610,-4.85194,846,Europe/Madrid
VLN,SVVA,Arturo Michelena International Airport,Valencia,VE,10.14973,-67.92840,430,America/Caracas
VLV,SVVL,Dr. Antonio Nicolás Briceño Airport,Valera,VE,9.34048,-70.58406,628,America/Caracas
VMU,AYBA,Baimuru Airport,Baimuru,PG,-7.49695,144.82176,8,Pacific/Port_Moresby
VNO,EYVI,Vilnius International Airport,Vilnius,LT,54.63410,25.28580,198,Europe/Vilnius
VNS,VEBN,Lal Bahadur Shastri International Airport,Varanasi,IN,25.45217,82.86255,81,Asia/Kolkata
VNX,FQVL,Vilankulo Airport,Vilanculo,MZ,-22.01840,35.31330,14,Africa/Maputo
VOG,URWW,Volgograd International Airport,Volgograd,RU,48.78134,44.33919,147,Europe/Volgograd
VOL,LGBL,Nea Anchialos National Airport,Nea Anchialos,GR,39.21960,22.79430,25,Europe/Athens
VOZ,UUOO,Voronezh International Airport,Voronezh,RU,51.81432,39.23095,157,Europe/Moscow
VPE,FNGI,Ngjiva Pereira Airport,Ngiva,AO,-17.04350,15.68380,1087,Africa/Luanda
VPN,BIVO,Vopnafjörður Airport,Vopnafjörður,IS,65.72060,-14.85060,5,Atlantic/Reykjavik
VPS,KVPS,Destin-Fort Walton Beach Airport,Valparaiso,US,30.48131,-86.51584,27,America/Chicago
VPY,FQCH,Chimoio Airport,Chimoio,MZ,-19.15130,33.42900,697,Africa/Maputo
VQS,TJVQ,Antonio Rivera Rodriguez Airport,Vieques,PR,18.13480,-65.49360,15,America/Puerto_Rico
VRA,MUVR,Juan Gualberto Gomez International Airport,Matanzas,CU,23.03440,-81.43530,64,America/Havana
VRB,KVRB,Vero Beach Regional Airport,Vero Beach,US,27.65560,-80.41790,7,America/New_York
VRC,RPUV,Virac Airport,Virac,PH,13.57640,124.20600,37,Asia/Manila
VRL,LPVR,Vila Real Airport,Vila Real,PT,41.27430,-7.72047,550,Europe/Lisbon
VRN,LIPX,Verona Villafranca Valerio Catullo Airport,Caselle (VR),IT,45.39496,10.88730,73,Europe/Rome
VSA,MMVA,Carlos Rovirosa Pérez International Airport,Villahermosa,MX,17.99428,-92.81820,14,America/Mexico_City
VSE,LPVZ,Aerodromo Goncalves Lobato (Viseu Airport),Viseu,PT,40.72550,-7.88899,628,Europe/Lisbon
VST,ESOW,Stockholm Västerås Airport,Stockholm / Västerås,SE,59.58940,16.63360,6,Europe/Stockholm
VTE,VLVT,Wattay International Airport,Vientiane,LA,17.98505,102.56669,172,Asia/Vientiane
VTU,MUVT,Hermanos Ameijeiras Airport,Las Tunas,CU,20.98760,-76.93580,100,America/Havana
VTZ,VOVI,Alluri Sitarama Raju International Airport (Vizag),Visakhapatnam,IN,17.97151,83.50362,57,Asia/Kolkata
VUP,SKVP,Alfonso López Pumarejo Airport,Valledupar,CO,10.43500,-73.24950,147,America/Bogota
VUS,ULWU,Velikiy Ustyug Airport,Velikiy Ustyug,RU,60.78830,46.26000,101,Europe/Moscow
VVC,SKVV,Vanguardia Airport,Villavicencio,CO,4.16787,-73.61380,425,America/Bogota
VVI,SLVR,Viru Viru International Airport,Santa Cruz,BO,-17.64480,-63.13540,373,America/La_Paz
VVO,UHWW,Vladivostok International Airport,Artyom,RU,43.39626,132.14816,18,Asia/Vladivostok
VVZ,DAAP,Illizi Takhamalt Airport,Illizi,DZ,26.72350,8.62265,542,Africa/Algiers
VXC,FQLC,Lichinga Airport,Lichinga,MZ,-13.27400,35.26630,1373,Africa/Maputo
VXE,GVSV,Cesaria Evora International Airport,São Pedro,CV,16.83336,-25.05531,20,Atlantic/Cape_Verde
VXO,ESMX,Växjö Kronoberg Airport,Växjö,SE,56.92910,14.72800,186,Europe/Stockholm
VYI,UENW,Vilyuisk Airport,Vilyuisk,RU,63.75667,121.69334,110,Asia/Yakutsk
WAE,OEWD,Wadi Al Dawasir Domestic Airport,Wadi Al Dawasir,SA,20.50430,45.19960,628,Asia/Riyadh
WAG,NZWU,Wanganui Airport,Wanganui,NZ,-39.96347,175.02444,8,Pacific/Auckland
WAW,EPWA,Warsaw Chopin Airport,Warsaw,PL,52.16570,20.96710,110,Europe/Warsaw
WBM,AYWD,Wapenamanda Airport,Wapenamanda,PG,-5.63529,143.89223,1795,Pacific/Port_Moresby
WDH,FYWH,Hosea Kutako International Airport,Windhoek,NA,-22.47990,17.47090,1719,Africa/Windhoek
WDS,ZHSY,Shiyan Wudangshan Airport,Shiyan (Maojian),CN,32.59289,110.90630,0,Asia/Shanghai
WEF,ZSWF,Weifang Nanyuan Airport,Weifang (Kuiwen),CN,36.64670,119.11900,0,Asia/Shanghai
WEH,ZSWH,Weihai Dashuibo Airport,Weihai,CN,37.18710,122.22900,44,Asia/Shanghai
WEI,YBWP,Weipa Airport,Weipa,AU,-12.67749,141.92262,19,Australia/Brisbane
WGA,YSWG,Wagga Wagga Airport,Forest Hill,AU,-35.16348,147.46832,221,Australia/Sydney
WGE,YWLG,Walgett Airport,,AU,-30.03280,148.12601,134,Australia/Sydney
WGN,ZGSY,Shaoyang Wugang Airport,Shaoyang (Wugang),CN,26.80612,110.64104,440,Asia/Shanghai
WHA,ZSWA,Wuhu Xuanzhou Airport,Wuhu,CN,31.10450,118.66687,24,Asia/Shanghai
WHK,NZWK,Whakatāne Airport,Whakatāne,NZ,-37.92222,176.91696,6,Pacific/Auckland
WIC,EGPC,Wick John O'Groats Airport,Wick,GB,58.45890,-3.09306,38,Europe/London
WIL,HKNW,Nairobi Wilson Airport,Nairobi,KE,-1.32172,36.81480,1687,Africa/Nairobi
WIN,YWTN,Winton Airport,,AU,-22.36360,143.08600,194,Australia/Brisbane
WJR,HKWJ,Wajir Airport,Wajir,KE,1.73324,40.09160,235,Africa/Nairobi
WJU,RKNW,Wonju Airport / Hoengseong Air Base (K-38/K-46),Wonju,KR,37.43711,127.96005,100,Asia/Seoul
WKA,NZWF,Wanaka Airport,Wanaka,NZ,-44.72209,169.24629,348,Pacific/Auckland
WKJ,RJCW,Wakkanai Airport,Wakkanai,JP,45.40420,141.80099,9,Asia/Tokyo
WKK,5A8,Aleknagik / New Airport,Aleknagik,US,59.28260,-158.61800,20,America/Anchorage
WLG,NZWN,Wellington International Airport,Wellington,NZ,-41.32684,174.80686,12,Pacific/Auckland
WLS,NLWW,Hihifo Airport,Wallis Island,WF,-13.23944,-176.19865,24,Pacific/Wallis
WMI,EPMO,Warsaw Modlin Airport,Nowy Dwór Mazowiecki,PL,52.45110,20.65180,104,Europe/Warsaw
WMN,FMNR,Maroantsetra Airport,Maroantsetra,MG,-15.43774,49.68908,3,Indian/Antananarivo
WMT,ZUMT,Zunyi Maotai Airport,Zunyi,CN,27.96184,106.43542,1240,Asia/Shanghai
WMX,WAVV,Wamena Airport,Wamena,ID,-4.09732,138.95242,1657,Asia/Jayapura
WNI,WAWD,Matahora Airport,Wangi-wangi Island,ID,-5.29212,123.63623,27,Asia/Makassar
WNP,RPUN,Naga Airport,Naga,PH,13.58490,123.27000,43,Asia/Manila
WNR,YWDH,Windorah Airport,Windorah,AU,-25.41064,142.66843,138,Australia/Brisbane
WNS,OPNH,Shaheed Benazirabad Airport,Nawabashah,PK,26.21940,68.39010,29,Asia/Karachi
WNZ,ZSWZ,Wenzhou Longwan International Airport,Wenzhou (Longwan),CN,27.91057,120.85346,4,Asia/Shanghai
WOS,ZKWS,Wonsan Kalma Airport,Wonsan,KP,39.16522,127.48793,2,Asia/Pyongyang
WRE,NZWR,Whangarei Airport,Whangarei,NZ,-35.76925,174.36371,41,Pacific/Auckland
WRG,PAWG,Wrangell Airport,Wrangell,US,56.48430,-132.37000,15,America/Sitka
WRO,EPWR,Copernicus Wrocław Airport,Wrocław,PL,51.10372,16.88210,123,Europe/Warsaw
WST,KWST,Westerly State Airport,Westerly,US,41.34960,-71.80340,25,America/New_York
WSZ,NZWS,Westport Airport,Westport,NZ,-41.73711,171.57903,4,Pacific/Auckland
WTB,YBWW,Toowoomba Wellcamp Airport,Toowoomba,AU,-27.55833,151.79334,460,Australia/Brisbane
WUA,ZBUH,Wuhai Airport,Wuhai,CN,39.79340,106.79930,1113,Asia/Shanghai
WUH,ZHHH,Wuhan Tianhe International Airport,Wuhan (Huangpi),CN,30.77480,114.21372,34,Asia/Shanghai
WUN,YWLU,Wiluna Airport,,AU,-26.63269,120.22191,503,Australia/Perth
WUS,ZSWY,Nanping Wuyishan Airport,Wuyishan,CN,27.70190,118.00100,187,Asia/Shanghai
WUU,HSWW,Wau Airport,Wau,SS,7.72583,27.97500,466,Africa/Juba
WUX,ZSWX,Sunan Shuofang International Airport,Wuxi,CN,31.49695,120.43038,7,Asia/Shanghai
WUZ,ZGWZ,Wuzhou Xijiang Airport,Tangbu,CN,23.40316,111.09331,109,Asia/Shanghai
WVB,FYWB,Walvis Bay International Airport,Walvis Bay(Rooikop),NA,-22.97933,14.64710,91,Africa/Windhoek
WWK,AYWK,Wewak International Airport,Wewak,PG,-3.58383,143.66901,6,Pacific/Port_Moresby
WYA,YWHA,Whyalla Airport,Whyalla,AU,-33.05890,137.51401,12,Australia/Adelaide
WYS,KWYS,Yellowstone Airport,West Yellowstone,US,44.68840,-111.11800,2027,America/Denver
XAI,ZHXY,Xinyang Minggang Airport,Xinyang,CN,32.54082,114.07914,95,Asia/Shanghai
XAP,SBCH,Serafin Enoss Bertaso Airport,Chapecó,BR,-27.13420,-52.65660,657,America/Sao_Paulo
XBJ,OIMB,Birjand International Airport,Birjand,IR,32.89652,59.28126,1509,Asia/Tehran
XCH,YPXM,Christmas Island International Airport,Flying Fish Cove,CX,-10.45039,105.69110,279,Indian/Christmas
XCR,LFOK,Chalons Vatry airport,Chalons en Champagne,FR,48.77333,4.20611,179,Europe/Paris
XFN,ZHXF,Xiangyang Liuji Airport,Xiangyang (Xiangzhou),CN,32.15222,112.29167,71,Asia/Shanghai
XIC,ZUXC,Xichang Qingshan Airport,Liangshan (Xichang),CN,27.98910,102.18400,1558,Asia/Shanghai
XIL,ZBXH,Xilinhot Airport,Xilinhot,CN,43.91560,115.96400,0,Asia/Shanghai
XIY,ZLXY,Xi'an Xianyang International Airport,Xi'an,CN,34.44221,108.76238,479,Asia/Shanghai
XKS,CYAQ,Kasabonika Airport,Kasabonika,CA,53.52470,-88.64280,205,America/Winnipeg
XMH,NTGI,Manihi Airport,,PF,-14.43680,-146.07001,4,Pacific/Tahiti
XMN,ZSAM,Xiamen Gaoqi International Airport,Xiamen,CN,24.54389,118.12745,18,Asia/Shanghai
XMS,SEMC,Coronel E Carvajal Airport,Macas,EC,-2.29917,-78.12080,1052,America/Guayaquil
XNA,KXNA,Northwest Arkansas National Airport,Fayetteville/Springdale/Rogers,US,36.28190,-94.30680,392,America/Chicago
XNN,ZLXN,Xining Caojiabao International Airport,Haidong (Huzhu Tu Autonomous County),CN,36.52775,102.04022,2170,Asia/Shanghai
XPL,MHPR,Palmerola International Airport,Palmerola,HN,14.38240,-87.62120,628,America/Tegucigalpa
XQP,MRQP,Quepos Managua Airport,Quepos,CR,9.44316,-84.12980,26,America/Costa_Rica
XQU,CAT4,Qualicum Beach Airport,Qualicum Beach,CA,49.33746,-124.39309,58,America/Vancouver
XRY,LEJR,Jerez Airport,Jerez de la Frontera,ES,36.74460,-6.06011,28,Europe/Madrid
XSC,MBSC,South Caicos Airport,South Caicos,TC,21.51570,-71.52850,2,America/Grand_Turk
XSP,WSSL,Seletar Airport,Seletar,SG,1.41555,103.86673,11,Asia/Singapore
XTG,YTGM,Thargomindah Airport,Thargomindah,AU,-27.98637,143.81206,132,Australia/Brisbane
XUZ,ZSXZ,Xuzhou Guanyin International Airport,Xuzhou,CN,34.05906,117.55528,33,Asia/Shanghai
XWA,KXWA,Williston Basin International Airport,Williston,US,48.26086,-103.75116,714,America/Chicago
YAA,CAJ4,Anahim Lake Airport,Anahim Lake,CA,52.45150,-125.30378,1108,America/Vancouver
YAG,CYAG,Fort Frances Municipal Airport,Fort Frances,CA,48.65575,-93.44349,343,America/Winnipeg
YAK,PAYA,Yakutat Airport,Yakutat,US,59.50872,-139.66044,10,America/Yakutat
YAM,CYAM,Sault Ste Marie Airport,Sault Ste Marie,CA,46.48322,-84.50847,192,America/Toronto
YAP,PTYA,Yap International Airport,Yap Island,FM,9.49891,138.08299,28,Pacific/Chuuk
YAY,CYAY,St. Anthony Airport,St. Anthony,CA,51.39191,-56.08321,33,America/St_Johns
YAZ,CYAZ,Tofino / Long Beach Airport,Tofino,CA,49.07983,-125.77558,24,America/Vancouver
YBC,CYBC,Baie-Comeau Airport,Baie-Comeau,CA,49.13250,-68.20440,22,America/Toronto
YBG,CYBG,Saguenay-Bagotville Airport,Saguenay,CA,48.33012,-70.99201,159,America/Toronto
YBK,CYBK,Baker Lake Airport,Baker Lake,CA,64.29890,-96.07780,18,America/Rankin_Inlet
YBL,CYBL,Campbell River Airport,Campbell River,CA,49.95080,-125.27100,105,America/Vancouver
YBP,ZUYB,Yibin Wuliangye Airport,Yibin (Cuiping),CN,28.85843,104.52616,420,Asia/Shanghai
YBR,CYBR,Brandon Municipal Airport,Brandon,CA,49.91000,-99.95190,409,America/Winnipeg
YBX,CYBX,Lourdes-de-Blanc-Sablon Airport,Blanc-Sablon,CA,51.44360,-57.18530,37,America/Blanc-Sablon
YBY,CYBF,Bonnyville Airport,Bonnyville,CA,54.30420,-110.74400,560,America/Edmonton
YCB,CYCB,Cambridge Bay Airport,Cambridge Bay,CA,69.10810,-105.13800,27,America/Cambridge_Bay
YCD,CYCD,Nanaimo Airport,Nanaimo,CA,49.05497,-123.86986,28,America/Vancouver
YCG,CYCG,Castlegar/West Kootenay Regional Airport,Castlegar,CA,49.29640,-117.63200,495,America/Vancouver
YCM,CYSN,Niagara District Airport,Niagara-on-the-Lake,CA,43.19160,-79.17169,98,America/Toronto
YCU,ZBYC,Yuncheng Yanhu International Airport,Yuncheng (Yanhu),CN,35.11782,111.03402,379,Asia/Shanghai
YDA,CYDA,Dawson City Airport,Dawson City,CA,64.04310,-139.12801,370,America/Dawson
YDF,CYDF,Deer Lake Airport,Deer Lake,CA,49.20816,-57.39615,22,America/St_Johns
YDN,CYDN,Dauphin Barker Airport,Dauphin,CA,51.10080,-100.05200,304,America/Winnipeg
YEG,CYEG,Edmonton International Airport,Edmonton,CA,53.30970,-113.58000,723,America/Edmonton
YEI,LTBR,Bursa Yenişehir Airport,Yenişehir,TR,40.25520,29.56260,233,Europe/Istanbul
YEV,CYEV,Inuvik Mike Zubko Airport,Inuvik,CA,68.30420,-133.48300,68,America/Inuvik
YFB,CYFB,Iqaluit Airport,Iqaluit,CA,63.75640,-68.55580,34,America/Iqaluit
YFC,CYFC,Fredericton International Airport,Fredericton,CA,45.86870,-66.52989,21,America/Moncton
YFS,CYFS,Fort Simpson Airport,Fort Simpson,CA,61.76020,-121.23700,169,America/Inuvik
YGJ,RJOH,Yonago Kitaro Airport / JASDF Miho Air Base,Yonago,JP,35.49220,133.23599,6,Asia/Tokyo
YGL,CYGL,La Grande Rivière Airport,La Grande Rivière,CA,53.62530,-77.70420,195,America/Toronto
YGP,CYGP,Michel-Pouliot Gaspé Airport,Gaspé,CA,48.77492,-64.48189,34,America/Toronto
YGR,CYGR,Îles-de-la-Madeleine Airport,Les Îles-de-la-Madeleine,CA,47.42524,-61.77861,11,America/Halifax
YGV,CYGV,Havre-Saint-Pierre Airport,Havre-Saint-Pierre,CA,50.28190,-63.61140,38,America/Toronto
YGW,CYGW,Kuujjuarapik Airport,Kuujjuarapik,CA,55.28190,-77.76530,10,America/Toronto
YHM,CYHM,John C. Munro Hamilton International Airport,Hamilton,CA,43.17131,-79.92942,238,America/Toronto
YHU,CYHU,Montréal / Saint-Hubert Metropolitan Airport,Montréal,CA,45.51750,-73.41690,27,America/Toronto
YHY,CYHY,Hay River / Merlyn Carter Airport,Hay River,CA,60.83970,-115.78300,165,America/Edmonton
YHZ,CYHZ,Halifax / Stanfield International Airport,Halifax,CA,44.88080,-63.50860,145,America/Halifax
YIA,WAHI,Yogyakarta International Airport,Yogyakarta,ID,-7.90534,110.05726,7,Asia/Jakarta
YIC,ZSYC,Yichun Mingyueshan Airport,Yichun,CN,27.80250,114.30620,131,Asia/Shanghai
YIE,ZBES,Arxan Yi'ershi Airport,Arxan,CN,47.31060,119.91170,892,Asia/Shanghai
YIF,CYIF,St Augustin Airport,St-Augustin,CA,51.21170,-58.65830,6,America/Blanc-Sablon
YIH,ZHYC,Yichang Sanxia Airport,Yichang (Xiaoting),CN,30.55413,111.48256,205,Asia/Shanghai
YIN,ZWYN,Ili Yining International Airport,Ili (Yining / Ghulja),CN,43.95580,81.33030,0,Asia/Urumqi
YIV,CYIV,Island Lake Airport,Island Lake,CA,53.85720,-94.65360,235,America/Winnipeg
YIW,ZSYW,Yiwu Airport,Yiwu/Jinhua,CN,29.34210,120.03116,80,Asia/Shanghai
YKA,CYKA,Kamloops John Moose Fulton Field Regional Airport,Kamloops,CA,50.70304,-120.44864,345,America/Vancouver
YKF,CYKF,Region of Waterloo International Airport,Breslau,CA,43.46080,-80.37860,321,America/Toronto
YKH,ZYYK,Yingkou Lanqi Airport,Yingkou (Laobian),CN,40.54252,122.35860,0,Asia/Shanghai
YKL,CYKL,Schefferville Airport,Schefferville,CA,54.80530,-66.80530,521,America/Toronto
YKM,KYKM,Yakima Air Terminal McAllister Field,Yakima,US,46.56820,-120.54400,335,America/Los_Angeles
YKO,LTCW,Hakkari Yüksekova Airport,Hakkari,TR,37.54970,44.23810,1951,Europe/Istanbul
YKS,UEEE,Platon Oyunsky Yakutsk International Airport,Yakutsk,RU,62.09330,129.77100,99,Asia/Yakutsk
YLK,CYLS,Barrie-Lake Simcoe Regional Airport,Barrie,CA,44.48506,-79.55466,296,America/Toronto
YLL,CYLL,Lloydminster Airport,Lloydminster,CA,53.30920,-110.07300,668,America/Edmonton
YLW,CYLW,Kelowna International Airport,Kelowna,CA,49.95610,-119.37800,433,America/Vancouver
YLX,ZGYL,Yulin Fumian Airport,Yulin,CN,22.43304,110.12000,100,Asia/Shanghai
YMM,CYMM,Fort McMurray International Airport,Fort McMurray,CA,56.65330,-111.22200,369,America/Edmonton
YMO,CYMO,Moosonee Airport,Moosonee,CA,51.29110,-80.60780,9,America/Toronto
YMS,SPMS,Moises Benzaquen Rengifo Airport,Yurimaguas,PE,-5.89377,-76.11820,179,America/Lima
YMT,CYMT,Chapais Airport,Chibougamau,CA,49.77190,-74.52810,387,America/Toronto
YMX,CYMX,Montreal Mirabel International Airport,Montréal,CA,45.67950,-74.03870,82,America/Toronto
YNA,CYNA,Natashquan Airport,Natashquan,CA,50.19011,-61.78898,12,America/Blanc-Sablon
YNB,OEYN,Prince Abdulmohsen Bin Abdulaziz International Airport,Yanbu,SA,24.14420,38.06340,8,Asia/Riyadh
YND,CYND,Ottawa / Gatineau Airport,Gatineau,CA,45.52170,-75.56360,64,America/Toronto
YNJ,ZYYJ,Yanji Chaoyangchuan Airport,Yanji,CN,42.88280,129.45100,190,Asia/Shanghai
YNL,CYNL,Points North Landing Airport,Points North Landing,CA,58.27670,-104.08200,489,America/Regina
YNT,ZSYT,Yantai Penglai International Airport,Yantai,CN,37.65972,120.97812,47,Asia/Shanghai
YNY,RKNY,Yangyang International Airport,Gonghang-ro,KR,38.06048,128.66982,73,Asia/Seoul
YNZ,ZSYN,Yancheng Nanyang International Airport,Yancheng (Tinghu),CN,33.42832,120.20545,3,Asia/Shanghai
YOJ,CYOJ,High Level Airport,High Level,CA,58.62140,-117.16500,338,America/Edmonton
YOL,DNYO,Yola Airport,Yola,NG,9.25755,12.43040,183,Africa/Lagos
YOW,CYOW,Ottawa Macdonald-Cartier International Airport,Ottawa,CA,45.32250,-75.66920,114,America/Toronto
YPA,CYPA,Prince Albert Glass Field,Prince Albert,CA,53.21420,-105.67300,428,America/Regina
YPE,CYPE,Peace River Airport,Peace River,CA,56.22690,-117.44700,571,America/Edmonton
YPL,CYPL,Pickle Lake Airport,Pickle Lake,CA,51.44640,-90.21420,386,America/Atikokan
YPN,CYPN,Port-Menier Airport,Port-Menier,CA,49.83640,-64.28860,51,America/Toronto
YPQ,CYPQ,Peterborough Regional Airport,Peterborough,CA,44.23225,-78.36205,191,America/Toronto
YPR,CYPR,Prince Rupert Airport,Prince Rupert,CA,54.28610,-130.44501,35,America/Vancouver
YPW,CYPW,Powell River Airport,Powell River,CA,49.83420,-124.50000,130,America/Vancouver
YPX,CYPX,Puvirnituq Airport,Puvirnituq,CA,60.05060,-77.28690,23,America/Toronto
YPY,CYPY,Fort Chipewyan Airport,Fort Chipewyan,CA,58.76720,-111.11700,232,America/Edmonton
YPZ,CYPZ,Burns Lake Airport,Burns Lake,CA,54.37640,-125.95100,714,America/Vancouver
YQA,CYQA,Muskoka Airport,Gravenhurst,CA,44.97538,-79.30655,282,America/Toronto
YQB,CYQB,Quebec Jean Lesage International Airport,Quebec,CA,46.79110,-71.39330,74,America/Toronto
YQD,CYQD,The Pas Airport,The Pas,CA,53.97140,-101.09100,270,America/Winnipeg
YQG,CYQG,Windsor International Airport,Windsor,CA,42.27560,-82.95560,190,America/Toronto
YQH,CYQH,Watson Lake Airport,Watson Lake,CA,60.11684,-128.82199,687,America/Whitehorse
YQK,CYQK,Kenora Airport,Kenora,CA,49.78830,-94.36310,406,America/Winnipeg
YQL,CYQL,Lethbridge County Airport,Lethbridge,CA,49.63030,-112.80000,929,America/Edmonton
YQM,CYQM,Greater Moncton Roméo LeBlanc International Airport,Moncton,CA,46.11319,-64.67719,71,America/Moncton
YQN,CYQN,Nakina Airport,Nakina,CA,50.18280,-86.69640,322,America/Toronto
YQQ,CYQQ,Comox Valley International Airport / CFB Comox,Comox,CA,49.71080,-124.88700,26,America/Vancouver
YQR,CYQR,Regina International Airport,Regina,CA,50.43194,-104.66091,577,America/Regina
YQT,CYQT,Thunder Bay International Airport,Thunder Bay,CA,48.37190,-89.32390,199,America/Toronto
YQU,CYQU,Grande Prairie Airport,Grande Prairie,CA,55.17970,-118.88500,669,America/Edmonton
YQX,CYQX,Gander International Airport,Gander,CA,48.93626,-54.56772,151,America/St_Johns
YQY,CYQY,Sydney / J.A. Douglas McCurdy Airport,Sydney,CA,46.16107,-60.04976,62,America/Glace_Bay
YQZ,CYQZ,Quesnel Airport,Quesnel,CA,53.02610,-122.51000,545,America/Vancouver
YRB,CYRB,Resolute Bay Airport,Resolute Bay,CA,74.71690,-94.96940,66,America/Resolute
YRJ,CYRJ,Roberval Airport,Roberval,CA,48.51967,-72.26574,179,America/Toronto
YRL,CYRL,Red Lake Airport,Red Lake,CA,51.06690,-93.79310,386,America/Winnipeg
YRO,CYRO,Ottawa / Rockcliffe Airport,Ottawa,CA,45.46050,-75.64400,57,America/Toronto
YRT,CYRT,Rankin Inlet Airport,Rankin Inlet,CA,62.81140,-92.11580,29,America/Rankin_Inlet
YSB,CYSB,Sudbury Airport,Sudbury,CA,46.62500,-80.79890,348,America/Toronto
YSF,CYSF,Stony Rapids Airport,Stony Rapids,CA,59.25030,-105.84100,245,America/Regina
YSJ,CYSJ,Saint John Airport,Saint John,CA,45.31610,-65.89030,109,America/Moncton
YSM,CYSM,Fort Smith Airport,Fort Smith,CA,60.02030,-111.96200,205,America/Edmonton
YSQ,ZYSQ,Songyuan Chaganhu Airport,Qian Gorlos Mongol Autonomous County,CN,44.93114,124.55212,140,Asia/Shanghai
YTH,CYTH,Thompson Airport,Thompson,CA,55.80110,-97.86420,222,America/Winnipeg
YTS,CYTS,Timmins/Victor M. Power,Timmins,CA,48.56970,-81.37670,295,America/Toronto
YTY,ZSYA,Yangzhou Taizhou Airport,Yangzhou,CN,32.56340,119.71980,2,Asia/Shanghai
YTZ,CYTZ,Billy Bishop Toronto City Airport,Toronto,CA,43.62785,-79.39553,77,America/Toronto
YUL,CYUL,Montreal / Pierre Elliott Trudeau International Airport,Montréal,CA,45.46784,-73.74229,36,America/Toronto
YUM,KNYL,Yuma International Airport / Marine Corps Air Station Yuma,Yuma,US,32.65094,-114.60938,65,America/Phoenix
YUS,ZLYS,Yushu Batang Airport,Yushu (Batang),CN,32.83639,97.03639,3906,Asia/Shanghai
YUX,CYUX,Hall Beach Airport,Sanirajak,CA,68.77610,-81.24250,9,America/Iqaluit
YUY,CYUY,Rouyn Noranda Airport,Rouyn-Noranda,CA,48.20610,-78.83560,301,America/Toronto
YVB,CYVB,Bonaventure Airport,Bonaventure,CA,48.07110,-65.46030,37,America/Toronto
YVC,CYVC,La Ronge Airport,La Ronge,CA,55.15140,-105.26200,379,America/Regina
YVO,CYVO,Val-d'Or Airport,Val-d'Or,CA,48.05330,-77.78280,337,America/Toronto
YVP,CYVP,Kuujjuaq Airport,Kuujjuaq,CA,58.09610,-68.42690,39,America/Toronto
YVQ,CYVQ,Norman Wells Airport,Norman Wells,CA,65.28160,-126.79800,73,America/Inuvik
YVR,CYVR,Vancouver International Airport,Vancouver,CA,49.19390,-123.18400,4,America/Vancouver
YVV,CYVV,Wiarton Airport,Wiarton,CA,44.74580,-81.10720,222,America/Toronto
YWG,CYWG,Winnipeg / James Armstrong Richardson International Airport,Winnipeg,CA,49.91000,-97.23990,239,America/Winnipeg
YWK,CYWK,Wabush Airport,Wabush,CA,52.92190,-66.86440,551,America/Goose_Bay
YWL,CYWL,Williams Lake Airport,Williams Lake,CA,52.18310,-122.05400,940,America/Vancouver
YXC,CYXC,Cranbrook/Canadian Rockies International Airport,Cranbrook,CA,49.61080,-115.78200,939,America/Edmonton
YXE,CYXE,Saskatoon John G. Diefenbaker International Airport,Saskatoon,CA,52.17072,-106.70079,504,America/Regina
YXH,CYXH,Medicine Hat Regional Airport,Medicine Hat,CA,50.01890,-110.72100,717,America/Edmonton
YXJ,CYXJ,Fort St John / North Peace Regional Airport,Fort Saint John,CA,56.23810,-120.74000,695,America/Dawson_Creek
YXL,CYXL,Sioux Lookout Airport,Sioux Lookout,CA,50.11390,-91.90530,383,America/Winnipeg
YXS,CYXS,Prince George (International) Airport,Prince George,CA,53.88431,-122.66655,691,America/Vancouver
YXT,CYXT,Northwest Regional Airport Terrace-Kitimat,Terrace,CA,54.46850,-128.57601,217,America/Vancouver
YXU,CYXU,London International Airport,London,CA,43.03285,-81.14900,278,America/Toronto
YXX,CYXX,Abbotsford International Airport,Abbotsford,CA,49.02530,-122.36100,59,America/Vancouver
YXY,CYXY,Whitehorse / Erik Nielsen International Airport,Whitehorse,CA,60.70853,-135.06571,706,America/Whitehorse
YYA,ZGYY,Yueyang Sanhe Airport,Yueyang (Yueyanglou),CN,29.31170,113.28157,70,Asia/Shanghai
YYB,CYYB,North Bay Jack Garland Airport,North Bay,CA,46.36360,-79.42280,370,America/Toronto
YYC,CYYC,Calgary International Airport,Calgary,CA,51.11882,-114.00993,1084,America/Edmonton
YYD,CYYD,Smithers Airport,Smithers,CA,54.82470,-127.18300,522,America/Vancouver
YYE,CYYE,Fort Nelson Airport,Fort Nelson,CA,58.83640,-122.59700,382,America/Fort_Nelson
YYF,CYYF,Penticton Airport,Penticton,CA,49.46310,-119.60200,344,America/Vancouver
YYG,CYYG,Charlottetown Airport,Charlottetown,CA,46.28891,-63.12517,49,America/Halifax
YYJ,CYYJ,Victoria International Airport,Victoria,CA,48.64720,-123.42779,19,America/Vancouver
YYL,CYYL,Lynn Lake Airport,Lynn Lake,CA,56.86390,-101.07600,357,America/Winnipeg
YYQ,CYYQ,Churchill Airport,Churchill,CA,58.73920,-94.06500,29,America/Winnipeg
YYR,CYYR,Goose Bay Airport,Goose Bay,CA,53.31920,-60.42580,49,America/Goose_Bay
YYT,CYYT,St. John's International Airport,St. John's,CA,47.61860,-52.75190,141,America/St_Johns
YYY,CYYY,Mont Joli Airport,Mont-Joli,CA,48.60860,-68.20810,52,America/Toronto
YYZ,CYYZ,Toronto Pearson International Airport,Toronto,CA,43.67594,-79.62942,173,America/Toronto
YZF,CYZF,Yellowknife International Airport,Yellowknife,CA,62.46280,-114.44000,206,America/Edmonton
YZP,CYZP,Sandspit Airport,Sandspit,CA,53.25430,-131.81400,6,America/Vancouver
YZS,CYZS,Coral Harbour Airport,Coral Harbour,CA,64.19330,-83.35940,64,America/Atikokan
YZT,CYZT,Port Hardy Airport,Port Hardy,CA,50.68060,-127.36700,22,America/Vancouver
YZU,CYZU,Whitecourt Airport,Whitecourt,CA,54.14390,-115.78700,782,America/Edmonton
YZV,CYZV,Sept-Îles Airport,Sept-Îles,CA,50.22330,-66.26560,55,America/Toronto
YZY,ZLZY,Zhangye Ganzhou Airport,Zhangye (Ganzhou),CN,38.80190,100.67500,1609,Asia/Shanghai
ZAD,LDZD,Zadar Airport,Zadar,HR,44.09699,15.35356,88,Europe/Zagreb
ZAG,LDZA,Zagreb Franjo Tuđman International Airport,Velika Gorica,HR,45.74290,16.06880,108,Europe/Zagreb
ZAH,OIZH,Zahedan International Airport,Zahedan,IR,29.47570,60.90620,1391,Asia/Tehran
ZAL,SCVD,Pichoy Airport,Valdivia,CL,-39.65000,-73.08610,18,America/Santiago
ZAM,RPMZ,Zamboanga International Airport,Zamboanga,PH,6.92242,122.06000,10,Asia/Manila
ZAT,ZPZT,Zhaotong Zhaoyang Airport,Zhaotong,CN,27.20584,103.69151,0,Asia/Shanghai
ZAZ,LEZG,Zaragoza Airport,Zaragoza,ES,41.66620,-1.04155,263,Europe/Madrid
ZBF,CZBF,Bathurst Airport,South Tetagouche,CA,47.62970,-65.73890,59,America/Moncton
ZBR,OIZC,Chabahar Konarak International Airport,Konarak,IR,25.44319,60.38217,4,Asia/Tehran
ZCL,MMZC,General Leobardo C. Ruiz International Airport,Zacatecas,MX,22.89494,-102.68715,2177,America/Mexico_City
ZCO,SCQP,La Araucanía International Airport,Temuco,CL,-38.92590,-72.65150,101,America/Santiago
ZEL,CBBC,Bella Bella (Campbell Island) Airport,Bella Bella,CA,52.18500,-128.15699,43,America/Vancouver
ZHA,ZGZJ,Zhanjiang Wuchuan International Airport,Zhanjiang,CN,21.48167,110.59028,0,Asia/Shanghai
ZHY,ZLZW,Zhongwei Shapotou Airport,Zhongwei (Shapotou),CN,37.57312,105.15445,1246,Asia/Shanghai
ZIA,UUBW,Zhukovsky International Airport,Moscow,RU,55.55330,38.15000,115,Europe/Moscow
ZIG,GOGG,Ziguinchor Airport,Ziguinchor,SN,12.55559,-16.28330,23,Africa/Dakar
ZIH,MMZH,Ixtapa-Zihuatanejo International Airport,Ixtapa,MX,17.60177,-101.46063,8,America/Mexico_City
ZIX,UEVV,Zhigansk Airport,Zhigansk,RU,66.79650,123.36100,89,Asia/Yakutsk
ZKP,UESU,Zyryanka Airport,Zyryanka,RU,65.74850,150.88890,43,Asia/Srednekolymsk
ZLO,MMZO,Playa de Oro International Airport,Manzanillo,MX,19.14480,-104.55900,9,America/Mexico_City
ZMT,CZMT,Masset Airport,Masset,CA,54.02750,-132.12500,8,America/Vancouver
ZND,DRZR,Zinder Airport,Zinder,NE,13.77900,8.98376,462,Africa/Niamey
ZNE,YNWN,Newman Airport,Newman,AU,-23.41780,119.80300,525,Australia/Perth
ZNZ,HTZA,Abeid Amani Karume International Airport,Zanzibar,TZ,-6.22202,39.22490,16,Africa/Dar_es_Salaam
ZOS,SCJO,Cañal Bajo Carlos Hott Siebert Airport,Osorno,CL,-40.61120,-73.06100,57,America/Santiago
ZQN,NZQN,Queenstown Airport,Queenstown,NZ,-45.01920,168.74638,357,Pacific/Auckland
ZQZ,ZBZJ,Zhangjiakou Ningyuan Airport,Zhangjiakou,CN,40.73866,114.93340,715,Asia/Shanghai
ZRH,LSZH,Zürich Airport,Zurich,CH,47.45806,8.54806,432,Europe/Zurich
ZSA,MYSM,San Salvador International Airport,San Salvador,BS,24.06304,-74.52323,7,America/Nassau
ZSE,FMEP,Saint-Pierre Pierrefonds Airport,Saint-Pierre,RE,-21.31936,55.42251,18,Indian/Reunion
ZSJ,CZSJ,Sandy Lake Airport,Sandy Lake,CA,53.06420,-93.34440,290,America/Winnipeg
ZTH,LGZA,Zakynthos International Airport Dionysios Solomos,Zakynthos,GR,37.75090,20.88430,4,Europe/Athens
ZUH,ZGSD,Zhuhai Jinwan Airport,Zhuhai (Jinwan),CN,22.00640,113.37600,7,Asia/Shanghai
ZYI,ZUZY,Zunyi Xinzhou Airport,Zunyi,CN,27.81072,107.24719,830,Asia/Shanghai
ZYL,VGSY,Osmany International Airport,Sylhet,BD,24.96399,91.86475,15,Asia/Dhaka
