{"type":"FeatureCollection","features":[{"type":"Feature","properties":{"name":"Gibraltar","scalerank":6,"adm0cap":0},"geometry":{"type":"Point","coordinates":[-5.346,36.128]}},{"type":"Feature","properties":{"name":"Lobamba","scalerank":6,"adm0cap":0},"geometry":{"type":"Point","coordinates":[31.2,-26.467]}},{"type":"Feature","properties":{"name":"Edinburgh","scalerank":6,"adm0cap":0},"geometry":{"type":"Point","coordinates":[-3.219,55.948]}},{"type":"Feature","properties":{"name":"Cardiff","scalerank":6,"adm0cap":0},"geometry":{"type":"Point","coordinates":[-3.168,51.483]}},{"type":"Feature","properties":{"name":"Longyearbyen","scalerank":6,"adm0cap":0},"geometry":{"type":"Point","coordinates":[15.621,78.221]}},{"type":"Feature","properties":{"name":"Luxembourg","scalerank":6,"adm0cap":1},"geometry":{"type":"Point","coordinates":[6.13,49.612]}},{"type":"Feature","properties":{"name":"Turin","scalerank":6,"adm0cap":0},"geometry":{"type":"Point","coordinates":[7.668,45.072]}},{"type":"Feature","properties":{"name":"Nouméa","scalerank":6,"adm0cap":0},"geometry":{"type":"Point","coordinates":[166.444,-22.263]}},{"type":"Feature","properties":{"name":"Matsuyama","scalerank":6,"adm0cap":0},"geometry":{"type":"Point","coordinates":[132.766,33.846]}},{"type":"Feature","properties":{"name":"Rennes","scalerank":6,"adm0cap":0},"geometry":{"type":"Point","coordinates":[-1.67,48.1]}},{"type":"Feature","properties":{"name":"Toulouse","scalerank":6,"adm0cap":0},"geometry":{"type":"Point","coordinates":[1.448,43.622]}},{"type":"Feature","properties":{"name":"Limoges","scalerank":6,"adm0cap":0},"geometry":{"type":"Point","coordinates":[1.25,45.83]}},{"type":"Feature","properties":{"name":"Lille","scalerank":6,"adm0cap":0},"geometry":{"type":"Point","coordinates":[3.078,50.652]}},{"type":"Feature","properties":{"name":"Strasbourg","scalerank":6,"adm0cap":0},"geometry":{"type":"Point","coordinates":[7.75,48.58]}},{"type":"Feature","properties":{"name":"Batumi","scalerank":6,"adm0cap":0},"geometry":{"type":"Point","coordinates":[41.63,41.6]}},{"type":"Feature","properties":{"name":"Funchal","scalerank":6,"adm0cap":0},"geometry":{"type":"Point","coordinates":[-16.88,32.65]}},{"type":"Feature","properties":{"name":"El Fasher","scalerank":6,"adm0cap":0},"geometry":{"type":"Point","coordinates":[25.35,13.63]}},{"type":"Feature","properties":{"name":"Keetmanshoop","scalerank":6,"adm0cap":0},"geometry":{"type":"Point","coordinates":[18.13,-26.574]}},{"type":"Feature","properties":{"name":"Swakopmund","scalerank":6,"adm0cap":0},"geometry":{"type":"Point","coordinates":[14.535,-22.669]}},{"type":"Feature","properties":{"name":"Genoa","scalerank":6,"adm0cap":0},"geometry":{"type":"Point","coordinates":[8.93,44.41]}},{"type":"Feature","properties":{"name":"Sukhumi","scalerank":6,"adm0cap":0},"geometry":{"type":"Point","coordinates":[41.02,43.02]}},{"type":"Feature","properties":{"name":"Palikir","scalerank":6,"adm0cap":1},"geometry":{"type":"Point","coordinates":[158.15,6.917]}},{"type":"Feature","properties":{"name":"Majuro","scalerank":6,"adm0cap":1},"geometry":{"type":"Point","coordinates":[171.38,7.103]}},{"type":"Feature","properties":{"name":"Agana","scalerank":6,"adm0cap":0},"geometry":{"type":"Point","coordinates":[144.75,13.47]}},{"type":"Feature","properties":{"name":"Funafuti","scalerank":6,"adm0cap":1},"geometry":{"type":"Point","coordinates":[179.217,-8.517]}},{"type":"Feature","properties":{"name":"Melekeok","scalerank":6,"adm0cap":1},"geometry":{"type":"Point","coordinates":[134.627,7.487]}},{"type":"Feature","properties":{"name":"Bir Lehlou","scalerank":6,"adm0cap":0},"geometry":{"type":"Point","coordinates":[-9.653,26.119]}},{"type":"Feature","properties":{"name":"Monaco","scalerank":6,"adm0cap":1},"geometry":{"type":"Point","coordinates":[7.407,43.74]}},{"type":"Feature","properties":{"name":"Tarawa","scalerank":6,"adm0cap":1},"geometry":{"type":"Point","coordinates":[173.018,1.338]}},{"type":"Feature","properties":{"name":"Moroni","scalerank":6,"adm0cap":1},"geometry":{"type":"Point","coordinates":[43.24,-11.704]}},{"type":"Feature","properties":{"name":"Macau","scalerank":6,"adm0cap":0},"geometry":{"type":"Point","coordinates":[113.544,22.189]}},{"type":"Feature","properties":{"name":"Andorra","scalerank":6,"adm0cap":1},"geometry":{"type":"Point","coordinates":[1.527,42.511]}},{"type":"Feature","properties":{"name":"San Bernardino","scalerank":4,"adm0cap":0},"geometry":{"type":"Point","coordinates":[-117.302,34.122]}},{"type":"Feature","properties":{"name":"Bridgeport","scalerank":4,"adm0cap":0},"geometry":{"type":"Point","coordinates":[-73.202,41.182]}},{"type":"Feature","properties":{"name":"Rochester","scalerank":4,"adm0cap":0},"geometry":{"type":"Point","coordinates":[-77.622,43.172]}},{"type":"Feature","properties":{"name":"Manchester","scalerank":4,"adm0cap":0},"geometry":{"type":"Point","coordinates":[-2.249,53.475]}},{"type":"Feature","properties":{"name":"Gujranwala","scalerank":4,"adm0cap":0},"geometry":{"type":"Point","coordinates":[74.183,32.162]}},{"type":"Feature","properties":{"name":"Incheon","scalerank":4,"adm0cap":0},"geometry":{"type":"Point","coordinates":[126.64,37.478]}},{"type":"Feature","properties":{"name":"Benin City","scalerank":4,"adm0cap":0},"geometry":{"type":"Point","coordinates":[5.618,6.342]}},{"type":"Feature","properties":{"name":"Xiamen","scalerank":4,"adm0cap":0},"geometry":{"type":"Point","coordinates":[118.078,24.452]}},{"type":"Feature","properties":{"name":"Nanchong","scalerank":4,"adm0cap":0},"geometry":{"type":"Point","coordinates":[106.128,30.782]}},{"type":"Feature","properties":{"name":"Neijiang","scalerank":4,"adm0cap":0},"geometry":{"type":"Point","coordinates":[105.048,29.582]}},{"type":"Feature","properties":{"name":"Nanyang","scalerank":4,"adm0cap":0},"geometry":{"type":"Point","coordinates":[112.528,33.002]}},{"type":"Feature","properties":{"name":"Jinxi","scalerank":4,"adm0cap":0},"geometry":{"type":"Point","coordinates":[120.828,40.752]}},{"type":"Feature","properties":{"name":"Yantai","scalerank":4,"adm0cap":0},"geometry":{"type":"Point","coordinates":[121.398,37.532]}},{"type":"Feature","properties":{"name":"Zaozhuang","scalerank":4,"adm0cap":0},"geometry":{"type":"Point","coordinates":[117.568,34.882]}},{"type":"Feature","properties":{"name":"Suzhou","scalerank":4,"adm0cap":0},"geometry":{"type":"Point","coordinates":[120.618,31.302]}},{"type":"Feature","properties":{"name":"Xuzhou","scalerank":4,"adm0cap":0},"geometry":{"type":"Point","coordinates":[117.178,34.282]}},{"type":"Feature","properties":{"name":"Wuxi","scalerank":4,"adm0cap":0},"geometry":{"type":"Point","coordinates":[120.298,31.582]}},{"type":"Feature","properties":{"name":"Jilin","scalerank":4,"adm0cap":0},"geometry":{"type":"Point","coordinates":[126.548,43.852]}},{"type":"Feature","properties":{"name":"Chandigarh","scalerank":4,"adm0cap":0},"geometry":{"type":"Point","coordinates":[76.778,30.722]}},{"type":"Feature","properties":{"name":"Jammu","scalerank":4,"adm0cap":0},"geometry":{"type":"Point","coordinates":[74.845,32.714]}},{"type":"Feature","properties":{"name":"Sholapur","scalerank":4,"adm0cap":0},"geometry":{"type":"Point","coordinates":[75.898,17.672]}},{"type":"Feature","properties":{"name":"Aurangabad","scalerank":4,"adm0cap":0},"geometry":{"type":"Point","coordinates":[75.329,19.862]}},{"type":"Feature","properties":{"name":"Nasik","scalerank":4,"adm0cap":0},"geometry":{"type":"Point","coordinates":[73.778,20.002]}},{"type":"Feature","properties":{"name":"Dispur","scalerank":4,"adm0cap":0},"geometry":{"type":"Point","coordinates":[91.767,26.144]}},{"type":"Feature","properties":{"name":"Jullundur","scalerank":4,"adm0cap":0},"geometry":{"type":"Point","coordinates":[75.567,31.337]}},{"type":"Feature","properties":{"name":"Allahabad","scalerank":4,"adm0cap":0},"geometry":{"type":"Point","coordinates":[81.838,25.457]}},{"type":"Feature","properties":{"name":"Moradabad","scalerank":4,"adm0cap":0},"geometry":{"type":"Point","coordinates":[78.755,28.844]}},{"type":"Feature","properties":{"name":"Ghaziabad","scalerank":4,"adm0cap":0},"geometry":{"type":"Point","coordinates":[77.406,28.662]}},{"type":"Feature","properties":{"name":"Agra","scalerank":4,"adm0cap":0},"geometry":{"type":"Point","coordinates":[78.013,27.172]}},{"type":"Feature","properties":{"name":"Aligarh","scalerank":4,"adm0cap":0},"geometry":{"type":"Point","coordinates":[78.06,27.894]}},{"type":"Feature","properties":{"name":"Meerut","scalerank":4,"adm0cap":0},"geometry":{"type":"Point","coordinates":[77.698,29.002]}},{"type":"Feature","properties":{"name":"Dhanbad","scalerank":4,"adm0cap":0},"geometry":{"type":"Point","coordinates":[86.418,23.802]}},{"type":"Feature","properties":{"name":"Gwalior","scalerank":4,"adm0cap":0},"geometry":{"type":"Point","coordinates":[78.169,26.2]}},{"type":"Feature","properties":{"name":"Vadodara","scalerank":4,"adm0cap":0},"geometry":{"type":"Point","coordinates":[73.178,22.312]}},{"type":"Feature","properties":{"name":"Rajkot","scalerank":4,"adm0cap":0},"geometry":{"type":"Point","coordinates":[70.798,22.312]}},{"type":"Feature","properties":{"name":"Durazno","scalerank":4,"adm0cap":0},"geometry":{"type":"Point","coordinates":[-56.51,-33.41]}},{"type":"Feature","properties":{"name":"International Falls","scalerank":4,"adm0cap":0},"geometry":{"type":"Point","coordinates":[-93.411,48.601]}},{"type":"Feature","properties":{"name":"St.  Paul","scalerank":4,"adm0cap":0},"geometry":{"type":"Point","coordinates":[-93.085,44.944]}},{"type":"Feature","properties":{"name":"Billings","scalerank":4,"adm0cap":0},"geometry":{"type":"Point","coordinates":[-108.54,45.788]}},{"type":"Feature","properties":{"name":"Great Falls","scalerank":4,"adm0cap":0},"geometry":{"type":"Point","coordinates":[-111.3,47.5]}},{"type":"Feature","properties":{"name":"Missoula","scalerank":4,"adm0cap":0},"geometry":{"type":"Point","coordinates":[-113.993,46.872]}},{"type":"Feature","properties":{"name":"Minot","scalerank":4,"adm0cap":0},"geometry":{"type":"Point","coordinates":[-101.296,48.232]}},{"type":"Feature","properties":{"name":"Fargo","scalerank":4,"adm0cap":0},"geometry":{"type":"Point","coordinates":[-96.789,46.877]}},{"type":"Feature","properties":{"name":"Hilo","scalerank":4,"adm0cap":0},"geometry":{"type":"Point","coordinates":[-155.082,19.706]}},{"type":"Feature","properties":{"name":"Olympia","scalerank":4,"adm0cap":0},"geometry":{"type":"Point","coordinates":[-122.899,47.038]}},{"type":"Feature","properties":{"name":"Spokane","scalerank":4,"adm0cap":0},"geometry":{"type":"Point","coordinates":[-117.42,47.67]}},{"type":"Feature","properties":{"name":"Vancouver","scalerank":4,"adm0cap":0},"geometry":{"type":"Point","coordinates":[-122.64,45.63]}},{"type":"Feature","properties":{"name":"Flagstaff","scalerank":4,"adm0cap":0},"geometry":{"type":"Point","coordinates":[-111.651,35.198]}},{"type":"Feature","properties":{"name":"Tucson","scalerank":4,"adm0cap":0},"geometry":{"type":"Point","coordinates":[-110.892,32.207]}},{"type":"Feature","properties":{"name":"Santa Barbara","scalerank":4,"adm0cap":0},"geometry":{"type":"Point","coordinates":[-119.717,34.411]}},{"type":"Feature","properties":{"name":"Fresno","scalerank":4,"adm0cap":0},"geometry":{"type":"Point","coordinates":[-119.773,36.748]}},{"type":"Feature","properties":{"name":"Eureka","scalerank":4,"adm0cap":0},"geometry":{"type":"Point","coordinates":[-124.15,40.793]}},{"type":"Feature","properties":{"name":"Colorado Springs","scalerank":4,"adm0cap":0},"geometry":{"type":"Point","coordinates":[-104.792,38.863]}},{"type":"Feature","properties":{"name":"Reno","scalerank":4,"adm0cap":0},"geometry":{"type":"Point","coordinates":[-119.82,39.53]}},{"type":"Feature","properties":{"name":"Elko","scalerank":4,"adm0cap":0},"geometry":{"type":"Point","coordinates":[-115.762,40.833]}},{"type":"Feature","properties":{"name":"Albuquerque","scalerank":4,"adm0cap":0},"geometry":{"type":"Point","coordinates":[-106.641,35.105]}},{"type":"Feature","properties":{"name":"Salem","scalerank":4,"adm0cap":0},"geometry":{"type":"Point","coordinates":[-123.024,44.928]}},{"type":"Feature","properties":{"name":"Casper","scalerank":4,"adm0cap":0},"geometry":{"type":"Point","coordinates":[-106.323,42.847]}},{"type":"Feature","properties":{"name":"Topeka","scalerank":4,"adm0cap":0},"geometry":{"type":"Point","coordinates":[-95.67,39.05]}},{"type":"Feature","properties":{"name":"Kansas City","scalerank":4,"adm0cap":0},"geometry":{"type":"Point","coordinates":[-94.606,39.109]}},{"type":"Feature","properties":{"name":"Tulsa","scalerank":4,"adm0cap":0},"geometry":{"type":"Point","coordinates":[-95.93,36.12]}},{"type":"Feature","properties":{"name":"Sioux Falls","scalerank":4,"adm0cap":0},"geometry":{"type":"Point","coordinates":[-96.73,43.55]}},{"type":"Feature","properties":{"name":"Shreveport","scalerank":4,"adm0cap":0},"geometry":{"type":"Point","coordinates":[-93.77,32.5]}},{"type":"Feature","properties":{"name":"Baton Rouge","scalerank":4,"adm0cap":0},"geometry":{"type":"Point","coordinates":[-91.14,30.458]}},{"type":"Feature","properties":{"name":"Ft.  Worth","scalerank":4,"adm0cap":0},"geometry":{"type":"Point","coordinates":[-97.34,32.74]}},{"type":"Feature","properties":{"name":"Corpus Christi","scalerank":4,"adm0cap":0},"geometry":{"type":"Point","coordinates":[-97.402,27.743]}},{"type":"Feature","properties":{"name":"Austin","scalerank":4,"adm0cap":0},"geometry":{"type":"Point","coordinates":[-97.745,30.269]}},{"type":"Feature","properties":{"name":"Amarillo","scalerank":4,"adm0cap":0},"geometry":{"type":"Point","coordinates":[-101.83,35.23]}},{"type":"Feature","properties":{"name":"El Paso","scalerank":4,"adm0cap":0},"geometry":{"type":"Point","coordinates":[-106.512,31.782]}},{"type":"Feature","properties":{"name":"Laredo","scalerank":4,"adm0cap":0},"geometry":{"type":"Point","coordinates":[-99.507,27.506]}},{"type":"Feature","properties":{"name":"Mérida","scalerank":4,"adm0cap":0},"geometry":{"type":"Point","coordinates":[-71.183,8.57]}},{"type":"Feature","properties":{"name":"Burlington","scalerank":4,"adm0cap":0},"geometry":{"type":"Point","coordinates":[-73.212,44.476]}},{"type":"Feature","properties":{"name":"Montgomery","scalerank":4,"adm0cap":0},"geometry":{"type":"Point","coordinates":[-86.279,32.362]}},{"type":"Feature","properties":{"name":"Tallahassee","scalerank":4,"adm0cap":0},"geometry":{"type":"Point","coordinates":[-84.28,30.45]}},{"type":"Feature","properties":{"name":"Orlando","scalerank":4,"adm0cap":0},"geometry":{"type":"Point","coordinates":[-81.382,28.512]}},{"type":"Feature","properties":{"name":"Jacksonville","scalerank":4,"adm0cap":0},"geometry":{"type":"Point","coordinates":[-81.672,30.332]}},{"type":"Feature","properties":{"name":"Savannah","scalerank":4,"adm0cap":0},"geometry":{"type":"Point","coordinates":[-81.11,32.021]}},{"type":"Feature","properties":{"name":"Columbia","scalerank":4,"adm0cap":0},"geometry":{"type":"Point","coordinates":[-81.031,33.997]}},{"type":"Feature","properties":{"name":"Indianapolis","scalerank":4,"adm0cap":0},"geometry":{"type":"Point","coordinates":[-86.172,39.752]}},{"type":"Feature","properties":{"name":"Wilmington","scalerank":4,"adm0cap":0},"geometry":{"type":"Point","coordinates":[-77.945,34.226]}},{"type":"Feature","properties":{"name":"Knoxville","scalerank":4,"adm0cap":0},"geometry":{"type":"Point","coordinates":[-83.92,35.97]}},{"type":"Feature","properties":{"name":"Richmond","scalerank":4,"adm0cap":0},"geometry":{"type":"Point","coordinates":[-77.452,37.552]}},{"type":"Feature","properties":{"name":"Charleston","scalerank":4,"adm0cap":0},"geometry":{"type":"Point","coordinates":[-81.633,38.35]}},{"type":"Feature","properties":{"name":"Baltimore","scalerank":4,"adm0cap":0},"geometry":{"type":"Point","coordinates":[-76.615,39.282]}},{"type":"Feature","properties":{"name":"Syracuse","scalerank":4,"adm0cap":0},"geometry":{"type":"Point","coordinates":[-76.15,43.05]}},{"type":"Feature","properties":{"name":"Puerto Ayacucho","scalerank":4,"adm0cap":0},"geometry":{"type":"Point","coordinates":[-67.624,5.664]}},{"type":"Feature","properties":{"name":"Port-of-Spain","scalerank":4,"adm0cap":1},"geometry":{"type":"Point","coordinates":[-61.517,10.652]}},{"type":"Feature","properties":{"name":"Augusta","scalerank":4,"adm0cap":0},"geometry":{"type":"Point","coordinates":[-69.78,44.311]}},{"type":"Feature","properties":{"name":"Sault Ste. Marie","scalerank":4,"adm0cap":0},"geometry":{"type":"Point","coordinates":[-84.345,46.495]}},{"type":"Feature","properties":{"name":"Atakpamé","scalerank":4,"adm0cap":0},"geometry":{"type":"Point","coordinates":[1.12,7.53]}},{"type":"Feature","properties":{"name":"Sousse","scalerank":4,"adm0cap":0},"geometry":{"type":"Point","coordinates":[10.625,35.83]}},{"type":"Feature","properties":{"name":"Taizz","scalerank":4,"adm0cap":0},"geometry":{"type":"Point","coordinates":[44.037,13.606]}},{"type":"Feature","properties":{"name":"Sitka","scalerank":4,"adm0cap":0},"geometry":{"type":"Point","coordinates":[-135.328,57.06]}},{"type":"Feature","properties":{"name":"Lviv","scalerank":4,"adm0cap":0},"geometry":{"type":"Point","coordinates":[24.03,49.835]}},{"type":"Feature","properties":{"name":"Odessa","scalerank":4,"adm0cap":0},"geometry":{"type":"Point","coordinates":[30.708,46.492]}},{"type":"Feature","properties":{"name":"Zhytomyr","scalerank":4,"adm0cap":0},"geometry":{"type":"Point","coordinates":[28.662,50.246]}},{"type":"Feature","properties":{"name":"Dnipro","scalerank":4,"adm0cap":0},"geometry":{"type":"Point","coordinates":[34.998,48.482]}},{"type":"Feature","properties":{"name":"Donetsk","scalerank":4,"adm0cap":0},"geometry":{"type":"Point","coordinates":[37.828,48.002]}},{"type":"Feature","properties":{"name":"Kharkiv","scalerank":4,"adm0cap":0},"geometry":{"type":"Point","coordinates":[36.248,50.002]}},{"type":"Feature","properties":{"name":"Türkmenbaşy","scalerank":4,"adm0cap":0},"geometry":{"type":"Point","coordinates":[52.97,40.023]}},{"type":"Feature","properties":{"name":"Bukhara","scalerank":4,"adm0cap":0},"geometry":{"type":"Point","coordinates":[64.43,39.78]}},{"type":"Feature","properties":{"name":"Nukus","scalerank":4,"adm0cap":0},"geometry":{"type":"Point","coordinates":[59.615,42.47]}},{"type":"Feature","properties":{"name":"Türkmenabat","scalerank":4,"adm0cap":0},"geometry":{"type":"Point","coordinates":[63.58,39.11]}},{"type":"Feature","properties":{"name":"Mary","scalerank":4,"adm0cap":0},"geometry":{"type":"Point","coordinates":[61.833,37.6]}},{"type":"Feature","properties":{"name":"Andijan","scalerank":4,"adm0cap":0},"geometry":{"type":"Point","coordinates":[72.34,40.79]}},{"type":"Feature","properties":{"name":"Haiphong","scalerank":4,"adm0cap":0},"geometry":{"type":"Point","coordinates":[106.678,20.832]}},{"type":"Feature","properties":{"name":"Da Nang","scalerank":4,"adm0cap":0},"geometry":{"type":"Point","coordinates":[108.25,16.06]}},{"type":"Feature","properties":{"name":"Kabwe","scalerank":4,"adm0cap":0},"geometry":{"type":"Point","coordinates":[28.45,-14.44]}},{"type":"Feature","properties":{"name":"Mufulira","scalerank":4,"adm0cap":0},"geometry":{"type":"Point","coordinates":[28.26,-12.55]}},{"type":"Feature","properties":{"name":"Kitwe","scalerank":4,"adm0cap":0},"geometry":{"type":"Point","coordinates":[28.22,-12.81]}},{"type":"Feature","properties":{"name":"Livingstone","scalerank":4,"adm0cap":0},"geometry":{"type":"Point","coordinates":[25.86,-17.86]}},{"type":"Feature","properties":{"name":"Chitungwiza","scalerank":4,"adm0cap":0},"geometry":{"type":"Point","coordinates":[31.1,-18.0]}},{"type":"Feature","properties":{"name":"Douala","scalerank":4,"adm0cap":0},"geometry":{"type":"Point","coordinates":[9.708,4.062]}},{"type":"Feature","properties":{"name":"Birmingham","scalerank":4,"adm0cap":0},"geometry":{"type":"Point","coordinates":[-1.922,52.477]}},{"type":"Feature","properties":{"name":"Belfast","scalerank":4,"adm0cap":0},"geometry":{"type":"Point","coordinates":[-5.928,54.594]}},{"type":"Feature","properties":{"name":"İzmir","scalerank":4,"adm0cap":0},"geometry":{"type":"Point","coordinates":[27.15,38.438]}},{"type":"Feature","properties":{"name":"Bursa","scalerank":4,"adm0cap":0},"geometry":{"type":"Point","coordinates":[29.068,40.202]}},{"type":"Feature","properties":{"name":"Samsun","scalerank":4,"adm0cap":0},"geometry":{"type":"Point","coordinates":[36.344,41.28]}},{"type":"Feature","properties":{"name":"Konya","scalerank":4,"adm0cap":0},"geometry":{"type":"Point","coordinates":[32.473,37.877]}},{"type":"Feature","properties":{"name":"Adana","scalerank":4,"adm0cap":0},"geometry":{"type":"Point","coordinates":[35.318,36.997]}},{"type":"Feature","properties":{"name":"Gulu","scalerank":4,"adm0cap":0},"geometry":{"type":"Point","coordinates":[32.28,2.78]}},{"type":"Feature","properties":{"name":"Kigali","scalerank":4,"adm0cap":1},"geometry":{"type":"Point","coordinates":[30.059,-1.952]}},{"type":"Feature","properties":{"name":"Cottica","scalerank":4,"adm0cap":0},"geometry":{"type":"Point","coordinates":[-54.233,3.85]}},{"type":"Feature","properties":{"name":"Córdoba","scalerank":4,"adm0cap":0},"geometry":{"type":"Point","coordinates":[-4.77,37.88]}},{"type":"Feature","properties":{"name":"Niamey","scalerank":4,"adm0cap":0},"geometry":{"type":"Point","coordinates":[7.096,13.492]}},{"type":"Feature","properties":{"name":"Tahoua","scalerank":4,"adm0cap":0},"geometry":{"type":"Point","coordinates":[5.26,14.9]}},{"type":"Feature","properties":{"name":"Constanța","scalerank":4,"adm0cap":0},"geometry":{"type":"Point","coordinates":[28.61,44.203]}},{"type":"Feature","properties":{"name":"Luleå","scalerank":4,"adm0cap":0},"geometry":{"type":"Point","coordinates":[22.158,65.597]}},{"type":"Feature","properties":{"name":"Sundsvall","scalerank":4,"adm0cap":0},"geometry":{"type":"Point","coordinates":[17.317,62.4]}},{"type":"Feature","properties":{"name":"Iași","scalerank":4,"adm0cap":0},"geometry":{"type":"Point","coordinates":[27.575,47.168]}},{"type":"Feature","properties":{"name":"Surat Thani","scalerank":4,"adm0cap":0},"geometry":{"type":"Point","coordinates":[99.34,9.15]}},{"type":"Feature","properties":{"name":"Chiang Mai","scalerank":4,"adm0cap":0},"geometry":{"type":"Point","coordinates":[98.98,18.8]}},{"type":"Feature","properties":{"name":"Nakhon Ratchasima","scalerank":4,"adm0cap":0},"geometry":{"type":"Point","coordinates":[102.1,15.0]}},{"type":"Feature","properties":{"name":"Mbabane","scalerank":4,"adm0cap":1},"geometry":{"type":"Point","coordinates":[31.133,-26.317]}},{"type":"Feature","properties":{"name":"Piura","scalerank":4,"adm0cap":0},"geometry":{"type":"Point","coordinates":[-80.63,-5.21]}},{"type":"Feature","properties":{"name":"Arequipa","scalerank":4,"adm0cap":0},"geometry":{"type":"Point","coordinates":[-71.532,-16.418]}},{"type":"Feature","properties":{"name":"Chimbote","scalerank":4,"adm0cap":0},"geometry":{"type":"Point","coordinates":[-78.57,-9.07]}},{"type":"Feature","properties":{"name":"Pucallpa","scalerank":4,"adm0cap":0},"geometry":{"type":"Point","coordinates":[-74.535,-8.369]}},{"type":"Feature","properties":{"name":"Iquitos","scalerank":4,"adm0cap":0},"geometry":{"type":"Point","coordinates":[-73.25,-3.75]}},{"type":"Feature","properties":{"name":"Huancayo","scalerank":4,"adm0cap":0},"geometry":{"type":"Point","coordinates":[-75.2,-12.08]}},{"type":"Feature","properties":{"name":"Ciudad del Este","scalerank":4,"adm0cap":0},"geometry":{"type":"Point","coordinates":[-54.616,-25.517]}},{"type":"Feature","properties":{"name":"Ponta Delgada","scalerank":4,"adm0cap":0},"geometry":{"type":"Point","coordinates":[-25.667,37.748]}},{"type":"Feature","properties":{"name":"Vigo","scalerank":4,"adm0cap":0},"geometry":{"type":"Point","coordinates":[-8.73,42.22]}},{"type":"Feature","properties":{"name":"Bilbao","scalerank":4,"adm0cap":0},"geometry":{"type":"Point","coordinates":[-2.93,43.25]}},{"type":"Feature","properties":{"name":"Kaolack","scalerank":4,"adm0cap":0},"geometry":{"type":"Point","coordinates":[-16.1,14.15]}},{"type":"Feature","properties":{"name":"Kaédi","scalerank":4,"adm0cap":0},"geometry":{"type":"Point","coordinates":[-13.5,16.15]}},{"type":"Feature","properties":{"name":"Geneina","scalerank":4,"adm0cap":0},"geometry":{"type":"Point","coordinates":[22.44,13.45]}},{"type":"Feature","properties":{"name":"Medina","scalerank":4,"adm0cap":0},"geometry":{"type":"Point","coordinates":[39.578,24.502]}},{"type":"Feature","properties":{"name":"Tabuk","scalerank":4,"adm0cap":0},"geometry":{"type":"Point","coordinates":[36.555,28.384]}},{"type":"Feature","properties":{"name":"Juba","scalerank":4,"adm0cap":0},"geometry":{"type":"Point","coordinates":[31.58,4.83]}},{"type":"Feature","properties":{"name":"Malakal","scalerank":4,"adm0cap":0},"geometry":{"type":"Point","coordinates":[31.656,9.537]}},{"type":"Feature","properties":{"name":"Omdurman","scalerank":4,"adm0cap":0},"geometry":{"type":"Point","coordinates":[32.48,15.617]}},{"type":"Feature","properties":{"name":"Al-Ubayyid","scalerank":4,"adm0cap":0},"geometry":{"type":"Point","coordinates":[30.217,13.183]}},{"type":"Feature","properties":{"name":"The Hague","scalerank":4,"adm0cap":0},"geometry":{"type":"Point","coordinates":[4.27,52.08]}},{"type":"Feature","properties":{"name":"Kristiansand","scalerank":4,"adm0cap":0},"geometry":{"type":"Point","coordinates":[7.975,58.146]}},{"type":"Feature","properties":{"name":"Ljubljana","scalerank":4,"adm0cap":1},"geometry":{"type":"Point","coordinates":[14.515,46.055]}},{"type":"Feature","properties":{"name":"Bratislava","scalerank":4,"adm0cap":1},"geometry":{"type":"Point","coordinates":[17.117,48.15]}},{"type":"Feature","properties":{"name":"Hammerfest","scalerank":4,"adm0cap":0},"geometry":{"type":"Point","coordinates":[23.688,70.661]}},{"type":"Feature","properties":{"name":"Doha","scalerank":4,"adm0cap":1},"geometry":{"type":"Point","coordinates":[51.533,25.287]}},{"type":"Feature","properties":{"name":"Quetta","scalerank":4,"adm0cap":0},"geometry":{"type":"Point","coordinates":[67.023,30.222]}},{"type":"Feature","properties":{"name":"Larkana","scalerank":4,"adm0cap":0},"geometry":{"type":"Point","coordinates":[68.207,27.562]}},{"type":"Feature","properties":{"name":"Springbok","scalerank":4,"adm0cap":0},"geometry":{"type":"Point","coordinates":[17.883,-29.667]}},{"type":"Feature","properties":{"name":"Upington","scalerank":4,"adm0cap":0},"geometry":{"type":"Point","coordinates":[21.23,-28.46]}},{"type":"Feature","properties":{"name":"Worcester","scalerank":4,"adm0cap":0},"geometry":{"type":"Point","coordinates":[19.44,-33.64]}},{"type":"Feature","properties":{"name":"George","scalerank":4,"adm0cap":0},"geometry":{"type":"Point","coordinates":[22.45,-33.95]}},{"type":"Feature","properties":{"name":"Tete","scalerank":4,"adm0cap":0},"geometry":{"type":"Point","coordinates":[33.58,-16.17]}},{"type":"Feature","properties":{"name":"Pemba","scalerank":4,"adm0cap":0},"geometry":{"type":"Point","coordinates":[40.532,-12.983]}},{"type":"Feature","properties":{"name":"Nampula","scalerank":4,"adm0cap":0},"geometry":{"type":"Point","coordinates":[39.293,-15.136]}},{"type":"Feature","properties":{"name":"Welkom","scalerank":4,"adm0cap":0},"geometry":{"type":"Point","coordinates":[26.73,-27.97]}},{"type":"Feature","properties":{"name":"Xai-Xai","scalerank":4,"adm0cap":0},"geometry":{"type":"Point","coordinates":[33.64,-25.04]}},{"type":"Feature","properties":{"name":"Goroka","scalerank":4,"adm0cap":0},"geometry":{"type":"Point","coordinates":[145.385,-6.083]}},{"type":"Feature","properties":{"name":"Mt.  Hagen","scalerank":4,"adm0cap":0},"geometry":{"type":"Point","coordinates":[144.217,-5.863]}},{"type":"Feature","properties":{"name":"Rabaul","scalerank":4,"adm0cap":0},"geometry":{"type":"Point","coordinates":[152.143,-4.205]}},{"type":"Feature","properties":{"name":"Lae","scalerank":4,"adm0cap":0},"geometry":{"type":"Point","coordinates":[146.99,-6.733]}},{"type":"Feature","properties":{"name":"David","scalerank":4,"adm0cap":0},"geometry":{"type":"Point","coordinates":[-82.433,8.433]}},{"type":"Feature","properties":{"name":"Oujda","scalerank":4,"adm0cap":0},"geometry":{"type":"Point","coordinates":[-1.91,34.69]}},{"type":"Feature","properties":{"name":"Safi","scalerank":4,"adm0cap":0},"geometry":{"type":"Point","coordinates":[-9.24,32.32]}},{"type":"Feature","properties":{"name":"Podgorica","scalerank":4,"adm0cap":1},"geometry":{"type":"Point","coordinates":[19.266,42.466]}},{"type":"Feature","properties":{"name":"Quelimane","scalerank":4,"adm0cap":0},"geometry":{"type":"Point","coordinates":[36.89,-17.88]}},{"type":"Feature","properties":{"name":"East London","scalerank":4,"adm0cap":0},"geometry":{"type":"Point","coordinates":[27.87,-32.97]}},{"type":"Feature","properties":{"name":"Middelburg","scalerank":4,"adm0cap":0},"geometry":{"type":"Point","coordinates":[25.01,-31.5]}},{"type":"Feature","properties":{"name":"Nalchik","scalerank":4,"adm0cap":0},"geometry":{"type":"Point","coordinates":[43.618,43.498]}},{"type":"Feature","properties":{"name":"Stavropol","scalerank":4,"adm0cap":0},"geometry":{"type":"Point","coordinates":[41.98,45.05]}},{"type":"Feature","properties":{"name":"Ugolnye Kopi","scalerank":4,"adm0cap":0},"geometry":{"type":"Point","coordinates":[177.7,64.733]}},{"type":"Feature","properties":{"name":"Kaliningrad","scalerank":4,"adm0cap":0},"geometry":{"type":"Point","coordinates":[20.497,54.7]}},{"type":"Feature","properties":{"name":"Pskov","scalerank":4,"adm0cap":0},"geometry":{"type":"Point","coordinates":[28.33,57.83]}},{"type":"Feature","properties":{"name":"Bryansk","scalerank":4,"adm0cap":0},"geometry":{"type":"Point","coordinates":[34.43,53.26]}},{"type":"Feature","properties":{"name":"Smolensk","scalerank":4,"adm0cap":0},"geometry":{"type":"Point","coordinates":[32.047,54.783]}},{"type":"Feature","properties":{"name":"Petrozavodsk","scalerank":4,"adm0cap":0},"geometry":{"type":"Point","coordinates":[34.361,61.781]}},{"type":"Feature","properties":{"name":"Tver","scalerank":4,"adm0cap":0},"geometry":{"type":"Point","coordinates":[35.89,56.86]}},{"type":"Feature","properties":{"name":"Vologda","scalerank":4,"adm0cap":0},"geometry":{"type":"Point","coordinates":[39.92,59.21]}},{"type":"Feature","properties":{"name":"Yaroslavl","scalerank":4,"adm0cap":0},"geometry":{"type":"Point","coordinates":[39.87,57.62]}},{"type":"Feature","properties":{"name":"Rostov","scalerank":4,"adm0cap":0},"geometry":{"type":"Point","coordinates":[39.711,47.237]}},{"type":"Feature","properties":{"name":"Sochi","scalerank":4,"adm0cap":0},"geometry":{"type":"Point","coordinates":[39.73,43.59]}},{"type":"Feature","properties":{"name":"Krasnodar","scalerank":4,"adm0cap":0},"geometry":{"type":"Point","coordinates":[39.0,45.02]}},{"type":"Feature","properties":{"name":"Penza","scalerank":4,"adm0cap":0},"geometry":{"type":"Point","coordinates":[45.0,53.18]}},{"type":"Feature","properties":{"name":"Ryazan","scalerank":4,"adm0cap":0},"geometry":{"type":"Point","coordinates":[39.72,54.62]}},{"type":"Feature","properties":{"name":"Voronezh","scalerank":4,"adm0cap":0},"geometry":{"type":"Point","coordinates":[39.187,51.665]}},{"type":"Feature","properties":{"name":"Magnitogorsk","scalerank":4,"adm0cap":0},"geometry":{"type":"Point","coordinates":[58.98,53.423]}},{"type":"Feature","properties":{"name":"Chelyabinsk","scalerank":4,"adm0cap":0},"geometry":{"type":"Point","coordinates":[61.437,55.157]}},{"type":"Feature","properties":{"name":"Vorkuta","scalerank":4,"adm0cap":0},"geometry":{"type":"Point","coordinates":[64.01,67.5]}},{"type":"Feature","properties":{"name":"Kirov","scalerank":4,"adm0cap":0},"geometry":{"type":"Point","coordinates":[49.67,58.59]}},{"type":"Feature","properties":{"name":"Nizhny Tagil","scalerank":4,"adm0cap":0},"geometry":{"type":"Point","coordinates":[59.975,57.92]}},{"type":"Feature","properties":{"name":"Astrakhan","scalerank":4,"adm0cap":0},"geometry":{"type":"Point","coordinates":[48.055,46.349]}},{"type":"Feature","properties":{"name":"Orenburg","scalerank":4,"adm0cap":0},"geometry":{"type":"Point","coordinates":[55.11,51.78]}},{"type":"Feature","properties":{"name":"Saratov","scalerank":4,"adm0cap":0},"geometry":{"type":"Point","coordinates":[46.028,51.582]}},{"type":"Feature","properties":{"name":"Ulyanovsk","scalerank":4,"adm0cap":0},"geometry":{"type":"Point","coordinates":[48.41,54.33]}},{"type":"Feature","properties":{"name":"Omsk","scalerank":4,"adm0cap":0},"geometry":{"type":"Point","coordinates":[73.398,54.992]}},{"type":"Feature","properties":{"name":"Tyumen","scalerank":4,"adm0cap":0},"geometry":{"type":"Point","coordinates":[65.53,57.14]}},{"type":"Feature","properties":{"name":"Novokuznetsk","scalerank":4,"adm0cap":0},"geometry":{"type":"Point","coordinates":[87.115,53.75]}},{"type":"Feature","properties":{"name":"Kemerovo","scalerank":4,"adm0cap":0},"geometry":{"type":"Point","coordinates":[86.09,55.34]}},{"type":"Feature","properties":{"name":"Grozny","scalerank":4,"adm0cap":0},"geometry":{"type":"Point","coordinates":[45.699,43.319]}},{"type":"Feature","properties":{"name":"Kandy","scalerank":4,"adm0cap":0},"geometry":{"type":"Point","coordinates":[80.67,7.28]}},{"type":"Feature","properties":{"name":"Sri Jayawardenepura Kotte","scalerank":4,"adm0cap":0},"geometry":{"type":"Point","coordinates":[79.95,6.9]}},{"type":"Feature","properties":{"name":"Daejeon","scalerank":4,"adm0cap":0},"geometry":{"type":"Point","coordinates":[127.423,36.337]}},{"type":"Feature","properties":{"name":"Gwangju","scalerank":4,"adm0cap":0},"geometry":{"type":"Point","coordinates":[126.908,35.173]}},{"type":"Feature","properties":{"name":"Busan","scalerank":4,"adm0cap":0},"geometry":{"type":"Point","coordinates":[129.008,35.097]}},{"type":"Feature","properties":{"name":"Zamboanga","scalerank":4,"adm0cap":0},"geometry":{"type":"Point","coordinates":[122.078,6.922]}},{"type":"Feature","properties":{"name":"Laoag","scalerank":4,"adm0cap":0},"geometry":{"type":"Point","coordinates":[120.594,18.199]}},{"type":"Feature","properties":{"name":"Baguio","scalerank":4,"adm0cap":0},"geometry":{"type":"Point","coordinates":[120.57,16.43]}},{"type":"Feature","properties":{"name":"General Santos","scalerank":4,"adm0cap":0},"geometry":{"type":"Point","coordinates":[125.175,6.111]}},{"type":"Feature","properties":{"name":"Ust-Ilimsk","scalerank":4,"adm0cap":0},"geometry":{"type":"Point","coordinates":[102.633,57.99]}},{"type":"Feature","properties":{"name":"Angarsk","scalerank":4,"adm0cap":0},"geometry":{"type":"Point","coordinates":[103.92,52.56]}},{"type":"Feature","properties":{"name":"Abakan","scalerank":4,"adm0cap":0},"geometry":{"type":"Point","coordinates":[91.445,53.704]}},{"type":"Feature","properties":{"name":"Norilsk","scalerank":4,"adm0cap":0},"geometry":{"type":"Point","coordinates":[88.225,69.34]}},{"type":"Feature","properties":{"name":"Khatanga","scalerank":4,"adm0cap":0},"geometry":{"type":"Point","coordinates":[102.465,72.041]}},{"type":"Feature","properties":{"name":"Kyzyl","scalerank":4,"adm0cap":0},"geometry":{"type":"Point","coordinates":[94.383,51.707]}},{"type":"Feature","properties":{"name":"Ulan-Ude","scalerank":4,"adm0cap":0},"geometry":{"type":"Point","coordinates":[107.625,51.825]}},{"type":"Feature","properties":{"name":"Blagoveshchensk","scalerank":4,"adm0cap":0},"geometry":{"type":"Point","coordinates":[127.533,50.267]}},{"type":"Feature","properties":{"name":"Bukachacha","scalerank":4,"adm0cap":0},"geometry":{"type":"Point","coordinates":[116.917,52.983]}},{"type":"Feature","properties":{"name":"Dalnegorsk","scalerank":4,"adm0cap":0},"geometry":{"type":"Point","coordinates":[135.517,44.537]}},{"type":"Feature","properties":{"name":"Ambarchik","scalerank":4,"adm0cap":0},"geometry":{"type":"Point","coordinates":[162.334,69.651]}},{"type":"Feature","properties":{"name":"Batagay","scalerank":4,"adm0cap":0},"geometry":{"type":"Point","coordinates":[134.635,67.656]}},{"type":"Feature","properties":{"name":"Chokurdakh","scalerank":4,"adm0cap":0},"geometry":{"type":"Point","coordinates":[147.895,70.618]}},{"type":"Feature","properties":{"name":"Ust-Nera","scalerank":4,"adm0cap":0},"geometry":{"type":"Point","coordinates":[143.2,64.567]}},{"type":"Feature","properties":{"name":"Lensk","scalerank":4,"adm0cap":0},"geometry":{"type":"Point","coordinates":[114.947,60.725]}},{"type":"Feature","properties":{"name":"Aldan","scalerank":4,"adm0cap":0},"geometry":{"type":"Point","coordinates":[125.389,58.603]}},{"type":"Feature","properties":{"name":"Mirny","scalerank":4,"adm0cap":0},"geometry":{"type":"Point","coordinates":[113.961,62.54]}},{"type":"Feature","properties":{"name":"Zhigansk","scalerank":4,"adm0cap":0},"geometry":{"type":"Point","coordinates":[123.371,66.77]}},{"type":"Feature","properties":{"name":"Okhotsk","scalerank":4,"adm0cap":0},"geometry":{"type":"Point","coordinates":[143.217,59.383]}},{"type":"Feature","properties":{"name":"Khabarovsk","scalerank":4,"adm0cap":0},"geometry":{"type":"Point","coordinates":[135.12,48.455]}},{"type":"Feature","properties":{"name":"Okha","scalerank":4,"adm0cap":0},"geometry":{"type":"Point","coordinates":[142.948,53.574]}},{"type":"Feature","properties":{"name":"Yuzhno Sakhalinsk","scalerank":4,"adm0cap":0},"geometry":{"type":"Point","coordinates":[142.74,46.965]}},{"type":"Feature","properties":{"name":"Mexicali","scalerank":4,"adm0cap":0},"geometry":{"type":"Point","coordinates":[-115.482,32.652]}},{"type":"Feature","properties":{"name":"La Paz","scalerank":4,"adm0cap":0},"geometry":{"type":"Point","coordinates":[-110.32,24.14]}},{"type":"Feature","properties":{"name":"Torreón","scalerank":4,"adm0cap":0},"geometry":{"type":"Point","coordinates":[-103.422,25.572]}},{"type":"Feature","properties":{"name":"Culiacán","scalerank":4,"adm0cap":0},"geometry":{"type":"Point","coordinates":[-107.382,24.832]}},{"type":"Feature","properties":{"name":"Nogales","scalerank":4,"adm0cap":0},"geometry":{"type":"Point","coordinates":[-110.945,31.305]}},{"type":"Feature","properties":{"name":"Hermosillo","scalerank":4,"adm0cap":0},"geometry":{"type":"Point","coordinates":[-110.954,29.099]}},{"type":"Feature","properties":{"name":"Guaymas","scalerank":4,"adm0cap":0},"geometry":{"type":"Point","coordinates":[-110.89,27.93]}},{"type":"Feature","properties":{"name":"San Luis Potosí","scalerank":4,"adm0cap":0},"geometry":{"type":"Point","coordinates":[-101.002,22.172]}},{"type":"Feature","properties":{"name":"Matamoros","scalerank":4,"adm0cap":0},"geometry":{"type":"Point","coordinates":[-97.5,25.88]}},{"type":"Feature","properties":{"name":"Nuevo Laredo","scalerank":4,"adm0cap":0},"geometry":{"type":"Point","coordinates":[-99.55,27.5]}},{"type":"Feature","properties":{"name":"Colima","scalerank":4,"adm0cap":0},"geometry":{"type":"Point","coordinates":[-103.72,19.23]}},{"type":"Feature","properties":{"name":"Campeche","scalerank":4,"adm0cap":0},"geometry":{"type":"Point","coordinates":[-90.5,19.83]}},{"type":"Feature","properties":{"name":"Oaxaca","scalerank":4,"adm0cap":0},"geometry":{"type":"Point","coordinates":[-96.67,17.083]}},{"type":"Feature","properties":{"name":"León","scalerank":4,"adm0cap":0},"geometry":{"type":"Point","coordinates":[-101.702,21.152]}},{"type":"Feature","properties":{"name":"Maiduguri","scalerank":4,"adm0cap":0},"geometry":{"type":"Point","coordinates":[13.158,11.852]}},{"type":"Feature","properties":{"name":"Port Harcourt","scalerank":4,"adm0cap":0},"geometry":{"type":"Point","coordinates":[7.008,4.812]}},{"type":"Feature","properties":{"name":"Makurdi","scalerank":4,"adm0cap":0},"geometry":{"type":"Point","coordinates":[8.53,7.73]}},{"type":"Feature","properties":{"name":"Ibadan","scalerank":4,"adm0cap":0},"geometry":{"type":"Point","coordinates":[3.928,7.382]}},{"type":"Feature","properties":{"name":"Ogbomosho","scalerank":4,"adm0cap":0},"geometry":{"type":"Point","coordinates":[4.238,8.132]}},{"type":"Feature","properties":{"name":"Warri","scalerank":4,"adm0cap":0},"geometry":{"type":"Point","coordinates":[5.76,5.52]}},{"type":"Feature","properties":{"name":"Kaduna","scalerank":4,"adm0cap":0},"geometry":{"type":"Point","coordinates":[7.438,10.522]}},{"type":"Feature","properties":{"name":"Gdańsk","scalerank":4,"adm0cap":0},"geometry":{"type":"Point","coordinates":[18.64,54.36]}},{"type":"Feature","properties":{"name":"Kraków","scalerank":4,"adm0cap":0},"geometry":{"type":"Point","coordinates":[19.958,50.062]}},{"type":"Feature","properties":{"name":"Dalandzadgad","scalerank":4,"adm0cap":0},"geometry":{"type":"Point","coordinates":[104.44,43.584]}},{"type":"Feature","properties":{"name":"Wonsan","scalerank":4,"adm0cap":0},"geometry":{"type":"Point","coordinates":[127.431,39.16]}},{"type":"Feature","properties":{"name":"Sinuiju","scalerank":4,"adm0cap":0},"geometry":{"type":"Point","coordinates":[124.421,40.086]}},{"type":"Feature","properties":{"name":"Dund-Us","scalerank":4,"adm0cap":0},"geometry":{"type":"Point","coordinates":[91.633,48.017]}},{"type":"Feature","properties":{"name":"Choibalsan","scalerank":4,"adm0cap":0},"geometry":{"type":"Point","coordinates":[114.506,48.067]}},{"type":"Feature","properties":{"name":"Lüderitz","scalerank":4,"adm0cap":0},"geometry":{"type":"Point","coordinates":[15.159,-26.648]}},{"type":"Feature","properties":{"name":"Walvis Bay","scalerank":4,"adm0cap":0},"geometry":{"type":"Point","coordinates":[14.505,-22.958]}},{"type":"Feature","properties":{"name":"Mwanza","scalerank":4,"adm0cap":0},"geometry":{"type":"Point","coordinates":[32.93,-2.52]}},{"type":"Feature","properties":{"name":"Morogoro","scalerank":4,"adm0cap":0},"geometry":{"type":"Point","coordinates":[37.66,-6.82]}},{"type":"Feature","properties":{"name":"Dodoma","scalerank":4,"adm0cap":0},"geometry":{"type":"Point","coordinates":[35.75,-6.183]}},{"type":"Feature","properties":{"name":"Arusha","scalerank":4,"adm0cap":0},"geometry":{"type":"Point","coordinates":[36.67,-3.36]}},{"type":"Feature","properties":{"name":"Bern","scalerank":4,"adm0cap":1},"geometry":{"type":"Point","coordinates":[7.467,46.917]}},{"type":"Feature","properties":{"name":"Malmö","scalerank":4,"adm0cap":0},"geometry":{"type":"Point","coordinates":[13.023,55.599]}},{"type":"Feature","properties":{"name":"Laayoune","scalerank":4,"adm0cap":0},"geometry":{"type":"Point","coordinates":[-13.2,27.15]}},{"type":"Feature","properties":{"name":"Ternate","scalerank":4,"adm0cap":0},"geometry":{"type":"Point","coordinates":[127.363,0.793]}},{"type":"Feature","properties":{"name":"Ambon","scalerank":4,"adm0cap":0},"geometry":{"type":"Point","coordinates":[128.2,-3.717]}},{"type":"Feature","properties":{"name":"Raba","scalerank":4,"adm0cap":0},"geometry":{"type":"Point","coordinates":[118.767,-8.45]}},{"type":"Feature","properties":{"name":"Jayapura","scalerank":4,"adm0cap":0},"geometry":{"type":"Point","coordinates":[140.7,-2.533]}},{"type":"Feature","properties":{"name":"Florence","scalerank":4,"adm0cap":0},"geometry":{"type":"Point","coordinates":[11.25,43.78]}},{"type":"Feature","properties":{"name":"Catania","scalerank":4,"adm0cap":0},"geometry":{"type":"Point","coordinates":[15.08,37.5]}},{"type":"Feature","properties":{"name":"Pristina","scalerank":4,"adm0cap":1},"geometry":{"type":"Point","coordinates":[21.166,42.667]}},{"type":"Feature","properties":{"name":"Meru","scalerank":4,"adm0cap":0},"geometry":{"type":"Point","coordinates":[37.64,0.06]}},{"type":"Feature","properties":{"name":"Eldoret","scalerank":4,"adm0cap":0},"geometry":{"type":"Point","coordinates":[35.27,0.52]}},{"type":"Feature","properties":{"name":"Banda Aceh","scalerank":4,"adm0cap":0},"geometry":{"type":"Point","coordinates":[95.32,5.55]}},{"type":"Feature","properties":{"name":"George Town","scalerank":4,"adm0cap":0},"geometry":{"type":"Point","coordinates":[100.329,5.414]}},{"type":"Feature","properties":{"name":"Zhangye","scalerank":4,"adm0cap":0},"geometry":{"type":"Point","coordinates":[100.45,38.93]}},{"type":"Feature","properties":{"name":"Wuwei","scalerank":4,"adm0cap":0},"geometry":{"type":"Point","coordinates":[102.641,37.928]}},{"type":"Feature","properties":{"name":"Dunhuang","scalerank":4,"adm0cap":0},"geometry":{"type":"Point","coordinates":[94.662,40.143]}},{"type":"Feature","properties":{"name":"Tianshui","scalerank":4,"adm0cap":0},"geometry":{"type":"Point","coordinates":[105.918,34.602]}},{"type":"Feature","properties":{"name":"Dulan","scalerank":4,"adm0cap":0},"geometry":{"type":"Point","coordinates":[98.267,36.167]}},{"type":"Feature","properties":{"name":"Golmud","scalerank":4,"adm0cap":0},"geometry":{"type":"Point","coordinates":[94.883,36.417]}},{"type":"Feature","properties":{"name":"Yulin","scalerank":4,"adm0cap":0},"geometry":{"type":"Point","coordinates":[110.148,22.632]}},{"type":"Feature","properties":{"name":"Bose","scalerank":4,"adm0cap":0},"geometry":{"type":"Point","coordinates":[106.613,23.9]}},{"type":"Feature","properties":{"name":"Wuzhou","scalerank":4,"adm0cap":0},"geometry":{"type":"Point","coordinates":[111.32,23.48]}},{"type":"Feature","properties":{"name":"Liupanshui","scalerank":4,"adm0cap":0},"geometry":{"type":"Point","coordinates":[104.831,26.596]}},{"type":"Feature","properties":{"name":"Quanzhou","scalerank":4,"adm0cap":0},"geometry":{"type":"Point","coordinates":[118.578,24.902]}},{"type":"Feature","properties":{"name":"Hefei","scalerank":4,"adm0cap":0},"geometry":{"type":"Point","coordinates":[117.278,31.852]}},{"type":"Feature","properties":{"name":"Suzhou","scalerank":4,"adm0cap":0},"geometry":{"type":"Point","coordinates":[116.977,33.638]}},{"type":"Feature","properties":{"name":"Zhanjiang","scalerank":4,"adm0cap":0},"geometry":{"type":"Point","coordinates":[110.378,21.202]}},{"type":"Feature","properties":{"name":"Shaoguan","scalerank":4,"adm0cap":0},"geometry":{"type":"Point","coordinates":[113.58,24.8]}},{"type":"Feature","properties":{"name":"Balikpapan","scalerank":4,"adm0cap":0},"geometry":{"type":"Point","coordinates":[116.83,-1.25]}},{"type":"Feature","properties":{"name":"Kuching","scalerank":4,"adm0cap":0},"geometry":{"type":"Point","coordinates":[110.33,1.53]}},{"type":"Feature","properties":{"name":"Antsiranana","scalerank":4,"adm0cap":0},"geometry":{"type":"Point","coordinates":[49.312,-12.277]}},{"type":"Feature","properties":{"name":"Fianarantsoa","scalerank":4,"adm0cap":0},"geometry":{"type":"Point","coordinates":[47.083,-21.433]}},{"type":"Feature","properties":{"name":"Mahajanga","scalerank":4,"adm0cap":0},"geometry":{"type":"Point","coordinates":[46.345,-15.67]}},{"type":"Feature","properties":{"name":"Toliara","scalerank":4,"adm0cap":0},"geometry":{"type":"Point","coordinates":[43.69,-23.357]}},{"type":"Feature","properties":{"name":"Surakarta","scalerank":4,"adm0cap":0},"geometry":{"type":"Point","coordinates":[110.825,-7.565]}},{"type":"Feature","properties":{"name":"Bandar Lampung","scalerank":4,"adm0cap":0},"geometry":{"type":"Point","coordinates":[105.268,-5.428]}},{"type":"Feature","properties":{"name":"Tanjung Pandan","scalerank":4,"adm0cap":0},"geometry":{"type":"Point","coordinates":[107.65,-2.75]}},{"type":"Feature","properties":{"name":"Malang","scalerank":4,"adm0cap":0},"geometry":{"type":"Point","coordinates":[112.608,-7.978]}},{"type":"Feature","properties":{"name":"Kupang","scalerank":4,"adm0cap":0},"geometry":{"type":"Point","coordinates":[123.583,-10.179]}},{"type":"Feature","properties":{"name":"Parepare","scalerank":4,"adm0cap":0},"geometry":{"type":"Point","coordinates":[119.633,-4.017]}},{"type":"Feature","properties":{"name":"Cuenca","scalerank":4,"adm0cap":0},"geometry":{"type":"Point","coordinates":[-79.0,-2.9]}},{"type":"Feature","properties":{"name":"Santa Cruz","scalerank":4,"adm0cap":0},"geometry":{"type":"Point","coordinates":[-90.35,-0.533]}},{"type":"Feature","properties":{"name":"Limón","scalerank":4,"adm0cap":0},"geometry":{"type":"Point","coordinates":[-83.033,10.0]}},{"type":"Feature","properties":{"name":"Santiago de Cuba","scalerank":4,"adm0cap":0},"geometry":{"type":"Point","coordinates":[-75.821,20.025]}},{"type":"Feature","properties":{"name":"Santiago","scalerank":4,"adm0cap":0},"geometry":{"type":"Point","coordinates":[-70.67,19.5]}},{"type":"Feature","properties":{"name":"Manizales","scalerank":4,"adm0cap":0},"geometry":{"type":"Point","coordinates":[-75.52,5.06]}},{"type":"Feature","properties":{"name":"Pasto","scalerank":4,"adm0cap":0},"geometry":{"type":"Point","coordinates":[-77.281,1.214]}},{"type":"Feature","properties":{"name":"Barranquilla","scalerank":4,"adm0cap":0},"geometry":{"type":"Point","coordinates":[-74.802,10.962]}},{"type":"Feature","properties":{"name":"Roseau","scalerank":4,"adm0cap":1},"geometry":{"type":"Point","coordinates":[-61.387,15.301]}},{"type":"Feature","properties":{"name":"Mbandaka","scalerank":4,"adm0cap":0},"geometry":{"type":"Point","coordinates":[18.26,0.04]}},{"type":"Feature","properties":{"name":"Moundou","scalerank":4,"adm0cap":0},"geometry":{"type":"Point","coordinates":[16.09,8.55]}},{"type":"Feature","properties":{"name":"Suez","scalerank":4,"adm0cap":0},"geometry":{"type":"Point","coordinates":[32.55,30.005]}},{"type":"Feature","properties":{"name":"Bur Said","scalerank":4,"adm0cap":0},"geometry":{"type":"Point","coordinates":[32.29,31.26]}},{"type":"Feature","properties":{"name":"El Faiyum","scalerank":4,"adm0cap":0},"geometry":{"type":"Point","coordinates":[30.84,29.31]}},{"type":"Feature","properties":{"name":"Aswan","scalerank":4,"adm0cap":0},"geometry":{"type":"Point","coordinates":[32.899,24.088]}},{"type":"Feature","properties":{"name":"Asyut","scalerank":4,"adm0cap":0},"geometry":{"type":"Point","coordinates":[31.18,27.19]}},{"type":"Feature","properties":{"name":"Kisangani","scalerank":4,"adm0cap":0},"geometry":{"type":"Point","coordinates":[25.22,0.52]}},{"type":"Feature","properties":{"name":"Assab","scalerank":4,"adm0cap":0},"geometry":{"type":"Point","coordinates":[42.73,13.01]}},{"type":"Feature","properties":{"name":"Djibouti","scalerank":4,"adm0cap":1},"geometry":{"type":"Point","coordinates":[43.148,11.595]}},{"type":"Feature","properties":{"name":"Dresden","scalerank":4,"adm0cap":0},"geometry":{"type":"Point","coordinates":[13.75,51.05]}},{"type":"Feature","properties":{"name":"Xigaze","scalerank":4,"adm0cap":0},"geometry":{"type":"Point","coordinates":[88.883,29.25]}},{"type":"Feature","properties":{"name":"Shache","scalerank":4,"adm0cap":0},"geometry":{"type":"Point","coordinates":[77.25,38.426]}},{"type":"Feature","properties":{"name":"Yining","scalerank":4,"adm0cap":0},"geometry":{"type":"Point","coordinates":[81.35,43.9]}},{"type":"Feature","properties":{"name":"Altay","scalerank":4,"adm0cap":0},"geometry":{"type":"Point","coordinates":[88.117,47.867]}},{"type":"Feature","properties":{"name":"Putrajaya","scalerank":4,"adm0cap":0},"geometry":{"type":"Point","coordinates":[101.695,2.933]}},{"type":"Feature","properties":{"name":"Shizuishan","scalerank":4,"adm0cap":0},"geometry":{"type":"Point","coordinates":[106.769,39.233]}},{"type":"Feature","properties":{"name":"Yulin","scalerank":4,"adm0cap":0},"geometry":{"type":"Point","coordinates":[109.733,38.283]}},{"type":"Feature","properties":{"name":"Ankang","scalerank":4,"adm0cap":0},"geometry":{"type":"Point","coordinates":[109.02,32.68]}},{"type":"Feature","properties":{"name":"Houma","scalerank":4,"adm0cap":0},"geometry":{"type":"Point","coordinates":[111.21,35.62]}},{"type":"Feature","properties":{"name":"Yueyang","scalerank":4,"adm0cap":0},"geometry":{"type":"Point","coordinates":[113.098,29.382]}},{"type":"Feature","properties":{"name":"Hengyang","scalerank":4,"adm0cap":0},"geometry":{"type":"Point","coordinates":[112.588,26.882]}},{"type":"Feature","properties":{"name":"Mianyang","scalerank":4,"adm0cap":0},"geometry":{"type":"Point","coordinates":[104.69,31.465]}},{"type":"Feature","properties":{"name":"Xichang","scalerank":4,"adm0cap":0},"geometry":{"type":"Point","coordinates":[102.3,27.88]}},{"type":"Feature","properties":{"name":"Baoshan","scalerank":4,"adm0cap":0},"geometry":{"type":"Point","coordinates":[99.15,25.12]}},{"type":"Feature","properties":{"name":"Gejiu","scalerank":4,"adm0cap":0},"geometry":{"type":"Point","coordinates":[103.15,23.38]}},{"type":"Feature","properties":{"name":"Shijiazhuang","scalerank":4,"adm0cap":0},"geometry":{"type":"Point","coordinates":[114.478,38.052]}},{"type":"Feature","properties":{"name":"Handan","scalerank":4,"adm0cap":0},"geometry":{"type":"Point","coordinates":[114.478,36.582]}},{"type":"Feature","properties":{"name":"Anshan","scalerank":4,"adm0cap":0},"geometry":{"type":"Point","coordinates":[122.938,41.117]}},{"type":"Feature","properties":{"name":"Dalian","scalerank":4,"adm0cap":0},"geometry":{"type":"Point","coordinates":[121.628,38.925]}},{"type":"Feature","properties":{"name":"Qingdao","scalerank":4,"adm0cap":0},"geometry":{"type":"Point","coordinates":[120.328,36.092]}},{"type":"Feature","properties":{"name":"Linyi","scalerank":4,"adm0cap":0},"geometry":{"type":"Point","coordinates":[118.328,35.082]}},{"type":"Feature","properties":{"name":"Huaiyin","scalerank":4,"adm0cap":0},"geometry":{"type":"Point","coordinates":[119.066,33.585]}},{"type":"Feature","properties":{"name":"Wenzhou","scalerank":4,"adm0cap":0},"geometry":{"type":"Point","coordinates":[120.648,28.022]}},{"type":"Feature","properties":{"name":"Ningbo","scalerank":4,"adm0cap":0},"geometry":{"type":"Point","coordinates":[121.548,29.882]}},{"type":"Feature","properties":{"name":"Fukuoka","scalerank":4,"adm0cap":0},"geometry":{"type":"Point","coordinates":[130.408,33.597]}},{"type":"Feature","properties":{"name":"Miyazaki","scalerank":4,"adm0cap":0},"geometry":{"type":"Point","coordinates":[131.418,31.918]}},{"type":"Feature","properties":{"name":"Naha","scalerank":4,"adm0cap":0},"geometry":{"type":"Point","coordinates":[127.673,26.207]}},{"type":"Feature","properties":{"name":"Kōchi","scalerank":4,"adm0cap":0},"geometry":{"type":"Point","coordinates":[133.538,33.562]}},{"type":"Feature","properties":{"name":"Gorontalo","scalerank":4,"adm0cap":0},"geometry":{"type":"Point","coordinates":[123.07,0.55]}},{"type":"Feature","properties":{"name":"Tongliao","scalerank":4,"adm0cap":0},"geometry":{"type":"Point","coordinates":[122.268,43.622]}},{"type":"Feature","properties":{"name":"Hohhot","scalerank":4,"adm0cap":0},"geometry":{"type":"Point","coordinates":[111.658,40.822]}},{"type":"Feature","properties":{"name":"Chifeng","scalerank":4,"adm0cap":0},"geometry":{"type":"Point","coordinates":[118.948,42.272]}},{"type":"Feature","properties":{"name":"Ulan Hot","scalerank":4,"adm0cap":0},"geometry":{"type":"Point","coordinates":[122.08,46.08]}},{"type":"Feature","properties":{"name":"Hailar","scalerank":4,"adm0cap":0},"geometry":{"type":"Point","coordinates":[119.7,49.2]}},{"type":"Feature","properties":{"name":"Jiamusi","scalerank":4,"adm0cap":0},"geometry":{"type":"Point","coordinates":[130.348,46.832]}},{"type":"Feature","properties":{"name":"Bei'an","scalerank":4,"adm0cap":0},"geometry":{"type":"Point","coordinates":[126.529,48.246]}},{"type":"Feature","properties":{"name":"Daqing","scalerank":4,"adm0cap":0},"geometry":{"type":"Point","coordinates":[124.998,46.582]}},{"type":"Feature","properties":{"name":"Jixi","scalerank":4,"adm0cap":0},"geometry":{"type":"Point","coordinates":[130.968,45.302]}},{"type":"Feature","properties":{"name":"Nagoya","scalerank":4,"adm0cap":0},"geometry":{"type":"Point","coordinates":[136.913,35.157]}},{"type":"Feature","properties":{"name":"Nagano","scalerank":4,"adm0cap":0},"geometry":{"type":"Point","coordinates":[138.17,36.65]}},{"type":"Feature","properties":{"name":"Kushiro","scalerank":4,"adm0cap":0},"geometry":{"type":"Point","coordinates":[144.375,42.975]}},{"type":"Feature","properties":{"name":"Hakodate","scalerank":4,"adm0cap":0},"geometry":{"type":"Point","coordinates":[140.74,41.795]}},{"type":"Feature","properties":{"name":"Kyoto","scalerank":4,"adm0cap":0},"geometry":{"type":"Point","coordinates":[135.748,35.032]}},{"type":"Feature","properties":{"name":"Sendai","scalerank":4,"adm0cap":0},"geometry":{"type":"Point","coordinates":[140.87,38.268]}},{"type":"Feature","properties":{"name":"Sakata","scalerank":4,"adm0cap":0},"geometry":{"type":"Point","coordinates":[139.85,38.92]}},{"type":"Feature","properties":{"name":"Bandundu","scalerank":4,"adm0cap":0},"geometry":{"type":"Point","coordinates":[17.38,-3.31]}},{"type":"Feature","properties":{"name":"Kananga","scalerank":4,"adm0cap":0},"geometry":{"type":"Point","coordinates":[22.398,-5.888]}},{"type":"Feature","properties":{"name":"Kasongo","scalerank":4,"adm0cap":0},"geometry":{"type":"Point","coordinates":[26.66,-4.45]}},{"type":"Feature","properties":{"name":"Mbuji-Mayi","scalerank":4,"adm0cap":0},"geometry":{"type":"Point","coordinates":[23.598,-6.148]}},{"type":"Feature","properties":{"name":"Kalemie","scalerank":4,"adm0cap":0},"geometry":{"type":"Point","coordinates":[29.2,-5.933]}},{"type":"Feature","properties":{"name":"Butembo","scalerank":4,"adm0cap":0},"geometry":{"type":"Point","coordinates":[29.28,0.13]}},{"type":"Feature","properties":{"name":"Goma","scalerank":4,"adm0cap":0},"geometry":{"type":"Point","coordinates":[29.222,-1.679]}},{"type":"Feature","properties":{"name":"Mzuzu","scalerank":4,"adm0cap":0},"geometry":{"type":"Point","coordinates":[34.02,-11.46]}},{"type":"Feature","properties":{"name":"Blantyre","scalerank":4,"adm0cap":0},"geometry":{"type":"Point","coordinates":[34.99,-15.79]}},{"type":"Feature","properties":{"name":"Quetzaltenango","scalerank":4,"adm0cap":0},"geometry":{"type":"Point","coordinates":[-91.52,14.83]}},{"type":"Feature","properties":{"name":"Banjul","scalerank":4,"adm0cap":1},"geometry":{"type":"Point","coordinates":[-16.592,13.454]}},{"type":"Feature","properties":{"name":"Faridabad","scalerank":4,"adm0cap":0},"geometry":{"type":"Point","coordinates":[77.315,28.435]}},{"type":"Feature","properties":{"name":"Srinagar","scalerank":4,"adm0cap":0},"geometry":{"type":"Point","coordinates":[74.828,34.069]}},{"type":"Feature","properties":{"name":"Vijayawada","scalerank":4,"adm0cap":0},"geometry":{"type":"Point","coordinates":[80.628,16.522]}},{"type":"Feature","properties":{"name":"Thiruvananthapuram","scalerank":4,"adm0cap":0},"geometry":{"type":"Point","coordinates":[76.925,8.516]}},{"type":"Feature","properties":{"name":"Kochi","scalerank":4,"adm0cap":0},"geometry":{"type":"Point","coordinates":[76.222,10.017]}},{"type":"Feature","properties":{"name":"Cuttack","scalerank":4,"adm0cap":0},"geometry":{"type":"Point","coordinates":[85.89,20.47]}},{"type":"Feature","properties":{"name":"Hubballi","scalerank":4,"adm0cap":0},"geometry":{"type":"Point","coordinates":[75.123,15.362]}},{"type":"Feature","properties":{"name":"Mangaluru","scalerank":4,"adm0cap":0},"geometry":{"type":"Point","coordinates":[74.85,12.9]}},{"type":"Feature","properties":{"name":"Mysuru","scalerank":4,"adm0cap":0},"geometry":{"type":"Point","coordinates":[76.658,12.312]}},{"type":"Feature","properties":{"name":"Kalaburagi","scalerank":4,"adm0cap":0},"geometry":{"type":"Point","coordinates":[76.82,17.35]}},{"type":"Feature","properties":{"name":"Kolhapur","scalerank":4,"adm0cap":0},"geometry":{"type":"Point","coordinates":[74.22,16.7]}},{"type":"Feature","properties":{"name":"Nanded","scalerank":4,"adm0cap":0},"geometry":{"type":"Point","coordinates":[77.308,19.197]}},{"type":"Feature","properties":{"name":"Akola","scalerank":4,"adm0cap":0},"geometry":{"type":"Point","coordinates":[77.01,20.71]}},{"type":"Feature","properties":{"name":"Guwahati","scalerank":4,"adm0cap":0},"geometry":{"type":"Point","coordinates":[91.768,26.162]}},{"type":"Feature","properties":{"name":"Kayes","scalerank":4,"adm0cap":0},"geometry":{"type":"Point","coordinates":[13.28,-4.18]}},{"type":"Feature","properties":{"name":"Franceville","scalerank":4,"adm0cap":0},"geometry":{"type":"Point","coordinates":[13.583,-1.633]}},{"type":"Feature","properties":{"name":"Bordeaux","scalerank":4,"adm0cap":0},"geometry":{"type":"Point","coordinates":[-0.597,44.852]}},{"type":"Feature","properties":{"name":"Marseille","scalerank":4,"adm0cap":0},"geometry":{"type":"Point","coordinates":[5.373,43.292]}},{"type":"Feature","properties":{"name":"Le Havre","scalerank":4,"adm0cap":0},"geometry":{"type":"Point","coordinates":[0.105,49.505]}},{"type":"Feature","properties":{"name":"Gao","scalerank":4,"adm0cap":0},"geometry":{"type":"Point","coordinates":[-0.05,16.267]}},{"type":"Feature","properties":{"name":"Coihaique","scalerank":4,"adm0cap":0},"geometry":{"type":"Point","coordinates":[-72.07,-45.57]}},{"type":"Feature","properties":{"name":"Arica","scalerank":4,"adm0cap":0},"geometry":{"type":"Point","coordinates":[-70.29,-18.5]}},{"type":"Feature","properties":{"name":"Copiapó","scalerank":4,"adm0cap":0},"geometry":{"type":"Point","coordinates":[-70.33,-27.372]}},{"type":"Feature","properties":{"name":"La Serena","scalerank":4,"adm0cap":0},"geometry":{"type":"Point","coordinates":[-71.25,-29.9]}},{"type":"Feature","properties":{"name":"Los Angeles","scalerank":4,"adm0cap":0},"geometry":{"type":"Point","coordinates":[-72.347,-37.48]}},{"type":"Feature","properties":{"name":"Narsarsuaq","scalerank":4,"adm0cap":0},"geometry":{"type":"Point","coordinates":[-45.417,61.167]}},{"type":"Feature","properties":{"name":"Sisimiut","scalerank":4,"adm0cap":0},"geometry":{"type":"Point","coordinates":[-53.667,66.95]}},{"type":"Feature","properties":{"name":"Upernavik","scalerank":4,"adm0cap":0},"geometry":{"type":"Point","coordinates":[-56.142,72.709]}},{"type":"Feature","properties":{"name":"Qaanaaq","scalerank":4,"adm0cap":0},"geometry":{"type":"Point","coordinates":[-69.23,77.467]}},{"type":"Feature","properties":{"name":"Nouadhibou","scalerank":4,"adm0cap":0},"geometry":{"type":"Point","coordinates":[-17.056,20.9]}},{"type":"Feature","properties":{"name":"Kayes","scalerank":4,"adm0cap":0},"geometry":{"type":"Point","coordinates":[-11.44,14.45]}},{"type":"Feature","properties":{"name":"Ayoun el Atrous","scalerank":4,"adm0cap":0},"geometry":{"type":"Point","coordinates":[-9.617,16.667]}},{"type":"Feature","properties":{"name":"Ségou","scalerank":4,"adm0cap":0},"geometry":{"type":"Point","coordinates":[-6.26,13.44]}},{"type":"Feature","properties":{"name":"Skopje","scalerank":4,"adm0cap":1},"geometry":{"type":"Point","coordinates":[21.433,42.0]}},{"type":"Feature","properties":{"name":"Al Jawf","scalerank":4,"adm0cap":0},"geometry":{"type":"Point","coordinates":[23.29,24.2]}},{"type":"Feature","properties":{"name":"Tmassa","scalerank":4,"adm0cap":0},"geometry":{"type":"Point","coordinates":[15.8,26.367]}},{"type":"Feature","properties":{"name":"Misrata","scalerank":4,"adm0cap":0},"geometry":{"type":"Point","coordinates":[15.1,32.38]}},{"type":"Feature","properties":{"name":"Zuwara","scalerank":4,"adm0cap":0},"geometry":{"type":"Point","coordinates":[12.079,32.934]}},{"type":"Feature","properties":{"name":"Kirkuk","scalerank":4,"adm0cap":0},"geometry":{"type":"Point","coordinates":[44.392,35.472]}},{"type":"Feature","properties":{"name":"Mosul","scalerank":4,"adm0cap":0},"geometry":{"type":"Point","coordinates":[43.143,36.347]}},{"type":"Feature","properties":{"name":"Najaf","scalerank":4,"adm0cap":0},"geometry":{"type":"Point","coordinates":[44.335,32.0]}},{"type":"Feature","properties":{"name":"Bahir Dar","scalerank":4,"adm0cap":0},"geometry":{"type":"Point","coordinates":[37.383,11.6]}},{"type":"Feature","properties":{"name":"Mekele","scalerank":4,"adm0cap":0},"geometry":{"type":"Point","coordinates":[39.47,13.5]}},{"type":"Feature","properties":{"name":"Dire Dawa","scalerank":4,"adm0cap":0},"geometry":{"type":"Point","coordinates":[41.86,9.59]}},{"type":"Feature","properties":{"name":"Rovaniemi","scalerank":4,"adm0cap":0},"geometry":{"type":"Point","coordinates":[25.716,66.5]}},{"type":"Feature","properties":{"name":"Vaasa","scalerank":4,"adm0cap":0},"geometry":{"type":"Point","coordinates":[21.6,63.1]}},{"type":"Feature","properties":{"name":"Tampere","scalerank":4,"adm0cap":0},"geometry":{"type":"Point","coordinates":[23.75,61.5]}},{"type":"Feature","properties":{"name":"Aqtobe","scalerank":4,"adm0cap":0},"geometry":{"type":"Point","coordinates":[57.17,50.28]}},{"type":"Feature","properties":{"name":"Rudniy","scalerank":4,"adm0cap":0},"geometry":{"type":"Point","coordinates":[63.13,52.953]}},{"type":"Feature","properties":{"name":"Qyzylorda","scalerank":4,"adm0cap":0},"geometry":{"type":"Point","coordinates":[65.465,44.8]}},{"type":"Feature","properties":{"name":"Atyrau","scalerank":4,"adm0cap":0},"geometry":{"type":"Point","coordinates":[51.92,47.113]}},{"type":"Feature","properties":{"name":"Ekibastuz","scalerank":4,"adm0cap":0},"geometry":{"type":"Point","coordinates":[75.32,51.73]}},{"type":"Feature","properties":{"name":"Pavlodar","scalerank":4,"adm0cap":0},"geometry":{"type":"Point","coordinates":[76.95,52.3]}},{"type":"Feature","properties":{"name":"Semey","scalerank":4,"adm0cap":0},"geometry":{"type":"Point","coordinates":[80.275,50.435]}},{"type":"Feature","properties":{"name":"Oskemen","scalerank":4,"adm0cap":0},"geometry":{"type":"Point","coordinates":[82.615,49.99]}},{"type":"Feature","properties":{"name":"Yazd","scalerank":4,"adm0cap":0},"geometry":{"type":"Point","coordinates":[54.37,31.92]}},{"type":"Feature","properties":{"name":"Ahvaz","scalerank":4,"adm0cap":0},"geometry":{"type":"Point","coordinates":[48.718,31.282]}},{"type":"Feature","properties":{"name":"Basra","scalerank":4,"adm0cap":0},"geometry":{"type":"Point","coordinates":[47.812,30.515]}},{"type":"Feature","properties":{"name":"Bandar-e-Abbas","scalerank":4,"adm0cap":0},"geometry":{"type":"Point","coordinates":[56.272,27.204]}},{"type":"Feature","properties":{"name":"Hamadan","scalerank":4,"adm0cap":0},"geometry":{"type":"Point","coordinates":[48.515,34.796]}},{"type":"Feature","properties":{"name":"Tabriz","scalerank":4,"adm0cap":0},"geometry":{"type":"Point","coordinates":[46.299,38.088]}},{"type":"Feature","properties":{"name":"Ludhiana","scalerank":4,"adm0cap":0},"geometry":{"type":"Point","coordinates":[75.87,30.93]}},{"type":"Feature","properties":{"name":"Kota","scalerank":4,"adm0cap":0},"geometry":{"type":"Point","coordinates":[75.833,25.182]}},{"type":"Feature","properties":{"name":"Jodhpur","scalerank":4,"adm0cap":0},"geometry":{"type":"Point","coordinates":[73.015,26.294]}},{"type":"Feature","properties":{"name":"Shymkent","scalerank":4,"adm0cap":0},"geometry":{"type":"Point","coordinates":[69.595,42.32]}},{"type":"Feature","properties":{"name":"Taraz","scalerank":4,"adm0cap":0},"geometry":{"type":"Point","coordinates":[71.365,42.9]}},{"type":"Feature","properties":{"name":"Lucknow","scalerank":4,"adm0cap":0},"geometry":{"type":"Point","coordinates":[80.913,26.857]}},{"type":"Feature","properties":{"name":"Saharanpur","scalerank":4,"adm0cap":0},"geometry":{"type":"Point","coordinates":[77.55,29.97]}},{"type":"Feature","properties":{"name":"Ranchi","scalerank":4,"adm0cap":0},"geometry":{"type":"Point","coordinates":[85.328,23.372]}},{"type":"Feature","properties":{"name":"Bhagalpur","scalerank":4,"adm0cap":0},"geometry":{"type":"Point","coordinates":[86.98,25.23]}},{"type":"Feature","properties":{"name":"Raipur","scalerank":4,"adm0cap":0},"geometry":{"type":"Point","coordinates":[81.633,21.237]}},{"type":"Feature","properties":{"name":"Jabalpur","scalerank":4,"adm0cap":0},"geometry":{"type":"Point","coordinates":[79.953,23.177]}},{"type":"Feature","properties":{"name":"Indore","scalerank":4,"adm0cap":0},"geometry":{"type":"Point","coordinates":[75.863,22.717]}},{"type":"Feature","properties":{"name":"Puducherry","scalerank":4,"adm0cap":0},"geometry":{"type":"Point","coordinates":[79.83,11.935]}},{"type":"Feature","properties":{"name":"Salem","scalerank":4,"adm0cap":0},"geometry":{"type":"Point","coordinates":[78.178,11.672]}},{"type":"Feature","properties":{"name":"Tiruchirappalli","scalerank":4,"adm0cap":0},"geometry":{"type":"Point","coordinates":[78.688,10.801]}},{"type":"Feature","properties":{"name":"Pointe-Noire","scalerank":4,"adm0cap":0},"geometry":{"type":"Point","coordinates":[11.88,-4.77]}},{"type":"Feature","properties":{"name":"Kankan","scalerank":4,"adm0cap":0},"geometry":{"type":"Point","coordinates":[-9.31,10.39]}},{"type":"Feature","properties":{"name":"Nzérékoré","scalerank":4,"adm0cap":0},"geometry":{"type":"Point","coordinates":[-8.83,7.76]}},{"type":"Feature","properties":{"name":"Bouaké","scalerank":4,"adm0cap":0},"geometry":{"type":"Point","coordinates":[-5.03,7.69]}},{"type":"Feature","properties":{"name":"St.-Denis","scalerank":4,"adm0cap":0},"geometry":{"type":"Point","coordinates":[55.448,-20.879]}},{"type":"Feature","properties":{"name":"Rio Branco","scalerank":4,"adm0cap":0},"geometry":{"type":"Point","coordinates":[-67.8,-9.967]}},{"type":"Feature","properties":{"name":"São Luís","scalerank":4,"adm0cap":0},"geometry":{"type":"Point","coordinates":[-44.268,-2.514]}},{"type":"Feature","properties":{"name":"Porto Velho","scalerank":4,"adm0cap":0},"geometry":{"type":"Point","coordinates":[-63.9,-8.75]}},{"type":"Feature","properties":{"name":"Alvorada","scalerank":4,"adm0cap":0},"geometry":{"type":"Point","coordinates":[-49.082,-12.47]}},{"type":"Feature","properties":{"name":"Corumbá","scalerank":4,"adm0cap":0},"geometry":{"type":"Point","coordinates":[-57.65,-19.016]}},{"type":"Feature","properties":{"name":"Belo Horizonte","scalerank":4,"adm0cap":0},"geometry":{"type":"Point","coordinates":[-43.917,-19.913]}},{"type":"Feature","properties":{"name":"Montes Claros","scalerank":4,"adm0cap":0},"geometry":{"type":"Point","coordinates":[-43.86,-16.72]}},{"type":"Feature","properties":{"name":"Uberlândia","scalerank":4,"adm0cap":0},"geometry":{"type":"Point","coordinates":[-48.28,-18.9]}},{"type":"Feature","properties":{"name":"Colíder","scalerank":4,"adm0cap":0},"geometry":{"type":"Point","coordinates":[-55.451,-10.817]}},{"type":"Feature","properties":{"name":"Alta Floresta","scalerank":4,"adm0cap":0},"geometry":{"type":"Point","coordinates":[-55.91,-9.9]}},{"type":"Feature","properties":{"name":"Cuiabá","scalerank":4,"adm0cap":0},"geometry":{"type":"Point","coordinates":[-56.087,-15.568]}},{"type":"Feature","properties":{"name":"Pelotas","scalerank":4,"adm0cap":0},"geometry":{"type":"Point","coordinates":[-52.33,-31.75]}},{"type":"Feature","properties":{"name":"Caxias do Sul","scalerank":4,"adm0cap":0},"geometry":{"type":"Point","coordinates":[-51.17,-29.18]}},{"type":"Feature","properties":{"name":"Ponta Grossa","scalerank":4,"adm0cap":0},"geometry":{"type":"Point","coordinates":[-50.16,-25.09]}},{"type":"Feature","properties":{"name":"Teresina","scalerank":4,"adm0cap":0},"geometry":{"type":"Point","coordinates":[-42.782,-5.093]}},{"type":"Feature","properties":{"name":"Maceió","scalerank":4,"adm0cap":0},"geometry":{"type":"Point","coordinates":[-35.732,-9.618]}},{"type":"Feature","properties":{"name":"Vitória da Conquista","scalerank":4,"adm0cap":0},"geometry":{"type":"Point","coordinates":[-40.84,-14.85]}},{"type":"Feature","properties":{"name":"Barreiras","scalerank":4,"adm0cap":0},"geometry":{"type":"Point","coordinates":[-45.0,-12.14]}},{"type":"Feature","properties":{"name":"Vila Velha","scalerank":4,"adm0cap":0},"geometry":{"type":"Point","coordinates":[-40.29,-20.338]}},{"type":"Feature","properties":{"name":"Natal","scalerank":4,"adm0cap":0},"geometry":{"type":"Point","coordinates":[-35.242,-5.778]}},{"type":"Feature","properties":{"name":"Thompson","scalerank":4,"adm0cap":0},"geometry":{"type":"Point","coordinates":[-97.867,55.75]}},{"type":"Feature","properties":{"name":"Brandon","scalerank":4,"adm0cap":0},"geometry":{"type":"Point","coordinates":[-99.95,49.833]}},{"type":"Feature","properties":{"name":"Fort Smith","scalerank":4,"adm0cap":0},"geometry":{"type":"Point","coordinates":[-111.883,60.0]}},{"type":"Feature","properties":{"name":"Fort McMurray","scalerank":4,"adm0cap":0},"geometry":{"type":"Point","coordinates":[-111.383,56.733]}},{"type":"Feature","properties":{"name":"Peace River","scalerank":4,"adm0cap":0},"geometry":{"type":"Point","coordinates":[-117.283,56.233]}},{"type":"Feature","properties":{"name":"Fort St. John","scalerank":4,"adm0cap":0},"geometry":{"type":"Point","coordinates":[-120.833,56.25]}},{"type":"Feature","properties":{"name":"Iqaluit","scalerank":4,"adm0cap":0},"geometry":{"type":"Point","coordinates":[-68.5,63.75]}},{"type":"Feature","properties":{"name":"Cambridge Bay","scalerank":4,"adm0cap":0},"geometry":{"type":"Point","coordinates":[-105.033,69.117]}},{"type":"Feature","properties":{"name":"Kugluktuk","scalerank":4,"adm0cap":0},"geometry":{"type":"Point","coordinates":[-115.125,67.799]}},{"type":"Feature","properties":{"name":"Chesterfield Inlet","scalerank":4,"adm0cap":0},"geometry":{"type":"Point","coordinates":[-90.7,63.338]}},{"type":"Feature","properties":{"name":"Arviat","scalerank":4,"adm0cap":0},"geometry":{"type":"Point","coordinates":[-94.059,61.109]}},{"type":"Feature","properties":{"name":"Taloyoak","scalerank":4,"adm0cap":0},"geometry":{"type":"Point","coordinates":[-93.533,69.533]}},{"type":"Feature","properties":{"name":"Igloolik","scalerank":4,"adm0cap":0},"geometry":{"type":"Point","coordinates":[-81.794,69.257]}},{"type":"Feature","properties":{"name":"Dawson City","scalerank":4,"adm0cap":0},"geometry":{"type":"Point","coordinates":[-139.417,64.067]}},{"type":"Feature","properties":{"name":"Timmins","scalerank":4,"adm0cap":0},"geometry":{"type":"Point","coordinates":[-81.333,48.467]}},{"type":"Feature","properties":{"name":"North Bay","scalerank":4,"adm0cap":0},"geometry":{"type":"Point","coordinates":[-79.45,46.3]}},{"type":"Feature","properties":{"name":"Kuujjuarapik","scalerank":4,"adm0cap":0},"geometry":{"type":"Point","coordinates":[-77.766,55.281]}},{"type":"Feature","properties":{"name":"Kuujjuaq","scalerank":4,"adm0cap":0},"geometry":{"type":"Point","coordinates":[-68.4,58.1]}},{"type":"Feature","properties":{"name":"Sydney","scalerank":4,"adm0cap":0},"geometry":{"type":"Point","coordinates":[-60.18,46.066]}},{"type":"Feature","properties":{"name":"Labrador City","scalerank":4,"adm0cap":0},"geometry":{"type":"Point","coordinates":[-66.916,52.941]}},{"type":"Feature","properties":{"name":"Ebolowa","scalerank":4,"adm0cap":0},"geometry":{"type":"Point","coordinates":[11.15,2.9]}},{"type":"Feature","properties":{"name":"Bambari","scalerank":4,"adm0cap":0},"geometry":{"type":"Point","coordinates":[20.667,5.762]}},{"type":"Feature","properties":{"name":"Venice","scalerank":4,"adm0cap":0},"geometry":{"type":"Point","coordinates":[12.335,45.439]}},{"type":"Feature","properties":{"name":"El Calafate","scalerank":4,"adm0cap":0},"geometry":{"type":"Point","coordinates":[-72.3,-50.333]}},{"type":"Feature","properties":{"name":"San Juan","scalerank":4,"adm0cap":0},"geometry":{"type":"Point","coordinates":[-68.52,-31.55]}},{"type":"Feature","properties":{"name":"Rawson","scalerank":4,"adm0cap":0},"geometry":{"type":"Point","coordinates":[-65.1,-43.3]}},{"type":"Feature","properties":{"name":"Neuquén","scalerank":4,"adm0cap":0},"geometry":{"type":"Point","coordinates":[-68.06,-38.95]}},{"type":"Feature","properties":{"name":"Trinidad","scalerank":4,"adm0cap":0},"geometry":{"type":"Point","coordinates":[-64.9,-14.833]}},{"type":"Feature","properties":{"name":"Santa Rosa","scalerank":4,"adm0cap":0},"geometry":{"type":"Point","coordinates":[-64.3,-36.62]}},{"type":"Feature","properties":{"name":"Bariloche","scalerank":4,"adm0cap":0},"geometry":{"type":"Point","coordinates":[-71.3,-41.15]}},{"type":"Feature","properties":{"name":"Salta","scalerank":4,"adm0cap":0},"geometry":{"type":"Point","coordinates":[-65.417,-24.783]}},{"type":"Feature","properties":{"name":"Tucumán","scalerank":4,"adm0cap":0},"geometry":{"type":"Point","coordinates":[-65.219,-26.814]}},{"type":"Feature","properties":{"name":"Formosa","scalerank":4,"adm0cap":0},"geometry":{"type":"Point","coordinates":[-58.183,-26.173]}},{"type":"Feature","properties":{"name":"Santa Fe","scalerank":4,"adm0cap":0},"geometry":{"type":"Point","coordinates":[-60.69,-31.624]}},{"type":"Feature","properties":{"name":"Rosario","scalerank":4,"adm0cap":0},"geometry":{"type":"Point","coordinates":[-60.668,-32.949]}},{"type":"Feature","properties":{"name":"Campinas","scalerank":4,"adm0cap":0},"geometry":{"type":"Point","coordinates":[-47.056,-22.908]}},{"type":"Feature","properties":{"name":"Sorocaba","scalerank":4,"adm0cap":0},"geometry":{"type":"Point","coordinates":[-47.47,-23.49]}},{"type":"Feature","properties":{"name":"Ribeirão Preto","scalerank":4,"adm0cap":0},"geometry":{"type":"Point","coordinates":[-47.83,-21.17]}},{"type":"Feature","properties":{"name":"Petrolina","scalerank":4,"adm0cap":0},"geometry":{"type":"Point","coordinates":[-40.51,-9.38]}},{"type":"Feature","properties":{"name":"Bamenda","scalerank":4,"adm0cap":0},"geometry":{"type":"Point","coordinates":[10.15,5.96]}},{"type":"Feature","properties":{"name":"Garoua","scalerank":4,"adm0cap":0},"geometry":{"type":"Point","coordinates":[13.39,9.3]}},{"type":"Feature","properties":{"name":"Herat","scalerank":4,"adm0cap":0},"geometry":{"type":"Point","coordinates":[62.17,34.33]}},{"type":"Feature","properties":{"name":"Mazar-i-Sharif","scalerank":4,"adm0cap":0},"geometry":{"type":"Point","coordinates":[67.1,36.7]}},{"type":"Feature","properties":{"name":"Battambang","scalerank":4,"adm0cap":0},"geometry":{"type":"Point","coordinates":[103.2,13.1]}},{"type":"Feature","properties":{"name":"Siem Reap","scalerank":4,"adm0cap":0},"geometry":{"type":"Point","coordinates":[103.85,13.367]}},{"type":"Feature","properties":{"name":"Malanje","scalerank":4,"adm0cap":0},"geometry":{"type":"Point","coordinates":[16.34,-9.54]}},{"type":"Feature","properties":{"name":"Benguela","scalerank":4,"adm0cap":0},"geometry":{"type":"Point","coordinates":[13.407,-12.578]}},{"type":"Feature","properties":{"name":"Lubango","scalerank":4,"adm0cap":0},"geometry":{"type":"Point","coordinates":[13.49,-14.91]}},{"type":"Feature","properties":{"name":"Moçâmedes","scalerank":4,"adm0cap":0},"geometry":{"type":"Point","coordinates":[12.16,-15.19]}},{"type":"Feature","properties":{"name":"Tarija","scalerank":4,"adm0cap":0},"geometry":{"type":"Point","coordinates":[-64.75,-21.517]}},{"type":"Feature","properties":{"name":"Bridgetown","scalerank":4,"adm0cap":1},"geometry":{"type":"Point","coordinates":[-59.617,13.102]}},{"type":"Feature","properties":{"name":"Annaba","scalerank":4,"adm0cap":0},"geometry":{"type":"Point","coordinates":[7.76,36.92]}},{"type":"Feature","properties":{"name":"Parakou","scalerank":4,"adm0cap":0},"geometry":{"type":"Point","coordinates":[2.62,9.34]}},{"type":"Feature","properties":{"name":"Porto-Novo","scalerank":4,"adm0cap":0},"geometry":{"type":"Point","coordinates":[2.617,6.483]}},{"type":"Feature","properties":{"name":"Constantine","scalerank":4,"adm0cap":0},"geometry":{"type":"Point","coordinates":[6.6,36.36]}},{"type":"Feature","properties":{"name":"Brest","scalerank":4,"adm0cap":0},"geometry":{"type":"Point","coordinates":[23.7,52.1]}},{"type":"Feature","properties":{"name":"Khulna","scalerank":4,"adm0cap":0},"geometry":{"type":"Point","coordinates":[89.558,22.842]}},{"type":"Feature","properties":{"name":"Francistown","scalerank":4,"adm0cap":0},"geometry":{"type":"Point","coordinates":[27.5,-21.17]}},{"type":"Feature","properties":{"name":"Mahalapye","scalerank":4,"adm0cap":0},"geometry":{"type":"Point","coordinates":[26.82,-23.1]}},{"type":"Feature","properties":{"name":"Serowe","scalerank":4,"adm0cap":0},"geometry":{"type":"Point","coordinates":[26.71,-22.39]}},{"type":"Feature","properties":{"name":"Katherine","scalerank":4,"adm0cap":0},"geometry":{"type":"Point","coordinates":[132.267,-14.467]}},{"type":"Feature","properties":{"name":"Busselton","scalerank":4,"adm0cap":0},"geometry":{"type":"Point","coordinates":[115.349,-33.656]}},{"type":"Feature","properties":{"name":"Mandurah","scalerank":4,"adm0cap":0},"geometry":{"type":"Point","coordinates":[115.747,-32.523]}},{"type":"Feature","properties":{"name":"Broome","scalerank":4,"adm0cap":0},"geometry":{"type":"Point","coordinates":[122.231,-17.962]}},{"type":"Feature","properties":{"name":"Kalgoorlie","scalerank":4,"adm0cap":0},"geometry":{"type":"Point","coordinates":[121.46,-30.735]}},{"type":"Feature","properties":{"name":"Albany","scalerank":4,"adm0cap":0},"geometry":{"type":"Point","coordinates":[117.892,-35.017]}},{"type":"Feature","properties":{"name":"Port Hedland","scalerank":4,"adm0cap":0},"geometry":{"type":"Point","coordinates":[118.606,-20.31]}},{"type":"Feature","properties":{"name":"Karratha","scalerank":4,"adm0cap":0},"geometry":{"type":"Point","coordinates":[116.87,-20.73]}},{"type":"Feature","properties":{"name":"Geraldton","scalerank":4,"adm0cap":0},"geometry":{"type":"Point","coordinates":[114.6,-28.767]}},{"type":"Feature","properties":{"name":"Griffith","scalerank":4,"adm0cap":0},"geometry":{"type":"Point","coordinates":[146.04,-34.29]}},{"type":"Feature","properties":{"name":"Orange","scalerank":4,"adm0cap":0},"geometry":{"type":"Point","coordinates":[149.1,-33.28]}},{"type":"Feature","properties":{"name":"Dubbo","scalerank":4,"adm0cap":0},"geometry":{"type":"Point","coordinates":[148.597,-32.26]}},{"type":"Feature","properties":{"name":"Armidale","scalerank":4,"adm0cap":0},"geometry":{"type":"Point","coordinates":[151.667,-30.512]}},{"type":"Feature","properties":{"name":"Broken Hill","scalerank":4,"adm0cap":0},"geometry":{"type":"Point","coordinates":[141.433,-31.95]}},{"type":"Feature","properties":{"name":"Port Lincoln","scalerank":4,"adm0cap":0},"geometry":{"type":"Point","coordinates":[135.867,-34.733]}},{"type":"Feature","properties":{"name":"Whyalla","scalerank":4,"adm0cap":0},"geometry":{"type":"Point","coordinates":[137.561,-33.025]}},{"type":"Feature","properties":{"name":"Portland","scalerank":4,"adm0cap":0},"geometry":{"type":"Point","coordinates":[141.59,-38.34]}},{"type":"Feature","properties":{"name":"Bendigo","scalerank":4,"adm0cap":0},"geometry":{"type":"Point","coordinates":[144.28,-36.76]}},{"type":"Feature","properties":{"name":"Wangaratta","scalerank":4,"adm0cap":0},"geometry":{"type":"Point","coordinates":[146.3,-36.36]}},{"type":"Feature","properties":{"name":"Windorah","scalerank":4,"adm0cap":0},"geometry":{"type":"Point","coordinates":[142.65,-25.433]}},{"type":"Feature","properties":{"name":"Mount Isa","scalerank":4,"adm0cap":0},"geometry":{"type":"Point","coordinates":[139.49,-20.724]}},{"type":"Feature","properties":{"name":"Rockhampton","scalerank":4,"adm0cap":0},"geometry":{"type":"Point","coordinates":[150.52,-23.364]}},{"type":"Feature","properties":{"name":"Cairns","scalerank":4,"adm0cap":0},"geometry":{"type":"Point","coordinates":[145.763,-16.888]}},{"type":"Feature","properties":{"name":"Gold Coast","scalerank":4,"adm0cap":0},"geometry":{"type":"Point","coordinates":[153.448,-28.082]}},{"type":"Feature","properties":{"name":"Devonport","scalerank":4,"adm0cap":0},"geometry":{"type":"Point","coordinates":[146.331,-41.193]}},{"type":"Feature","properties":{"name":"Bobo Dioulasso","scalerank":4,"adm0cap":0},"geometry":{"type":"Point","coordinates":[-4.29,11.18]}},{"type":"Feature","properties":{"name":"Rajshahi","scalerank":4,"adm0cap":0},"geometry":{"type":"Point","coordinates":[88.603,24.377]}},{"type":"Feature","properties":{"name":"Mandalay","scalerank":4,"adm0cap":0},"geometry":{"type":"Point","coordinates":[96.083,21.972]}},{"type":"Feature","properties":{"name":"Sittwe","scalerank":4,"adm0cap":0},"geometry":{"type":"Point","coordinates":[92.88,20.14]}},{"type":"Feature","properties":{"name":"Bujumbura","scalerank":4,"adm0cap":1},"geometry":{"type":"Point","coordinates":[29.36,-3.376]}},{"type":"Feature","properties":{"name":"Pago Pago","scalerank":4,"adm0cap":0},"geometry":{"type":"Point","coordinates":[-170.707,-14.277]}},{"type":"Feature","properties":{"name":"Kingstown","scalerank":4,"adm0cap":1},"geometry":{"type":"Point","coordinates":[-61.22,13.156]}},{"type":"Feature","properties":{"name":"Castries","scalerank":4,"adm0cap":1},"geometry":{"type":"Point","coordinates":[-60.993,14.008]}},{"type":"Feature","properties":{"name":"Basseterre","scalerank":4,"adm0cap":1},"geometry":{"type":"Point","coordinates":[-62.717,17.302]}},{"type":"Feature","properties":{"name":"Las Palmas","scalerank":4,"adm0cap":0},"geometry":{"type":"Point","coordinates":[-15.43,28.1]}},{"type":"Feature","properties":{"name":"Berbera","scalerank":4,"adm0cap":0},"geometry":{"type":"Point","coordinates":[45.016,10.436]}},{"type":"Feature","properties":{"name":"Port Louis","scalerank":4,"adm0cap":1},"geometry":{"type":"Point","coordinates":[57.5,-20.167]}},{"type":"Feature","properties":{"name":"Gaza City","scalerank":4,"adm0cap":0},"geometry":{"type":"Point","coordinates":[34.445,31.53]}},{"type":"Feature","properties":{"name":"Saint George's","scalerank":4,"adm0cap":1},"geometry":{"type":"Point","coordinates":[-61.742,12.053]}},{"type":"Feature","properties":{"name":"Papeete","scalerank":4,"adm0cap":0},"geometry":{"type":"Point","coordinates":[-149.567,-17.533]}},{"type":"Feature","properties":{"name":"Manama","scalerank":4,"adm0cap":1},"geometry":{"type":"Point","coordinates":[50.583,26.236]}},{"type":"Feature","properties":{"name":"Freeport","scalerank":4,"adm0cap":0},"geometry":{"type":"Point","coordinates":[-78.7,26.533]}},{"type":"Feature","properties":{"name":"Saint John's","scalerank":4,"adm0cap":1},"geometry":{"type":"Point","coordinates":[-61.85,17.118]}},{"type":"Feature","properties":{"name":"Taichung","scalerank":4,"adm0cap":0},"geometry":{"type":"Point","coordinates":[120.682,24.152]}},{"type":"Feature","properties":{"name":"Napier","scalerank":4,"adm0cap":0},"geometry":{"type":"Point","coordinates":[176.926,-39.49]}},{"type":"Feature","properties":{"name":"Manukau","scalerank":4,"adm0cap":0},"geometry":{"type":"Point","coordinates":[174.885,-37.0]}},{"type":"Feature","properties":{"name":"Hamilton","scalerank":4,"adm0cap":0},"geometry":{"type":"Point","coordinates":[175.29,-37.778]}},{"type":"Feature","properties":{"name":"Blenheim","scalerank":4,"adm0cap":0},"geometry":{"type":"Point","coordinates":[173.955,-41.514]}},{"type":"Feature","properties":{"name":"Dunedin","scalerank":4,"adm0cap":0},"geometry":{"type":"Point","coordinates":[170.491,-45.885]}},{"type":"Feature","properties":{"name":"Leh","scalerank":4,"adm0cap":0},"geometry":{"type":"Point","coordinates":[77.572,34.162]}},{"type":"Feature","properties":{"name":"Amaravati","scalerank":4,"adm0cap":0},"geometry":{"type":"Point","coordinates":[80.524,16.534]}},{"type":"Feature","properties":{"name":"Kozhikode","scalerank":3,"adm0cap":0},"geometry":{"type":"Point","coordinates":[75.768,11.252]}},{"type":"Feature","properties":{"name":"Bhubaneswar","scalerank":3,"adm0cap":0},"geometry":{"type":"Point","coordinates":[85.825,20.272]}},{"type":"Feature","properties":{"name":"Jamshedpur","scalerank":3,"adm0cap":0},"geometry":{"type":"Point","coordinates":[86.196,22.789]}},{"type":"Feature","properties":{"name":"Montevideo","scalerank":3,"adm0cap":1},"geometry":{"type":"Point","coordinates":[-56.187,-34.905]}},{"type":"Feature","properties":{"name":"Helena","scalerank":3,"adm0cap":0},"geometry":{"type":"Point","coordinates":[-112.035,46.593]}},{"type":"Feature","properties":{"name":"Bismarck","scalerank":3,"adm0cap":0},"geometry":{"type":"Point","coordinates":[-100.783,46.808]}},{"type":"Feature","properties":{"name":"Boise","scalerank":3,"adm0cap":0},"geometry":{"type":"Point","coordinates":[-116.227,43.609]}},{"type":"Feature","properties":{"name":"San Jose","scalerank":3,"adm0cap":0},"geometry":{"type":"Point","coordinates":[-121.888,37.331]}},{"type":"Feature","properties":{"name":"Sacramento","scalerank":3,"adm0cap":0},"geometry":{"type":"Point","coordinates":[-121.472,38.577]}},{"type":"Feature","properties":{"name":"Las Vegas","scalerank":3,"adm0cap":0},"geometry":{"type":"Point","coordinates":[-115.151,36.165]}},{"type":"Feature","properties":{"name":"Santa Fe","scalerank":3,"adm0cap":0},"geometry":{"type":"Point","coordinates":[-105.937,35.687]}},{"type":"Feature","properties":{"name":"Portland","scalerank":3,"adm0cap":0},"geometry":{"type":"Point","coordinates":[-122.682,45.522]}},{"type":"Feature","properties":{"name":"Salt Lake City","scalerank":3,"adm0cap":0},"geometry":{"type":"Point","coordinates":[-111.932,40.777]}},{"type":"Feature","properties":{"name":"Cheyenne","scalerank":3,"adm0cap":0},"geometry":{"type":"Point","coordinates":[-104.82,41.14]}},{"type":"Feature","properties":{"name":"Des Moines","scalerank":3,"adm0cap":0},"geometry":{"type":"Point","coordinates":[-93.62,41.58]}},{"type":"Feature","properties":{"name":"Omaha","scalerank":3,"adm0cap":0},"geometry":{"type":"Point","coordinates":[-96.01,41.24]}},{"type":"Feature","properties":{"name":"Oklahoma City","scalerank":3,"adm0cap":0},"geometry":{"type":"Point","coordinates":[-97.521,35.472]}},{"type":"Feature","properties":{"name":"Pierre","scalerank":3,"adm0cap":0},"geometry":{"type":"Point","coordinates":[-100.351,44.368]}},{"type":"Feature","properties":{"name":"San Antonio","scalerank":3,"adm0cap":0},"geometry":{"type":"Point","coordinates":[-98.493,29.42]}},{"type":"Feature","properties":{"name":"San Cristóbal","scalerank":3,"adm0cap":0},"geometry":{"type":"Point","coordinates":[-72.25,7.77]}},{"type":"Feature","properties":{"name":"Valencia","scalerank":3,"adm0cap":0},"geometry":{"type":"Point","coordinates":[-67.982,10.232]}},{"type":"Feature","properties":{"name":"Jackson","scalerank":3,"adm0cap":0},"geometry":{"type":"Point","coordinates":[-90.185,32.299]}},{"type":"Feature","properties":{"name":"Raleigh","scalerank":3,"adm0cap":0},"geometry":{"type":"Point","coordinates":[-78.647,35.773]}},{"type":"Feature","properties":{"name":"Cleveland","scalerank":3,"adm0cap":0},"geometry":{"type":"Point","coordinates":[-81.697,41.472]}},{"type":"Feature","properties":{"name":"Cincinnati","scalerank":3,"adm0cap":0},"geometry":{"type":"Point","coordinates":[-84.459,39.164]}},{"type":"Feature","properties":{"name":"Nashville","scalerank":3,"adm0cap":0},"geometry":{"type":"Point","coordinates":[-86.782,36.172]}},{"type":"Feature","properties":{"name":"Memphis","scalerank":3,"adm0cap":0},"geometry":{"type":"Point","coordinates":[-90.029,35.145]}},{"type":"Feature","properties":{"name":"Norfolk","scalerank":3,"adm0cap":0},"geometry":{"type":"Point","coordinates":[-76.28,36.85]}},{"type":"Feature","properties":{"name":"Milwaukee","scalerank":3,"adm0cap":0},"geometry":{"type":"Point","coordinates":[-87.917,43.03]}},{"type":"Feature","properties":{"name":"Buffalo","scalerank":3,"adm0cap":0},"geometry":{"type":"Point","coordinates":[-78.882,42.882]}},{"type":"Feature","properties":{"name":"Pittsburgh","scalerank":3,"adm0cap":0},"geometry":{"type":"Point","coordinates":[-80.002,40.432]}},{"type":"Feature","properties":{"name":"Ciudad Guayana","scalerank":3,"adm0cap":0},"geometry":{"type":"Point","coordinates":[-62.62,8.37]}},{"type":"Feature","properties":{"name":"Lomé","scalerank":3,"adm0cap":1},"geometry":{"type":"Point","coordinates":[1.221,6.134]}},{"type":"Feature","properties":{"name":"Tunis","scalerank":3,"adm0cap":1},"geometry":{"type":"Point","coordinates":[10.18,36.803]}},{"type":"Feature","properties":{"name":"Kodiak","scalerank":3,"adm0cap":0},"geometry":{"type":"Point","coordinates":[-152.407,57.79]}},{"type":"Feature","properties":{"name":"Cold Bay","scalerank":3,"adm0cap":0},"geometry":{"type":"Point","coordinates":[-162.715,55.2]}},{"type":"Feature","properties":{"name":"Bethel","scalerank":3,"adm0cap":0},"geometry":{"type":"Point","coordinates":[-161.756,60.793]}},{"type":"Feature","properties":{"name":"Point Hope","scalerank":3,"adm0cap":0},"geometry":{"type":"Point","coordinates":[-166.808,68.348]}},{"type":"Feature","properties":{"name":"Utqiaġvik","scalerank":3,"adm0cap":0},"geometry":{"type":"Point","coordinates":[-156.789,71.291]}},{"type":"Feature","properties":{"name":"Nome","scalerank":3,"adm0cap":0},"geometry":{"type":"Point","coordinates":[-165.406,64.506]}},{"type":"Feature","properties":{"name":"Valdez","scalerank":3,"adm0cap":0},"geometry":{"type":"Point","coordinates":[-146.348,61.136]}},{"type":"Feature","properties":{"name":"Juneau","scalerank":3,"adm0cap":0},"geometry":{"type":"Point","coordinates":[-134.401,58.303]}},{"type":"Feature","properties":{"name":"Fairbanks","scalerank":3,"adm0cap":0},"geometry":{"type":"Point","coordinates":[-147.711,64.837]}},{"type":"Feature","properties":{"name":"Prudhoe Bay","scalerank":3,"adm0cap":0},"geometry":{"type":"Point","coordinates":[-148.669,70.292]}},{"type":"Feature","properties":{"name":"Sevastopol","scalerank":3,"adm0cap":0},"geometry":{"type":"Point","coordinates":[33.524,44.604]}},{"type":"Feature","properties":{"name":"Abu Dhabi","scalerank":3,"adm0cap":1},"geometry":{"type":"Point","coordinates":[54.367,24.467]}},{"type":"Feature","properties":{"name":"Ashgabat","scalerank":3,"adm0cap":1},"geometry":{"type":"Point","coordinates":[58.383,37.95]}},{"type":"Feature","properties":{"name":"Samarkand","scalerank":3,"adm0cap":0},"geometry":{"type":"Point","coordinates":[66.945,39.67]}},{"type":"Feature","properties":{"name":"Lusaka","scalerank":3,"adm0cap":1},"geometry":{"type":"Point","coordinates":[28.281,-15.415]}},{"type":"Feature","properties":{"name":"Harare","scalerank":3,"adm0cap":1},"geometry":{"type":"Point","coordinates":[31.043,-17.816]}},{"type":"Feature","properties":{"name":"Bulawayo","scalerank":3,"adm0cap":0},"geometry":{"type":"Point","coordinates":[28.58,-20.17]}},{"type":"Feature","properties":{"name":"Dili","scalerank":3,"adm0cap":1},"geometry":{"type":"Point","coordinates":[125.579,-8.559]}},{"type":"Feature","properties":{"name":"Port Vila","scalerank":3,"adm0cap":1},"geometry":{"type":"Point","coordinates":[168.317,-17.733]}},{"type":"Feature","properties":{"name":"Tegucigalpa","scalerank":3,"adm0cap":1},"geometry":{"type":"Point","coordinates":[-87.219,14.104]}},{"type":"Feature","properties":{"name":"Georgetown","scalerank":3,"adm0cap":1},"geometry":{"type":"Point","coordinates":[-58.167,6.802]}},{"type":"Feature","properties":{"name":"Reykjavík","scalerank":3,"adm0cap":1},"geometry":{"type":"Point","coordinates":[-21.937,64.143]}},{"type":"Feature","properties":{"name":"Port-au-Prince","scalerank":3,"adm0cap":1},"geometry":{"type":"Point","coordinates":[-72.338,18.543]}},{"type":"Feature","properties":{"name":"Glasgow","scalerank":3,"adm0cap":0},"geometry":{"type":"Point","coordinates":[-4.239,55.862]}},{"type":"Feature","properties":{"name":"Kampala","scalerank":3,"adm0cap":1},"geometry":{"type":"Point","coordinates":[32.581,0.319]}},{"type":"Feature","properties":{"name":"Aden","scalerank":3,"adm0cap":0},"geometry":{"type":"Point","coordinates":[45.009,12.78]}},{"type":"Feature","properties":{"name":"Paramaribo","scalerank":3,"adm0cap":1},"geometry":{"type":"Point","coordinates":[-55.167,5.835]}},{"type":"Feature","properties":{"name":"Seville","scalerank":3,"adm0cap":0},"geometry":{"type":"Point","coordinates":[-5.98,37.405]}},{"type":"Feature","properties":{"name":"Zinder","scalerank":3,"adm0cap":0},"geometry":{"type":"Point","coordinates":[8.983,13.8]}},{"type":"Feature","properties":{"name":"Niamey","scalerank":3,"adm0cap":1},"geometry":{"type":"Point","coordinates":[2.115,13.519]}},{"type":"Feature","properties":{"name":"Port Sudan","scalerank":3,"adm0cap":0},"geometry":{"type":"Point","coordinates":[37.216,19.616]}},{"type":"Feature","properties":{"name":"Dushanbe","scalerank":3,"adm0cap":1},"geometry":{"type":"Point","coordinates":[68.774,38.56]}},{"type":"Feature","properties":{"name":"Cusco","scalerank":3,"adm0cap":0},"geometry":{"type":"Point","coordinates":[-71.972,-13.525]}},{"type":"Feature","properties":{"name":"Tacna","scalerank":3,"adm0cap":0},"geometry":{"type":"Point","coordinates":[-70.25,-18.0]}},{"type":"Feature","properties":{"name":"Trujillo","scalerank":3,"adm0cap":0},"geometry":{"type":"Point","coordinates":[-79.02,-8.12]}},{"type":"Feature","properties":{"name":"Ica","scalerank":3,"adm0cap":0},"geometry":{"type":"Point","coordinates":[-75.725,-14.068]}},{"type":"Feature","properties":{"name":"Asunción","scalerank":3,"adm0cap":1},"geometry":{"type":"Point","coordinates":[-57.626,-25.291]}},{"type":"Feature","properties":{"name":"Managua","scalerank":3,"adm0cap":1},"geometry":{"type":"Point","coordinates":[-86.27,12.155]}},{"type":"Feature","properties":{"name":"Freetown","scalerank":3,"adm0cap":1},"geometry":{"type":"Point","coordinates":[-13.236,8.472]}},{"type":"Feature","properties":{"name":"Agadez","scalerank":3,"adm0cap":0},"geometry":{"type":"Point","coordinates":[7.983,16.996]}},{"type":"Feature","properties":{"name":"Nyala","scalerank":3,"adm0cap":0},"geometry":{"type":"Point","coordinates":[24.89,12.06]}},{"type":"Feature","properties":{"name":"Wau","scalerank":3,"adm0cap":0},"geometry":{"type":"Point","coordinates":[27.99,7.7]}},{"type":"Feature","properties":{"name":"Dongola","scalerank":3,"adm0cap":0},"geometry":{"type":"Point","coordinates":[30.483,19.167]}},{"type":"Feature","properties":{"name":"Kassala","scalerank":3,"adm0cap":0},"geometry":{"type":"Point","coordinates":[36.39,15.46]}},{"type":"Feature","properties":{"name":"Tromsø","scalerank":3,"adm0cap":0},"geometry":{"type":"Point","coordinates":[18.992,69.635]}},{"type":"Feature","properties":{"name":"Trondheim","scalerank":3,"adm0cap":0},"geometry":{"type":"Point","coordinates":[10.417,63.417]}},{"type":"Feature","properties":{"name":"Bergen","scalerank":3,"adm0cap":0},"geometry":{"type":"Point","coordinates":[5.325,60.391]}},{"type":"Feature","properties":{"name":"Islamabad","scalerank":3,"adm0cap":1},"geometry":{"type":"Point","coordinates":[73.081,33.689]}},{"type":"Feature","properties":{"name":"Multan","scalerank":3,"adm0cap":0},"geometry":{"type":"Point","coordinates":[71.453,30.202]}},{"type":"Feature","properties":{"name":"Hyderabad","scalerank":3,"adm0cap":0},"geometry":{"type":"Point","coordinates":[68.373,25.382]}},{"type":"Feature","properties":{"name":"Peshawar","scalerank":3,"adm0cap":0},"geometry":{"type":"Point","coordinates":[71.533,34.007]}},{"type":"Feature","properties":{"name":"Kathmandu","scalerank":3,"adm0cap":1},"geometry":{"type":"Point","coordinates":[85.315,27.719]}},{"type":"Feature","properties":{"name":"Nacala","scalerank":3,"adm0cap":0},"geometry":{"type":"Point","coordinates":[40.715,-14.519]}},{"type":"Feature","properties":{"name":"Bloemfontein","scalerank":3,"adm0cap":1},"geometry":{"type":"Point","coordinates":[26.23,-29.12]}},{"type":"Feature","properties":{"name":"Pretoria","scalerank":3,"adm0cap":1},"geometry":{"type":"Point","coordinates":[28.227,-25.705]}},{"type":"Feature","properties":{"name":"Port Moresby","scalerank":3,"adm0cap":1},"geometry":{"type":"Point","coordinates":[147.193,-9.465]}},{"type":"Feature","properties":{"name":"Honiara","scalerank":3,"adm0cap":1},"geometry":{"type":"Point","coordinates":[159.95,-9.438]}},{"type":"Feature","properties":{"name":"Panama City","scalerank":3,"adm0cap":1},"geometry":{"type":"Point","coordinates":[-79.535,8.97]}},{"type":"Feature","properties":{"name":"Fez","scalerank":3,"adm0cap":0},"geometry":{"type":"Point","coordinates":[-5.002,34.057]}},{"type":"Feature","properties":{"name":"Rabat","scalerank":3,"adm0cap":1},"geometry":{"type":"Point","coordinates":[-6.836,34.025]}},{"type":"Feature","properties":{"name":"Marrakesh","scalerank":3,"adm0cap":0},"geometry":{"type":"Point","coordinates":[-8.002,31.632]}},{"type":"Feature","properties":{"name":"Chișinău","scalerank":3,"adm0cap":1},"geometry":{"type":"Point","coordinates":[28.858,47.005]}},{"type":"Feature","properties":{"name":"Beira","scalerank":3,"adm0cap":0},"geometry":{"type":"Point","coordinates":[34.87,-19.82]}},{"type":"Feature","properties":{"name":"Port Elizabeth","scalerank":3,"adm0cap":0},"geometry":{"type":"Point","coordinates":[25.598,-33.968]}},{"type":"Feature","properties":{"name":"Maputo","scalerank":3,"adm0cap":1},"geometry":{"type":"Point","coordinates":[32.587,-25.953]}},{"type":"Feature","properties":{"name":"Tomsk","scalerank":3,"adm0cap":0},"geometry":{"type":"Point","coordinates":[84.975,56.495]}},{"type":"Feature","properties":{"name":"Anadyr","scalerank":3,"adm0cap":0},"geometry":{"type":"Point","coordinates":[177.475,64.737]}},{"type":"Feature","properties":{"name":"Murmansk","scalerank":3,"adm0cap":0},"geometry":{"type":"Point","coordinates":[33.1,68.97]}},{"type":"Feature","properties":{"name":"Archangel","scalerank":3,"adm0cap":0},"geometry":{"type":"Point","coordinates":[40.545,64.575]}},{"type":"Feature","properties":{"name":"Nizhny Novgorod","scalerank":3,"adm0cap":0},"geometry":{"type":"Point","coordinates":[43.998,56.335]}},{"type":"Feature","properties":{"name":"Volgograd","scalerank":3,"adm0cap":0},"geometry":{"type":"Point","coordinates":[44.498,48.712]}},{"type":"Feature","properties":{"name":"Ufa","scalerank":3,"adm0cap":0},"geometry":{"type":"Point","coordinates":[56.038,54.792]}},{"type":"Feature","properties":{"name":"Yekaterinburg","scalerank":3,"adm0cap":0},"geometry":{"type":"Point","coordinates":[60.598,56.852]}},{"type":"Feature","properties":{"name":"Samara","scalerank":3,"adm0cap":0},"geometry":{"type":"Point","coordinates":[50.149,53.197]}},{"type":"Feature","properties":{"name":"Kazan","scalerank":3,"adm0cap":0},"geometry":{"type":"Point","coordinates":[49.124,55.752]}},{"type":"Feature","properties":{"name":"Surgut","scalerank":3,"adm0cap":0},"geometry":{"type":"Point","coordinates":[73.425,61.26]}},{"type":"Feature","properties":{"name":"Barnaul","scalerank":3,"adm0cap":0},"geometry":{"type":"Point","coordinates":[83.745,53.355]}},{"type":"Feature","properties":{"name":"Novosibirsk","scalerank":3,"adm0cap":0},"geometry":{"type":"Point","coordinates":[82.958,55.032]}},{"type":"Feature","properties":{"name":"Mogadishu","scalerank":3,"adm0cap":1},"geometry":{"type":"Point","coordinates":[45.365,2.069]}},{"type":"Feature","properties":{"name":"Muscat","scalerank":3,"adm0cap":1},"geometry":{"type":"Point","coordinates":[58.378,23.585]}},{"type":"Feature","properties":{"name":"Colombo","scalerank":3,"adm0cap":1},"geometry":{"type":"Point","coordinates":[79.858,6.932]}},{"type":"Feature","properties":{"name":"Cebu","scalerank":3,"adm0cap":0},"geometry":{"type":"Point","coordinates":[123.898,10.322]}},{"type":"Feature","properties":{"name":"Iloilo","scalerank":3,"adm0cap":0},"geometry":{"type":"Point","coordinates":[122.545,10.705]}},{"type":"Feature","properties":{"name":"Davao","scalerank":3,"adm0cap":0},"geometry":{"type":"Point","coordinates":[125.628,7.112]}},{"type":"Feature","properties":{"name":"Bratsk","scalerank":3,"adm0cap":0},"geometry":{"type":"Point","coordinates":[101.615,56.157]}},{"type":"Feature","properties":{"name":"Irkutsk","scalerank":3,"adm0cap":0},"geometry":{"type":"Point","coordinates":[104.284,52.285]}},{"type":"Feature","properties":{"name":"Krasnoyarsk","scalerank":3,"adm0cap":0},"geometry":{"type":"Point","coordinates":[92.864,56.016]}},{"type":"Feature","properties":{"name":"Dikson","scalerank":3,"adm0cap":0},"geometry":{"type":"Point","coordinates":[80.545,73.507]}},{"type":"Feature","properties":{"name":"Chita","scalerank":3,"adm0cap":0},"geometry":{"type":"Point","coordinates":[113.465,52.055]}},{"type":"Feature","properties":{"name":"Vladivostok","scalerank":3,"adm0cap":0},"geometry":{"type":"Point","coordinates":[131.91,43.13]}},{"type":"Feature","properties":{"name":"Nizhneyansk","scalerank":3,"adm0cap":0},"geometry":{"type":"Point","coordinates":[136.067,71.433]}},{"type":"Feature","properties":{"name":"Yakutsk","scalerank":3,"adm0cap":0},"geometry":{"type":"Point","coordinates":[129.735,62.035]}},{"type":"Feature","properties":{"name":"Tiksi","scalerank":3,"adm0cap":0},"geometry":{"type":"Point","coordinates":[128.835,71.627]}},{"type":"Feature","properties":{"name":"Magadan","scalerank":3,"adm0cap":0},"geometry":{"type":"Point","coordinates":[150.81,59.575]}},{"type":"Feature","properties":{"name":"Tijuana","scalerank":3,"adm0cap":0},"geometry":{"type":"Point","coordinates":[-117.082,32.502]}},{"type":"Feature","properties":{"name":"Chihuahua","scalerank":3,"adm0cap":0},"geometry":{"type":"Point","coordinates":[-106.087,28.647]}},{"type":"Feature","properties":{"name":"Mazatlán","scalerank":3,"adm0cap":0},"geometry":{"type":"Point","coordinates":[-106.42,23.221]}},{"type":"Feature","properties":{"name":"Tampico","scalerank":3,"adm0cap":0},"geometry":{"type":"Point","coordinates":[-97.87,22.3]}},{"type":"Feature","properties":{"name":"Acapulco","scalerank":3,"adm0cap":0},"geometry":{"type":"Point","coordinates":[-99.916,16.85]}},{"type":"Feature","properties":{"name":"Veracruz","scalerank":3,"adm0cap":0},"geometry":{"type":"Point","coordinates":[-96.16,19.177]}},{"type":"Feature","properties":{"name":"Tuxtla Gutiérrez","scalerank":3,"adm0cap":0},"geometry":{"type":"Point","coordinates":[-93.15,16.75]}},{"type":"Feature","properties":{"name":"Cancún","scalerank":3,"adm0cap":0},"geometry":{"type":"Point","coordinates":[-86.83,21.17]}},{"type":"Feature","properties":{"name":"Mérida","scalerank":3,"adm0cap":0},"geometry":{"type":"Point","coordinates":[-89.619,20.969]}},{"type":"Feature","properties":{"name":"Enugu","scalerank":3,"adm0cap":0},"geometry":{"type":"Point","coordinates":[7.5,6.45]}},{"type":"Feature","properties":{"name":"Sokoto","scalerank":3,"adm0cap":0},"geometry":{"type":"Point","coordinates":[5.24,13.06]}},{"type":"Feature","properties":{"name":"Perm","scalerank":3,"adm0cap":0},"geometry":{"type":"Point","coordinates":[56.248,58.002]}},{"type":"Feature","properties":{"name":"Erdenet","scalerank":3,"adm0cap":0},"geometry":{"type":"Point","coordinates":[104.118,49.053]}},{"type":"Feature","properties":{"name":"Ulaanbaatar","scalerank":3,"adm0cap":1},"geometry":{"type":"Point","coordinates":[106.915,47.919]}},{"type":"Feature","properties":{"name":"Mbeya","scalerank":3,"adm0cap":0},"geometry":{"type":"Point","coordinates":[33.43,-8.89]}},{"type":"Feature","properties":{"name":"Windhoek","scalerank":3,"adm0cap":1},"geometry":{"type":"Point","coordinates":[17.084,-22.57]}},{"type":"Feature","properties":{"name":"Grootfontein","scalerank":3,"adm0cap":0},"geometry":{"type":"Point","coordinates":[18.117,-19.567]}},{"type":"Feature","properties":{"name":"Zanzibar","scalerank":3,"adm0cap":0},"geometry":{"type":"Point","coordinates":[39.2,-6.16]}},{"type":"Feature","properties":{"name":"Valencia","scalerank":3,"adm0cap":0},"geometry":{"type":"Point","coordinates":[-0.402,39.487]}},{"type":"Feature","properties":{"name":"Palana","scalerank":3,"adm0cap":0},"geometry":{"type":"Point","coordinates":[159.95,59.084]}},{"type":"Feature","properties":{"name":"Petropavlovsk-Kamchatsky","scalerank":3,"adm0cap":0},"geometry":{"type":"Point","coordinates":[158.623,53.062]}},{"type":"Feature","properties":{"name":"Abuja","scalerank":3,"adm0cap":1},"geometry":{"type":"Point","coordinates":[7.49,9.055]}},{"type":"Feature","properties":{"name":"Padang","scalerank":3,"adm0cap":0},"geometry":{"type":"Point","coordinates":[100.358,-0.958]}},{"type":"Feature","properties":{"name":"Bissau","scalerank":3,"adm0cap":1},"geometry":{"type":"Point","coordinates":[-15.598,11.865]}},{"type":"Feature","properties":{"name":"Palermo","scalerank":3,"adm0cap":0},"geometry":{"type":"Point","coordinates":[13.348,38.127]}},{"type":"Feature","properties":{"name":"Amman","scalerank":3,"adm0cap":1},"geometry":{"type":"Point","coordinates":[35.931,31.952]}},{"type":"Feature","properties":{"name":"Vilnius","scalerank":3,"adm0cap":1},"geometry":{"type":"Point","coordinates":[25.317,54.683]}},{"type":"Feature","properties":{"name":"Riga","scalerank":3,"adm0cap":1},"geometry":{"type":"Point","coordinates":[24.1,56.95]}},{"type":"Feature","properties":{"name":"Bishkek","scalerank":3,"adm0cap":1},"geometry":{"type":"Point","coordinates":[74.583,42.875]}},{"type":"Feature","properties":{"name":"Jiayuguan","scalerank":3,"adm0cap":0},"geometry":{"type":"Point","coordinates":[98.3,39.82]}},{"type":"Feature","properties":{"name":"Xining","scalerank":3,"adm0cap":0},"geometry":{"type":"Point","coordinates":[101.768,36.622]}},{"type":"Feature","properties":{"name":"Guilin","scalerank":3,"adm0cap":0},"geometry":{"type":"Point","coordinates":[110.278,25.282]}},{"type":"Feature","properties":{"name":"Huainan","scalerank":3,"adm0cap":0},"geometry":{"type":"Point","coordinates":[116.978,32.632]}},{"type":"Feature","properties":{"name":"Shantou","scalerank":3,"adm0cap":0},"geometry":{"type":"Point","coordinates":[116.668,23.372]}},{"type":"Feature","properties":{"name":"Tarakan","scalerank":3,"adm0cap":0},"geometry":{"type":"Point","coordinates":[117.633,3.3]}},{"type":"Feature","properties":{"name":"Mombasa","scalerank":3,"adm0cap":0},"geometry":{"type":"Point","coordinates":[39.688,-4.038]}},{"type":"Feature","properties":{"name":"Maseru","scalerank":3,"adm0cap":1},"geometry":{"type":"Point","coordinates":[27.483,-29.317]}},{"type":"Feature","properties":{"name":"Antananarivo","scalerank":3,"adm0cap":1},"geometry":{"type":"Point","coordinates":[47.515,-18.915]}},{"type":"Feature","properties":{"name":"Semarang","scalerank":3,"adm0cap":0},"geometry":{"type":"Point","coordinates":[110.418,-6.965]}},{"type":"Feature","properties":{"name":"Palembang","scalerank":3,"adm0cap":0},"geometry":{"type":"Point","coordinates":[104.748,-2.978]}},{"type":"Feature","properties":{"name":"Bandjarmasin","scalerank":3,"adm0cap":0},"geometry":{"type":"Point","coordinates":[114.58,-3.33]}},{"type":"Feature","properties":{"name":"Makassar","scalerank":3,"adm0cap":0},"geometry":{"type":"Point","coordinates":[119.43,-5.138]}},{"type":"Feature","properties":{"name":"Lyon","scalerank":3,"adm0cap":0},"geometry":{"type":"Point","coordinates":[4.828,45.772]}},{"type":"Feature","properties":{"name":"Quito","scalerank":3,"adm0cap":1},"geometry":{"type":"Point","coordinates":[-78.502,-0.213]}},{"type":"Feature","properties":{"name":"San José","scalerank":3,"adm0cap":1},"geometry":{"type":"Point","coordinates":[-84.079,9.93]}},{"type":"Feature","properties":{"name":"San Salvador","scalerank":3,"adm0cap":1},"geometry":{"type":"Point","coordinates":[-89.216,13.703]}},{"type":"Feature","properties":{"name":"Kingston","scalerank":3,"adm0cap":1},"geometry":{"type":"Point","coordinates":[-76.767,17.977]}},{"type":"Feature","properties":{"name":"Cartagena","scalerank":3,"adm0cap":0},"geometry":{"type":"Point","coordinates":[-75.516,10.402]}},{"type":"Feature","properties":{"name":"Mitú","scalerank":3,"adm0cap":0},"geometry":{"type":"Point","coordinates":[-70.174,1.198]}},{"type":"Feature","properties":{"name":"Bumba","scalerank":3,"adm0cap":0},"geometry":{"type":"Point","coordinates":[22.46,2.19]}},{"type":"Feature","properties":{"name":"N'Djamena","scalerank":3,"adm0cap":1},"geometry":{"type":"Point","coordinates":[15.047,12.115]}},{"type":"Feature","properties":{"name":"Abéché","scalerank":3,"adm0cap":0},"geometry":{"type":"Point","coordinates":[20.83,13.84]}},{"type":"Feature","properties":{"name":"Malabo","scalerank":3,"adm0cap":1},"geometry":{"type":"Point","coordinates":[8.783,3.75]}},{"type":"Feature","properties":{"name":"Luxor","scalerank":3,"adm0cap":0},"geometry":{"type":"Point","coordinates":[32.65,25.7]}},{"type":"Feature","properties":{"name":"Asmara","scalerank":3,"adm0cap":1},"geometry":{"type":"Point","coordinates":[38.933,15.333]}},{"type":"Feature","properties":{"name":"Zagreb","scalerank":3,"adm0cap":1},"geometry":{"type":"Point","coordinates":[16.0,45.8]}},{"type":"Feature","properties":{"name":"Tallinn","scalerank":3,"adm0cap":1},"geometry":{"type":"Point","coordinates":[24.728,59.434]}},{"type":"Feature","properties":{"name":"Lhasa","scalerank":3,"adm0cap":0},"geometry":{"type":"Point","coordinates":[91.1,29.645]}},{"type":"Feature","properties":{"name":"Hami","scalerank":3,"adm0cap":0},"geometry":{"type":"Point","coordinates":[93.515,42.827]}},{"type":"Feature","properties":{"name":"Hotan","scalerank":3,"adm0cap":0},"geometry":{"type":"Point","coordinates":[79.927,37.1]}},{"type":"Feature","properties":{"name":"Kashgar","scalerank":3,"adm0cap":0},"geometry":{"type":"Point","coordinates":[75.97,39.476]}},{"type":"Feature","properties":{"name":"Yinchuan","scalerank":3,"adm0cap":0},"geometry":{"type":"Point","coordinates":[106.271,38.47]}},{"type":"Feature","properties":{"name":"Pingxiang","scalerank":3,"adm0cap":0},"geometry":{"type":"Point","coordinates":[113.848,27.622]}},{"type":"Feature","properties":{"name":"Nagasaki","scalerank":3,"adm0cap":0},"geometry":{"type":"Point","coordinates":[129.885,32.765]}},{"type":"Feature","properties":{"name":"Qiqihar","scalerank":3,"adm0cap":0},"geometry":{"type":"Point","coordinates":[123.988,47.347]}},{"type":"Feature","properties":{"name":"Kikwit","scalerank":3,"adm0cap":0},"geometry":{"type":"Point","coordinates":[18.85,-5.03]}},{"type":"Feature","properties":{"name":"Matadi","scalerank":3,"adm0cap":0},"geometry":{"type":"Point","coordinates":[13.45,-5.817]}},{"type":"Feature","properties":{"name":"Kolwezi","scalerank":3,"adm0cap":0},"geometry":{"type":"Point","coordinates":[25.472,-10.717]}},{"type":"Feature","properties":{"name":"Lubumbashi","scalerank":3,"adm0cap":0},"geometry":{"type":"Point","coordinates":[27.478,-11.678]}},{"type":"Feature","properties":{"name":"Lilongwe","scalerank":3,"adm0cap":1},"geometry":{"type":"Point","coordinates":[33.783,-13.983]}},{"type":"Feature","properties":{"name":"Guatemala City","scalerank":3,"adm0cap":1},"geometry":{"type":"Point","coordinates":[-90.529,14.623]}},{"type":"Feature","properties":{"name":"Cayenne","scalerank":3,"adm0cap":0},"geometry":{"type":"Point","coordinates":[-52.33,4.933]}},{"type":"Feature","properties":{"name":"Libreville","scalerank":3,"adm0cap":1},"geometry":{"type":"Point","coordinates":[9.458,0.385]}},{"type":"Feature","properties":{"name":"Vishakhapatnam","scalerank":3,"adm0cap":0},"geometry":{"type":"Point","coordinates":[83.22,17.683]}},{"type":"Feature","properties":{"name":"Suva","scalerank":3,"adm0cap":1},"geometry":{"type":"Point","coordinates":[178.442,-18.133]}},{"type":"Feature","properties":{"name":"Port-Gentil","scalerank":3,"adm0cap":0},"geometry":{"type":"Point","coordinates":[8.78,-0.72]}},{"type":"Feature","properties":{"name":"Timbuktu","scalerank":3,"adm0cap":0},"geometry":{"type":"Point","coordinates":[-3.017,16.767]}},{"type":"Feature","properties":{"name":"Punta Arenas","scalerank":3,"adm0cap":0},"geometry":{"type":"Point","coordinates":[-70.94,-53.165]}},{"type":"Feature","properties":{"name":"Iquique","scalerank":3,"adm0cap":0},"geometry":{"type":"Point","coordinates":[-70.13,-20.25]}},{"type":"Feature","properties":{"name":"Antofagasta","scalerank":3,"adm0cap":0},"geometry":{"type":"Point","coordinates":[-70.4,-23.65]}},{"type":"Feature","properties":{"name":"Valparaíso","scalerank":3,"adm0cap":0},"geometry":{"type":"Point","coordinates":[-71.617,-33.048]}},{"type":"Feature","properties":{"name":"Valdivia","scalerank":3,"adm0cap":0},"geometry":{"type":"Point","coordinates":[-73.233,-39.822]}},{"type":"Feature","properties":{"name":"Concepción","scalerank":3,"adm0cap":0},"geometry":{"type":"Point","coordinates":[-73.05,-36.83]}},{"type":"Feature","properties":{"name":"Puerto Montt","scalerank":3,"adm0cap":0},"geometry":{"type":"Point","coordinates":[-72.93,-41.47]}},{"type":"Feature","properties":{"name":"Nuuk","scalerank":3,"adm0cap":0},"geometry":{"type":"Point","coordinates":[-51.733,64.198]}},{"type":"Feature","properties":{"name":"Nouakchott","scalerank":3,"adm0cap":1},"geometry":{"type":"Point","coordinates":[-15.975,18.086]}},{"type":"Feature","properties":{"name":"Bamako","scalerank":3,"adm0cap":1},"geometry":{"type":"Point","coordinates":[-8.002,12.652]}},{"type":"Feature","properties":{"name":"Atar","scalerank":3,"adm0cap":0},"geometry":{"type":"Point","coordinates":[-13.05,20.517]}},{"type":"Feature","properties":{"name":"Djenné","scalerank":3,"adm0cap":0},"geometry":{"type":"Point","coordinates":[-4.55,13.9]}},{"type":"Feature","properties":{"name":"Sabha","scalerank":3,"adm0cap":0},"geometry":{"type":"Point","coordinates":[14.433,27.033]}},{"type":"Feature","properties":{"name":"Banghazi","scalerank":3,"adm0cap":0},"geometry":{"type":"Point","coordinates":[20.065,32.119]}},{"type":"Feature","properties":{"name":"Thessaloniki","scalerank":3,"adm0cap":0},"geometry":{"type":"Point","coordinates":[22.883,40.698]}},{"type":"Feature","properties":{"name":"Beirut","scalerank":3,"adm0cap":1},"geometry":{"type":"Point","coordinates":[35.508,33.874]}},{"type":"Feature","properties":{"name":"Tbilisi","scalerank":3,"adm0cap":1},"geometry":{"type":"Point","coordinates":[44.789,41.727]}},{"type":"Feature","properties":{"name":"Gondar","scalerank":3,"adm0cap":0},"geometry":{"type":"Point","coordinates":[37.46,12.61]}},{"type":"Feature","properties":{"name":"Nur-Sultan","scalerank":3,"adm0cap":1},"geometry":{"type":"Point","coordinates":[71.428,51.181]}},{"type":"Feature","properties":{"name":"Qaraghandy","scalerank":3,"adm0cap":0},"geometry":{"type":"Point","coordinates":[73.115,49.885]}},{"type":"Feature","properties":{"name":"Almaty","scalerank":3,"adm0cap":0},"geometry":{"type":"Point","coordinates":[76.913,43.327]}},{"type":"Feature","properties":{"name":"Isfahan","scalerank":3,"adm0cap":0},"geometry":{"type":"Point","coordinates":[51.698,32.702]}},{"type":"Feature","properties":{"name":"Shiraz","scalerank":3,"adm0cap":0},"geometry":{"type":"Point","coordinates":[52.568,29.632]}},{"type":"Feature","properties":{"name":"Amritsar","scalerank":3,"adm0cap":0},"geometry":{"type":"Point","coordinates":[74.868,31.642]}},{"type":"Feature","properties":{"name":"Varanasi","scalerank":3,"adm0cap":0},"geometry":{"type":"Point","coordinates":[82.998,25.332]}},{"type":"Feature","properties":{"name":"Asansol","scalerank":3,"adm0cap":0},"geometry":{"type":"Point","coordinates":[86.981,23.685]}},{"type":"Feature","properties":{"name":"Bhilai","scalerank":3,"adm0cap":0},"geometry":{"type":"Point","coordinates":[81.372,21.211]}},{"type":"Feature","properties":{"name":"Bhopal","scalerank":3,"adm0cap":0},"geometry":{"type":"Point","coordinates":[77.408,23.252]}},{"type":"Feature","properties":{"name":"Madurai","scalerank":3,"adm0cap":0},"geometry":{"type":"Point","coordinates":[78.118,9.922]}},{"type":"Feature","properties":{"name":"Coimbatore","scalerank":3,"adm0cap":0},"geometry":{"type":"Point","coordinates":[76.948,11.002]}},{"type":"Feature","properties":{"name":"Vientiane","scalerank":3,"adm0cap":1},"geometry":{"type":"Point","coordinates":[102.6,17.967]}},{"type":"Feature","properties":{"name":"Brazzaville","scalerank":3,"adm0cap":1},"geometry":{"type":"Point","coordinates":[15.283,-4.257]}},{"type":"Feature","properties":{"name":"Conakry","scalerank":3,"adm0cap":1},"geometry":{"type":"Point","coordinates":[-13.682,9.533]}},{"type":"Feature","properties":{"name":"Yamoussoukro","scalerank":3,"adm0cap":1},"geometry":{"type":"Point","coordinates":[-5.276,6.818]}},{"type":"Feature","properties":{"name":"Cruzeiro do Sul","scalerank":3,"adm0cap":0},"geometry":{"type":"Point","coordinates":[-72.67,-7.63]}},{"type":"Feature","properties":{"name":"Leticia","scalerank":3,"adm0cap":0},"geometry":{"type":"Point","coordinates":[-69.955,-4.201]}},{"type":"Feature","properties":{"name":"Manaus","scalerank":3,"adm0cap":0},"geometry":{"type":"Point","coordinates":[-60.002,-3.098]}},{"type":"Feature","properties":{"name":"Caxias","scalerank":3,"adm0cap":0},"geometry":{"type":"Point","coordinates":[-43.35,-4.833]}},{"type":"Feature","properties":{"name":"Santarém","scalerank":3,"adm0cap":0},"geometry":{"type":"Point","coordinates":[-54.7,-2.433]}},{"type":"Feature","properties":{"name":"Marabá","scalerank":3,"adm0cap":0},"geometry":{"type":"Point","coordinates":[-49.116,-5.35]}},{"type":"Feature","properties":{"name":"Vilhena","scalerank":3,"adm0cap":0},"geometry":{"type":"Point","coordinates":[-60.117,-12.717]}},{"type":"Feature","properties":{"name":"Ji-Paraná","scalerank":3,"adm0cap":0},"geometry":{"type":"Point","coordinates":[-61.967,-10.833]}},{"type":"Feature","properties":{"name":"Campo Grande","scalerank":3,"adm0cap":0},"geometry":{"type":"Point","coordinates":[-54.619,-20.448]}},{"type":"Feature","properties":{"name":"Florianópolis","scalerank":3,"adm0cap":0},"geometry":{"type":"Point","coordinates":[-48.522,-27.578]}},{"type":"Feature","properties":{"name":"Feira de Santana","scalerank":3,"adm0cap":0},"geometry":{"type":"Point","coordinates":[-38.97,-12.25]}},{"type":"Feature","properties":{"name":"Winnipeg","scalerank":3,"adm0cap":0},"geometry":{"type":"Point","coordinates":[-97.166,49.883]}},{"type":"Feature","properties":{"name":"Churchill","scalerank":3,"adm0cap":0},"geometry":{"type":"Point","coordinates":[-94.166,58.766]}},{"type":"Feature","properties":{"name":"Regina","scalerank":3,"adm0cap":0},"geometry":{"type":"Point","coordinates":[-104.617,50.45]}},{"type":"Feature","properties":{"name":"Saskatoon","scalerank":3,"adm0cap":0},"geometry":{"type":"Point","coordinates":[-106.67,52.17]}},{"type":"Feature","properties":{"name":"Calgary","scalerank":3,"adm0cap":0},"geometry":{"type":"Point","coordinates":[-114.082,51.085]}},{"type":"Feature","properties":{"name":"Prince Rupert","scalerank":3,"adm0cap":0},"geometry":{"type":"Point","coordinates":[-130.33,54.317]}},{"type":"Feature","properties":{"name":"Victoria","scalerank":3,"adm0cap":0},"geometry":{"type":"Point","coordinates":[-123.35,48.433]}},{"type":"Feature","properties":{"name":"Arctic Bay","scalerank":3,"adm0cap":0},"geometry":{"type":"Point","coordinates":[-85.167,73.033]}},{"type":"Feature","properties":{"name":"Resolute","scalerank":3,"adm0cap":0},"geometry":{"type":"Point","coordinates":[-94.9,74.683]}},{"type":"Feature","properties":{"name":"Naujaat","scalerank":3,"adm0cap":0},"geometry":{"type":"Point","coordinates":[-86.283,66.529]}},{"type":"Feature","properties":{"name":"Yellowknife","scalerank":3,"adm0cap":0},"geometry":{"type":"Point","coordinates":[-114.397,62.442]}},{"type":"Feature","properties":{"name":"Fort Good Hope","scalerank":3,"adm0cap":0},"geometry":{"type":"Point","coordinates":[-128.633,66.267]}},{"type":"Feature","properties":{"name":"Whitehorse","scalerank":3,"adm0cap":0},"geometry":{"type":"Point","coordinates":[-135.05,60.717]}},{"type":"Feature","properties":{"name":"Boa Vista","scalerank":3,"adm0cap":0},"geometry":{"type":"Point","coordinates":[-60.666,2.816]}},{"type":"Feature","properties":{"name":"Macapá","scalerank":3,"adm0cap":0},"geometry":{"type":"Point","coordinates":[-51.05,0.033]}},{"type":"Feature","properties":{"name":"Ottawa","scalerank":3,"adm0cap":1},"geometry":{"type":"Point","coordinates":[-75.702,45.419]}},{"type":"Feature","properties":{"name":"Fort Severn","scalerank":3,"adm0cap":0},"geometry":{"type":"Point","coordinates":[-87.65,55.983]}},{"type":"Feature","properties":{"name":"Thunder Bay","scalerank":3,"adm0cap":0},"geometry":{"type":"Point","coordinates":[-89.275,48.446]}},{"type":"Feature","properties":{"name":"Québec","scalerank":3,"adm0cap":0},"geometry":{"type":"Point","coordinates":[-71.246,46.84]}},{"type":"Feature","properties":{"name":"Halifax","scalerank":3,"adm0cap":0},"geometry":{"type":"Point","coordinates":[-63.6,44.65]}},{"type":"Feature","properties":{"name":"St. John's","scalerank":3,"adm0cap":0},"geometry":{"type":"Point","coordinates":[-52.681,47.585]}},{"type":"Feature","properties":{"name":"Nain","scalerank":3,"adm0cap":0},"geometry":{"type":"Point","coordinates":[-61.686,56.547]}},{"type":"Feature","properties":{"name":"Charlottetown","scalerank":3,"adm0cap":0},"geometry":{"type":"Point","coordinates":[-63.131,46.249]}},{"type":"Feature","properties":{"name":"N'Délé","scalerank":3,"adm0cap":0},"geometry":{"type":"Point","coordinates":[20.653,8.409]}},{"type":"Feature","properties":{"name":"Belgrade","scalerank":3,"adm0cap":1},"geometry":{"type":"Point","coordinates":[20.466,44.821]}},{"type":"Feature","properties":{"name":"Obo","scalerank":3,"adm0cap":0},"geometry":{"type":"Point","coordinates":[26.5,5.4]}},{"type":"Feature","properties":{"name":"Bandar Seri Begawan","scalerank":3,"adm0cap":1},"geometry":{"type":"Point","coordinates":[114.933,4.883]}},{"type":"Feature","properties":{"name":"Puerto Deseado","scalerank":3,"adm0cap":0},"geometry":{"type":"Point","coordinates":[-65.9,-47.75]}},{"type":"Feature","properties":{"name":"Río Gallegos","scalerank":3,"adm0cap":0},"geometry":{"type":"Point","coordinates":[-69.217,-51.633]}},{"type":"Feature","properties":{"name":"Comodoro Rivadavia","scalerank":3,"adm0cap":0},"geometry":{"type":"Point","coordinates":[-67.5,-45.87]}},{"type":"Feature","properties":{"name":"Mendoza","scalerank":3,"adm0cap":0},"geometry":{"type":"Point","coordinates":[-68.819,-32.881]}},{"type":"Feature","properties":{"name":"Sucre","scalerank":3,"adm0cap":1},"geometry":{"type":"Point","coordinates":[-65.26,-19.041]}},{"type":"Feature","properties":{"name":"Riberalta","scalerank":3,"adm0cap":0},"geometry":{"type":"Point","coordinates":[-66.1,-10.983]}},{"type":"Feature","properties":{"name":"Bahía Blanca","scalerank":3,"adm0cap":0},"geometry":{"type":"Point","coordinates":[-62.265,-38.74]}},{"type":"Feature","properties":{"name":"Mar del Plata","scalerank":3,"adm0cap":0},"geometry":{"type":"Point","coordinates":[-57.58,-38.0]}},{"type":"Feature","properties":{"name":"Córdoba","scalerank":3,"adm0cap":0},"geometry":{"type":"Point","coordinates":[-64.184,-31.398]}},{"type":"Feature","properties":{"name":"Posadas","scalerank":3,"adm0cap":0},"geometry":{"type":"Point","coordinates":[-55.885,-27.358]}},{"type":"Feature","properties":{"name":"Belmopan","scalerank":3,"adm0cap":1},"geometry":{"type":"Point","coordinates":[-88.767,17.252]}},{"type":"Feature","properties":{"name":"Bangui","scalerank":3,"adm0cap":1},"geometry":{"type":"Point","coordinates":[18.558,4.367]}},{"type":"Feature","properties":{"name":"Maroua","scalerank":3,"adm0cap":0},"geometry":{"type":"Point","coordinates":[14.325,10.596]}},{"type":"Feature","properties":{"name":"Yaoundé","scalerank":3,"adm0cap":1},"geometry":{"type":"Point","coordinates":[11.515,3.869]}},{"type":"Feature","properties":{"name":"Tirana","scalerank":3,"adm0cap":1},"geometry":{"type":"Point","coordinates":[19.819,41.328]}},{"type":"Feature","properties":{"name":"Yerevan","scalerank":3,"adm0cap":1},"geometry":{"type":"Point","coordinates":[44.512,40.183]}},{"type":"Feature","properties":{"name":"Baku","scalerank":3,"adm0cap":1},"geometry":{"type":"Point","coordinates":[49.86,40.397]}},{"type":"Feature","properties":{"name":"Kandahar","scalerank":3,"adm0cap":0},"geometry":{"type":"Point","coordinates":[65.695,31.61]}},{"type":"Feature","properties":{"name":"Phnom Penh","scalerank":3,"adm0cap":1},"geometry":{"type":"Point","coordinates":[104.915,11.552]}},{"type":"Feature","properties":{"name":"Menongue","scalerank":3,"adm0cap":0},"geometry":{"type":"Point","coordinates":[17.7,-14.667]}},{"type":"Feature","properties":{"name":"Huambo","scalerank":3,"adm0cap":0},"geometry":{"type":"Point","coordinates":[15.758,-12.748]}},{"type":"Feature","properties":{"name":"La Paz","scalerank":3,"adm0cap":1},"geometry":{"type":"Point","coordinates":[-68.152,-16.496]}},{"type":"Feature","properties":{"name":"Santa Cruz","scalerank":3,"adm0cap":0},"geometry":{"type":"Point","coordinates":[-63.228,-17.752]}},{"type":"Feature","properties":{"name":"Oran","scalerank":3,"adm0cap":0},"geometry":{"type":"Point","coordinates":[-0.622,35.712]}},{"type":"Feature","properties":{"name":"Cotonou","scalerank":3,"adm0cap":1},"geometry":{"type":"Point","coordinates":[2.404,6.363]}},{"type":"Feature","properties":{"name":"Tamanrasset","scalerank":3,"adm0cap":0},"geometry":{"type":"Point","coordinates":[5.523,22.785]}},{"type":"Feature","properties":{"name":"Ghardaia","scalerank":3,"adm0cap":0},"geometry":{"type":"Point","coordinates":[3.67,32.49]}},{"type":"Feature","properties":{"name":"Sofia","scalerank":3,"adm0cap":1},"geometry":{"type":"Point","coordinates":[23.315,42.685]}},{"type":"Feature","properties":{"name":"Minsk","scalerank":3,"adm0cap":1},"geometry":{"type":"Point","coordinates":[27.565,53.902]}},{"type":"Feature","properties":{"name":"Thimphu","scalerank":3,"adm0cap":1},"geometry":{"type":"Point","coordinates":[89.639,27.473]}},{"type":"Feature","properties":{"name":"Gaborone","scalerank":3,"adm0cap":1},"geometry":{"type":"Point","coordinates":[25.912,-24.646]}},{"type":"Feature","properties":{"name":"Darwin","scalerank":3,"adm0cap":0},"geometry":{"type":"Point","coordinates":[130.85,-12.425]}},{"type":"Feature","properties":{"name":"Alice Springs","scalerank":3,"adm0cap":0},"geometry":{"type":"Point","coordinates":[133.88,-23.701]}},{"type":"Feature","properties":{"name":"Canberra","scalerank":3,"adm0cap":1},"geometry":{"type":"Point","coordinates":[149.129,-35.283]}},{"type":"Feature","properties":{"name":"Newcastle","scalerank":3,"adm0cap":0},"geometry":{"type":"Point","coordinates":[151.77,-32.93]}},{"type":"Feature","properties":{"name":"Adelaide","scalerank":3,"adm0cap":0},"geometry":{"type":"Point","coordinates":[138.598,-34.933]}},{"type":"Feature","properties":{"name":"Townsville","scalerank":3,"adm0cap":0},"geometry":{"type":"Point","coordinates":[146.77,-19.25]}},{"type":"Feature","properties":{"name":"Brisbane","scalerank":3,"adm0cap":0},"geometry":{"type":"Point","coordinates":[153.033,-27.453]}},{"type":"Feature","properties":{"name":"Hobart","scalerank":3,"adm0cap":0},"geometry":{"type":"Point","coordinates":[147.295,-42.85]}},{"type":"Feature","properties":{"name":"Ouagadougou","scalerank":3,"adm0cap":1},"geometry":{"type":"Point","coordinates":[-1.527,12.372]}},{"type":"Feature","properties":{"name":"Sarajevo","scalerank":3,"adm0cap":1},"geometry":{"type":"Point","coordinates":[18.383,43.85]}},{"type":"Feature","properties":{"name":"Naypyidaw","scalerank":3,"adm0cap":1},"geometry":{"type":"Point","coordinates":[96.117,19.769]}},{"type":"Feature","properties":{"name":"San Juan","scalerank":3,"adm0cap":0},"geometry":{"type":"Point","coordinates":[-66.13,18.44]}},{"type":"Feature","properties":{"name":"Stanley","scalerank":3,"adm0cap":0},"geometry":{"type":"Point","coordinates":[-57.85,-51.7]}},{"type":"Feature","properties":{"name":"Hamilton","scalerank":3,"adm0cap":1},"geometry":{"type":"Point","coordinates":[-64.784,32.294]}},{"type":"Feature","properties":{"name":"Nuku'alofa","scalerank":3,"adm0cap":1},"geometry":{"type":"Point","coordinates":[-175.221,-21.139]}},{"type":"Feature","properties":{"name":"Hargeisa","scalerank":3,"adm0cap":1},"geometry":{"type":"Point","coordinates":[44.065,9.56]}},{"type":"Feature","properties":{"name":"Victoria","scalerank":3,"adm0cap":1},"geometry":{"type":"Point","coordinates":[55.45,-4.617]}},{"type":"Feature","properties":{"name":"São Tomé","scalerank":3,"adm0cap":1},"geometry":{"type":"Point","coordinates":[6.73,0.337]}},{"type":"Feature","properties":{"name":"Apia","scalerank":3,"adm0cap":1},"geometry":{"type":"Point","coordinates":[-171.769,-13.836]}},{"type":"Feature","properties":{"name":"Valletta","scalerank":3,"adm0cap":1},"geometry":{"type":"Point","coordinates":[14.515,35.9]}},{"type":"Feature","properties":{"name":"Malé","scalerank":3,"adm0cap":1},"geometry":{"type":"Point","coordinates":[73.509,4.172]}},{"type":"Feature","properties":{"name":"Jerusalem","scalerank":3,"adm0cap":1},"geometry":{"type":"Point","coordinates":[35.207,31.778]}},{"type":"Feature","properties":{"name":"Praia","scalerank":3,"adm0cap":1},"geometry":{"type":"Point","coordinates":[-23.517,14.917]}},{"type":"Feature","properties":{"name":"Nassau","scalerank":3,"adm0cap":1},"geometry":{"type":"Point","coordinates":[-77.35,25.083]}},{"type":"Feature","properties":{"name":"Nicosia","scalerank":3,"adm0cap":1},"geometry":{"type":"Point","coordinates":[33.367,35.167]}},{"type":"Feature","properties":{"name":"Kaohsiung","scalerank":3,"adm0cap":0},"geometry":{"type":"Point","coordinates":[120.267,22.633]}},{"type":"Feature","properties":{"name":"Wellington","scalerank":3,"adm0cap":1},"geometry":{"type":"Point","coordinates":[174.777,-41.292]}},{"type":"Feature","properties":{"name":"Christchurch","scalerank":3,"adm0cap":0},"geometry":{"type":"Point","coordinates":[172.63,-43.535]}},{"type":"Feature","properties":{"name":"Shenzhen","scalerank":2,"adm0cap":0},"geometry":{"type":"Point","coordinates":[114.061,22.548]}},{"type":"Feature","properties":{"name":"Zibo","scalerank":2,"adm0cap":0},"geometry":{"type":"Point","coordinates":[117.996,36.821]}},{"type":"Feature","properties":{"name":"Minneapolis","scalerank":2,"adm0cap":0},"geometry":{"type":"Point","coordinates":[-93.254,44.982]}},{"type":"Feature","properties":{"name":"Honolulu","scalerank":2,"adm0cap":0},"geometry":{"type":"Point","coordinates":[-157.858,21.303]}},{"type":"Feature","properties":{"name":"Seattle","scalerank":2,"adm0cap":0},"geometry":{"type":"Point","coordinates":[-122.315,47.6]}},{"type":"Feature","properties":{"name":"Phoenix","scalerank":2,"adm0cap":0},"geometry":{"type":"Point","coordinates":[-112.067,33.448]}},{"type":"Feature","properties":{"name":"San Diego","scalerank":2,"adm0cap":0},"geometry":{"type":"Point","coordinates":[-117.151,32.719]}},{"type":"Feature","properties":{"name":"St. Louis","scalerank":2,"adm0cap":0},"geometry":{"type":"Point","coordinates":[-90.242,38.637]}},{"type":"Feature","properties":{"name":"New Orleans","scalerank":2,"adm0cap":0},"geometry":{"type":"Point","coordinates":[-90.088,29.969]}},{"type":"Feature","properties":{"name":"Dallas","scalerank":2,"adm0cap":0},"geometry":{"type":"Point","coordinates":[-96.795,32.772]}},{"type":"Feature","properties":{"name":"Maracaibo","scalerank":2,"adm0cap":0},"geometry":{"type":"Point","coordinates":[-71.662,10.732]}},{"type":"Feature","properties":{"name":"Boston","scalerank":2,"adm0cap":0},"geometry":{"type":"Point","coordinates":[-71.072,42.332]}},{"type":"Feature","properties":{"name":"Tampa","scalerank":2,"adm0cap":0},"geometry":{"type":"Point","coordinates":[-82.461,27.949]}},{"type":"Feature","properties":{"name":"Philadelphia","scalerank":2,"adm0cap":0},"geometry":{"type":"Point","coordinates":[-75.18,39.946]}},{"type":"Feature","properties":{"name":"Detroit","scalerank":2,"adm0cap":0},"geometry":{"type":"Point","coordinates":[-83.051,42.334]}},{"type":"Feature","properties":{"name":"Anchorage","scalerank":2,"adm0cap":0},"geometry":{"type":"Point","coordinates":[-149.887,61.214]}},{"type":"Feature","properties":{"name":"Hanoi","scalerank":2,"adm0cap":1},"geometry":{"type":"Point","coordinates":[105.848,21.035]}},{"type":"Feature","properties":{"name":"Ho Chi Minh City","scalerank":2,"adm0cap":0},"geometry":{"type":"Point","coordinates":[106.703,10.762]}},{"type":"Feature","properties":{"name":"Ankara","scalerank":2,"adm0cap":1},"geometry":{"type":"Point","coordinates":[32.862,39.929]}},{"type":"Feature","properties":{"name":"Budapest","scalerank":2,"adm0cap":1},"geometry":{"type":"Point","coordinates":[19.081,47.502]}},{"type":"Feature","properties":{"name":"Sanaa","scalerank":2,"adm0cap":1},"geometry":{"type":"Point","coordinates":[44.205,15.357]}},{"type":"Feature","properties":{"name":"Barcelona","scalerank":2,"adm0cap":0},"geometry":{"type":"Point","coordinates":[2.181,41.385]}},{"type":"Feature","properties":{"name":"Bucharest","scalerank":2,"adm0cap":1},"geometry":{"type":"Point","coordinates":[26.098,44.435]}},{"type":"Feature","properties":{"name":"Aleppo","scalerank":2,"adm0cap":0},"geometry":{"type":"Point","coordinates":[37.168,36.232]}},{"type":"Feature","properties":{"name":"Damascus","scalerank":2,"adm0cap":1},"geometry":{"type":"Point","coordinates":[36.298,33.502]}},{"type":"Feature","properties":{"name":"Zürich","scalerank":2,"adm0cap":0},"geometry":{"type":"Point","coordinates":[8.548,47.382]}},{"type":"Feature","properties":{"name":"Lisbon","scalerank":2,"adm0cap":1},"geometry":{"type":"Point","coordinates":[-9.147,38.725]}},{"type":"Feature","properties":{"name":"Khartoum","scalerank":2,"adm0cap":1},"geometry":{"type":"Point","coordinates":[32.532,15.59]}},{"type":"Feature","properties":{"name":"Jeddah","scalerank":2,"adm0cap":0},"geometry":{"type":"Point","coordinates":[39.217,21.519]}},{"type":"Feature","properties":{"name":"Makkah","scalerank":2,"adm0cap":0},"geometry":{"type":"Point","coordinates":[39.818,21.432]}},{"type":"Feature","properties":{"name":"Oslo","scalerank":2,"adm0cap":1},"geometry":{"type":"Point","coordinates":[10.748,59.919]}},{"type":"Feature","properties":{"name":"Lahore","scalerank":2,"adm0cap":0},"geometry":{"type":"Point","coordinates":[74.348,31.562]}},{"type":"Feature","properties":{"name":"Karachi","scalerank":2,"adm0cap":0},"geometry":{"type":"Point","coordinates":[66.988,24.872]}},{"type":"Feature","properties":{"name":"Durban","scalerank":2,"adm0cap":0},"geometry":{"type":"Point","coordinates":[31.011,-29.861]}},{"type":"Feature","properties":{"name":"St.  Petersburg","scalerank":2,"adm0cap":0},"geometry":{"type":"Point","coordinates":[30.314,59.941]}},{"type":"Feature","properties":{"name":"Guadalajara","scalerank":2,"adm0cap":0},"geometry":{"type":"Point","coordinates":[-103.332,20.672]}},{"type":"Feature","properties":{"name":"Puebla","scalerank":2,"adm0cap":0},"geometry":{"type":"Point","coordinates":[-98.204,19.033]}},{"type":"Feature","properties":{"name":"Kano","scalerank":2,"adm0cap":0},"geometry":{"type":"Point","coordinates":[8.518,12.002]}},{"type":"Feature","properties":{"name":"Warsaw","scalerank":2,"adm0cap":1},"geometry":{"type":"Point","coordinates":[21.005,52.231]}},{"type":"Feature","properties":{"name":"Pyongyang","scalerank":2,"adm0cap":1},"geometry":{"type":"Point","coordinates":[125.753,39.021]}},{"type":"Feature","properties":{"name":"Dar es Salaam","scalerank":2,"adm0cap":1},"geometry":{"type":"Point","coordinates":[39.266,-6.798]}},{"type":"Feature","properties":{"name":"Medan","scalerank":2,"adm0cap":0},"geometry":{"type":"Point","coordinates":[98.648,3.582]}},{"type":"Feature","properties":{"name":"Dublin","scalerank":2,"adm0cap":1},"geometry":{"type":"Point","coordinates":[-6.257,53.347]}},{"type":"Feature","properties":{"name":"Monrovia","scalerank":2,"adm0cap":1},"geometry":{"type":"Point","coordinates":[-10.8,6.315]}},{"type":"Feature","properties":{"name":"Naples","scalerank":2,"adm0cap":0},"geometry":{"type":"Point","coordinates":[14.243,40.842]}},{"type":"Feature","properties":{"name":"Milan","scalerank":2,"adm0cap":0},"geometry":{"type":"Point","coordinates":[9.203,45.472]}},{"type":"Feature","properties":{"name":"Kuala Lumpur","scalerank":2,"adm0cap":1},"geometry":{"type":"Point","coordinates":[101.689,3.14]}},{"type":"Feature","properties":{"name":"Lanzhou","scalerank":2,"adm0cap":0},"geometry":{"type":"Point","coordinates":[103.79,36.058]}},{"type":"Feature","properties":{"name":"Nanning","scalerank":2,"adm0cap":0},"geometry":{"type":"Point","coordinates":[108.318,22.822]}},{"type":"Feature","properties":{"name":"Guiyang","scalerank":2,"adm0cap":0},"geometry":{"type":"Point","coordinates":[106.718,26.582]}},{"type":"Feature","properties":{"name":"Chongqing","scalerank":2,"adm0cap":0},"geometry":{"type":"Point","coordinates":[106.593,29.567]}},{"type":"Feature","properties":{"name":"Fuzhou","scalerank":2,"adm0cap":0},"geometry":{"type":"Point","coordinates":[119.298,26.082]}},{"type":"Feature","properties":{"name":"Guangzhou","scalerank":2,"adm0cap":0},"geometry":{"type":"Point","coordinates":[113.262,23.125]}},{"type":"Feature","properties":{"name":"Dongguan","scalerank":2,"adm0cap":0},"geometry":{"type":"Point","coordinates":[113.75,23.022]}},{"type":"Feature","properties":{"name":"Bandung","scalerank":2,"adm0cap":0},"geometry":{"type":"Point","coordinates":[107.568,-6.948]}},{"type":"Feature","properties":{"name":"Surabaya","scalerank":2,"adm0cap":0},"geometry":{"type":"Point","coordinates":[112.749,-7.247]}},{"type":"Feature","properties":{"name":"Guayaquil","scalerank":2,"adm0cap":0},"geometry":{"type":"Point","coordinates":[-79.922,-2.218]}},{"type":"Feature","properties":{"name":"Medellín","scalerank":2,"adm0cap":0},"geometry":{"type":"Point","coordinates":[-75.577,6.277]}},{"type":"Feature","properties":{"name":"Cali","scalerank":2,"adm0cap":0},"geometry":{"type":"Point","coordinates":[-76.502,3.402]}},{"type":"Feature","properties":{"name":"Havana","scalerank":2,"adm0cap":1},"geometry":{"type":"Point","coordinates":[-82.366,23.134]}},{"type":"Feature","properties":{"name":"Alexandria","scalerank":2,"adm0cap":0},"geometry":{"type":"Point","coordinates":[29.948,31.202]}},{"type":"Feature","properties":{"name":"Frankfurt","scalerank":2,"adm0cap":0},"geometry":{"type":"Point","coordinates":[8.675,50.1]}},{"type":"Feature","properties":{"name":"Hamburg","scalerank":2,"adm0cap":0},"geometry":{"type":"Point","coordinates":[9.998,53.552]}},{"type":"Feature","properties":{"name":"Munich","scalerank":2,"adm0cap":0},"geometry":{"type":"Point","coordinates":[11.573,48.132]}},{"type":"Feature","properties":{"name":"Prague","scalerank":2,"adm0cap":1},"geometry":{"type":"Point","coordinates":[14.423,50.087]}},{"type":"Feature","properties":{"name":"Kuwait City","scalerank":2,"adm0cap":1},"geometry":{"type":"Point","coordinates":[47.976,29.372]}},{"type":"Feature","properties":{"name":"Xian","scalerank":2,"adm0cap":0},"geometry":{"type":"Point","coordinates":[108.893,34.277]}},{"type":"Feature","properties":{"name":"Taiyuan","scalerank":2,"adm0cap":0},"geometry":{"type":"Point","coordinates":[112.543,37.877]}},{"type":"Feature","properties":{"name":"Wuhan","scalerank":2,"adm0cap":0},"geometry":{"type":"Point","coordinates":[114.268,30.582]}},{"type":"Feature","properties":{"name":"Changsha","scalerank":2,"adm0cap":0},"geometry":{"type":"Point","coordinates":[112.968,28.202]}},{"type":"Feature","properties":{"name":"Kunming","scalerank":2,"adm0cap":0},"geometry":{"type":"Point","coordinates":[102.697,25.043]}},{"type":"Feature","properties":{"name":"Zhengzhou","scalerank":2,"adm0cap":0},"geometry":{"type":"Point","coordinates":[113.663,34.757]}},{"type":"Feature","properties":{"name":"Shenyeng","scalerank":2,"adm0cap":0},"geometry":{"type":"Point","coordinates":[123.448,41.807]}},{"type":"Feature","properties":{"name":"Jinan","scalerank":2,"adm0cap":0},"geometry":{"type":"Point","coordinates":[116.993,36.677]}},{"type":"Feature","properties":{"name":"Tianjin","scalerank":2,"adm0cap":0},"geometry":{"type":"Point","coordinates":[117.197,39.083]}},{"type":"Feature","properties":{"name":"Nanchang","scalerank":2,"adm0cap":0},"geometry":{"type":"Point","coordinates":[115.878,28.682]}},{"type":"Feature","properties":{"name":"Nanjing","scalerank":2,"adm0cap":0},"geometry":{"type":"Point","coordinates":[118.778,32.052]}},{"type":"Feature","properties":{"name":"Hangzhou","scalerank":2,"adm0cap":0},"geometry":{"type":"Point","coordinates":[120.168,30.252]}},{"type":"Feature","properties":{"name":"Hiroshima","scalerank":2,"adm0cap":0},"geometry":{"type":"Point","coordinates":[132.441,34.39]}},{"type":"Feature","properties":{"name":"Changchun","scalerank":2,"adm0cap":0},"geometry":{"type":"Point","coordinates":[125.338,43.867]}},{"type":"Feature","properties":{"name":"Baotou","scalerank":2,"adm0cap":0},"geometry":{"type":"Point","coordinates":[109.82,40.654]}},{"type":"Feature","properties":{"name":"Harbin","scalerank":2,"adm0cap":0},"geometry":{"type":"Point","coordinates":[126.648,45.752]}},{"type":"Feature","properties":{"name":"Sapporo","scalerank":2,"adm0cap":0},"geometry":{"type":"Point","coordinates":[141.338,43.077]}},{"type":"Feature","properties":{"name":"Santo Domingo","scalerank":2,"adm0cap":1},"geometry":{"type":"Point","coordinates":[-69.93,18.471]}},{"type":"Feature","properties":{"name":"Accra","scalerank":2,"adm0cap":1},"geometry":{"type":"Point","coordinates":[-0.219,5.552]}},{"type":"Feature","properties":{"name":"Delhi","scalerank":2,"adm0cap":0},"geometry":{"type":"Point","coordinates":[77.228,28.672]}},{"type":"Feature","properties":{"name":"Hyderabad","scalerank":2,"adm0cap":0},"geometry":{"type":"Point","coordinates":[78.478,17.402]}},{"type":"Feature","properties":{"name":"Pune","scalerank":2,"adm0cap":0},"geometry":{"type":"Point","coordinates":[73.852,18.516]}},{"type":"Feature","properties":{"name":"Nagpur","scalerank":2,"adm0cap":0},"geometry":{"type":"Point","coordinates":[79.088,21.172]}},{"type":"Feature","properties":{"name":"Tripoli","scalerank":2,"adm0cap":1},"geometry":{"type":"Point","coordinates":[13.18,32.892]}},{"type":"Feature","properties":{"name":"Tel Aviv","scalerank":2,"adm0cap":0},"geometry":{"type":"Point","coordinates":[34.768,32.082]}},{"type":"Feature","properties":{"name":"Helsinki","scalerank":2,"adm0cap":1},"geometry":{"type":"Point","coordinates":[24.932,60.164]}},{"type":"Feature","properties":{"name":"Mashhad","scalerank":2,"adm0cap":0},"geometry":{"type":"Point","coordinates":[59.568,36.272]}},{"type":"Feature","properties":{"name":"Jaipur","scalerank":2,"adm0cap":0},"geometry":{"type":"Point","coordinates":[75.808,26.923]}},{"type":"Feature","properties":{"name":"Kanpur","scalerank":2,"adm0cap":0},"geometry":{"type":"Point","coordinates":[80.318,26.462]}},{"type":"Feature","properties":{"name":"Patna","scalerank":2,"adm0cap":0},"geometry":{"type":"Point","coordinates":[85.128,25.627]}},{"type":"Feature","properties":{"name":"Chennai","scalerank":2,"adm0cap":0},"geometry":{"type":"Point","coordinates":[80.278,13.092]}},{"type":"Feature","properties":{"name":"Ahmedabad","scalerank":2,"adm0cap":0},"geometry":{"type":"Point","coordinates":[72.578,23.032]}},{"type":"Feature","properties":{"name":"Surat","scalerank":2,"adm0cap":0},"geometry":{"type":"Point","coordinates":[72.838,21.202]}},{"type":"Feature","properties":{"name":"København","scalerank":2,"adm0cap":1},"geometry":{"type":"Point","coordinates":[12.562,55.681]}},{"type":"Feature","properties":{"name":"Abidjan","scalerank":2,"adm0cap":1},"geometry":{"type":"Point","coordinates":[-4.02,5.323]}},{"type":"Feature","properties":{"name":"Belém","scalerank":2,"adm0cap":0},"geometry":{"type":"Point","coordinates":[-48.482,-1.448]}},{"type":"Feature","properties":{"name":"Brasília","scalerank":2,"adm0cap":1},"geometry":{"type":"Point","coordinates":[-47.918,-15.781]}},{"type":"Feature","properties":{"name":"Porto Alegre","scalerank":2,"adm0cap":0},"geometry":{"type":"Point","coordinates":[-51.202,-30.048]}},{"type":"Feature","properties":{"name":"Curitiba","scalerank":2,"adm0cap":0},"geometry":{"type":"Point","coordinates":[-49.322,-25.418]}},{"type":"Feature","properties":{"name":"Fortaleza","scalerank":2,"adm0cap":0},"geometry":{"type":"Point","coordinates":[-38.582,-3.748]}},{"type":"Feature","properties":{"name":"Salvador","scalerank":2,"adm0cap":0},"geometry":{"type":"Point","coordinates":[-38.482,-12.968]}},{"type":"Feature","properties":{"name":"Edmonton","scalerank":2,"adm0cap":0},"geometry":{"type":"Point","coordinates":[-113.502,53.552]}},{"type":"Feature","properties":{"name":"Montréal","scalerank":2,"adm0cap":0},"geometry":{"type":"Point","coordinates":[-73.585,45.502]}},{"type":"Feature","properties":{"name":"Goiânia","scalerank":2,"adm0cap":0},"geometry":{"type":"Point","coordinates":[-49.302,-16.718]}},{"type":"Feature","properties":{"name":"Recife","scalerank":2,"adm0cap":0},"geometry":{"type":"Point","coordinates":[-34.909,-8.061]}},{"type":"Feature","properties":{"name":"Brussels","scalerank":2,"adm0cap":1},"geometry":{"type":"Point","coordinates":[4.331,50.835]}},{"type":"Feature","properties":{"name":"Dhaka","scalerank":2,"adm0cap":1},"geometry":{"type":"Point","coordinates":[90.407,23.725]}},{"type":"Feature","properties":{"name":"Luanda","scalerank":2,"adm0cap":1},"geometry":{"type":"Point","coordinates":[13.232,-8.836]}},{"type":"Feature","properties":{"name":"Algiers","scalerank":2,"adm0cap":1},"geometry":{"type":"Point","coordinates":[3.049,36.765]}},{"type":"Feature","properties":{"name":"Chattogram","scalerank":2,"adm0cap":0},"geometry":{"type":"Point","coordinates":[91.798,22.332]}},{"type":"Feature","properties":{"name":"Perth","scalerank":2,"adm0cap":0},"geometry":{"type":"Point","coordinates":[115.838,-31.953]}},{"type":"Feature","properties":{"name":"Yangon","scalerank":2,"adm0cap":0},"geometry":{"type":"Point","coordinates":[96.165,16.785]}},{"type":"Feature","properties":{"name":"San Francisco","scalerank":1,"adm0cap":0},"geometry":{"type":"Point","coordinates":[-122.4,37.784]}},{"type":"Feature","properties":{"name":"Denver","scalerank":1,"adm0cap":0},"geometry":{"type":"Point","coordinates":[-104.986,39.741]}},{"type":"Feature","properties":{"name":"Houston","scalerank":1,"adm0cap":0},"geometry":{"type":"Point","coordinates":[-95.348,29.741]}},{"type":"Feature","properties":{"name":"Miami","scalerank":1,"adm0cap":0},"geometry":{"type":"Point","coordinates":[-80.226,25.79]}},{"type":"Feature","properties":{"name":"Atlanta","scalerank":1,"adm0cap":0},"geometry":{"type":"Point","coordinates":[-84.368,33.739]}},{"type":"Feature","properties":{"name":"Chicago","scalerank":1,"adm0cap":0},"geometry":{"type":"Point","coordinates":[-87.635,41.848]}},{"type":"Feature","properties":{"name":"Caracas","scalerank":1,"adm0cap":1},"geometry":{"type":"Point","coordinates":[-66.919,10.503]}},{"type":"Feature","properties":{"name":"Kyiv","scalerank":1,"adm0cap":1},"geometry":{"type":"Point","coordinates":[30.515,50.435]}},{"type":"Feature","properties":{"name":"Dubai","scalerank":1,"adm0cap":0},"geometry":{"type":"Point","coordinates":[55.287,25.215]}},{"type":"Feature","properties":{"name":"Tashkent","scalerank":1,"adm0cap":1},"geometry":{"type":"Point","coordinates":[69.269,41.304]}},{"type":"Feature","properties":{"name":"Madrid","scalerank":1,"adm0cap":1},"geometry":{"type":"Point","coordinates":[-3.685,40.402]}},{"type":"Feature","properties":{"name":"Geneva","scalerank":1,"adm0cap":0},"geometry":{"type":"Point","coordinates":[6.14,46.21]}},{"type":"Feature","properties":{"name":"Stockholm","scalerank":1,"adm0cap":1},"geometry":{"type":"Point","coordinates":[18.066,59.324]}},{"type":"Feature","properties":{"name":"Bangkok","scalerank":1,"adm0cap":1},"geometry":{"type":"Point","coordinates":[100.515,13.752]}},{"type":"Feature","properties":{"name":"Lima","scalerank":1,"adm0cap":1},"geometry":{"type":"Point","coordinates":[-77.052,-12.046]}},{"type":"Feature","properties":{"name":"Dakar","scalerank":1,"adm0cap":1},"geometry":{"type":"Point","coordinates":[-17.475,14.718]}},{"type":"Feature","properties":{"name":"Johannesburg","scalerank":1,"adm0cap":0},"geometry":{"type":"Point","coordinates":[28.028,-26.168]}},{"type":"Feature","properties":{"name":"Amsterdam","scalerank":1,"adm0cap":1},"geometry":{"type":"Point","coordinates":[4.915,52.352]}},{"type":"Feature","properties":{"name":"Casablanca","scalerank":1,"adm0cap":0},"geometry":{"type":"Point","coordinates":[-7.618,33.602]}},{"type":"Feature","properties":{"name":"Seoul","scalerank":1,"adm0cap":1},"geometry":{"type":"Point","coordinates":[126.998,37.568]}},{"type":"Feature","properties":{"name":"Manila","scalerank":1,"adm0cap":1},"geometry":{"type":"Point","coordinates":[120.98,14.606]}},{"type":"Feature","properties":{"name":"Monterrey","scalerank":1,"adm0cap":0},"geometry":{"type":"Point","coordinates":[-100.332,25.672]}},{"type":"Feature","properties":{"name":"Berlin","scalerank":1,"adm0cap":1},"geometry":{"type":"Point","coordinates":[13.4,52.524]}},{"type":"Feature","properties":{"name":"Ürümqi","scalerank":1,"adm0cap":0},"geometry":{"type":"Point","coordinates":[87.573,43.807]}},{"type":"Feature","properties":{"name":"Chengdu","scalerank":1,"adm0cap":0},"geometry":{"type":"Point","coordinates":[104.068,30.672]}},{"type":"Feature","properties":{"name":"Ōsaka","scalerank":1,"adm0cap":0},"geometry":{"type":"Point","coordinates":[135.504,34.691]}},{"type":"Feature","properties":{"name":"Kinshasa","scalerank":1,"adm0cap":1},"geometry":{"type":"Point","coordinates":[15.313,-4.328]}},{"type":"Feature","properties":{"name":"New Delhi","scalerank":1,"adm0cap":1},"geometry":{"type":"Point","coordinates":[77.2,28.6]}},{"type":"Feature","properties":{"name":"Bengaluru","scalerank":1,"adm0cap":0},"geometry":{"type":"Point","coordinates":[77.558,12.972]}},{"type":"Feature","properties":{"name":"Athens","scalerank":1,"adm0cap":1},"geometry":{"type":"Point","coordinates":[23.731,37.985]}},{"type":"Feature","properties":{"name":"Baghdad","scalerank":1,"adm0cap":1},"geometry":{"type":"Point","coordinates":[44.392,33.341]}},{"type":"Feature","properties":{"name":"Addis Ababa","scalerank":1,"adm0cap":1},"geometry":{"type":"Point","coordinates":[38.698,9.035]}},{"type":"Feature","properties":{"name":"Tehran","scalerank":1,"adm0cap":1},"geometry":{"type":"Point","coordinates":[51.422,35.674]}},{"type":"Feature","properties":{"name":"Vancouver","scalerank":1,"adm0cap":0},"geometry":{"type":"Point","coordinates":[-123.124,49.275]}},{"type":"Feature","properties":{"name":"Toronto","scalerank":1,"adm0cap":0},"geometry":{"type":"Point","coordinates":[-79.389,43.665]}},{"type":"Feature","properties":{"name":"Buenos Aires","scalerank":1,"adm0cap":1},"geometry":{"type":"Point","coordinates":[-58.433,-34.611]}},{"type":"Feature","properties":{"name":"Kabul","scalerank":1,"adm0cap":1},"geometry":{"type":"Point","coordinates":[69.181,34.519]}},{"type":"Feature","properties":{"name":"Vienna","scalerank":1,"adm0cap":1},"geometry":{"type":"Point","coordinates":[16.365,48.202]}},{"type":"Feature","properties":{"name":"Melbourne","scalerank":1,"adm0cap":0},"geometry":{"type":"Point","coordinates":[144.973,-37.818]}},{"type":"Feature","properties":{"name":"Taipei","scalerank":1,"adm0cap":1},"geometry":{"type":"Point","coordinates":[121.568,25.036]}},{"type":"Feature","properties":{"name":"Auckland","scalerank":1,"adm0cap":0},"geometry":{"type":"Point","coordinates":[174.763,-36.848]}},{"type":"Feature","properties":{"name":"Los Angeles","scalerank":0,"adm0cap":0},"geometry":{"type":"Point","coordinates":[-118.232,34.049]}},{"type":"Feature","properties":{"name":"Washington,  D.C.","scalerank":0,"adm0cap":1},"geometry":{"type":"Point","coordinates":[-77.011,38.901]}},{"type":"Feature","properties":{"name":"New York","scalerank":0,"adm0cap":0},"geometry":{"type":"Point","coordinates":[-73.996,40.722]}},{"type":"Feature","properties":{"name":"London","scalerank":0,"adm0cap":1},"geometry":{"type":"Point","coordinates":[-0.119,51.502]}},{"type":"Feature","properties":{"name":"Istanbul","scalerank":0,"adm0cap":0},"geometry":{"type":"Point","coordinates":[28.974,41.018]}},{"type":"Feature","properties":{"name":"Riyadh","scalerank":0,"adm0cap":1},"geometry":{"type":"Point","coordinates":[46.72,24.634]}},{"type":"Feature","properties":{"name":"Cape Town","scalerank":0,"adm0cap":1},"geometry":{"type":"Point","coordinates":[18.433,-33.918]}},{"type":"Feature","properties":{"name":"Moscow","scalerank":0,"adm0cap":1},"geometry":{"type":"Point","coordinates":[37.614,55.754]}},{"type":"Feature","properties":{"name":"Mexico City","scalerank":0,"adm0cap":1},"geometry":{"type":"Point","coordinates":[-99.133,19.444]}},{"type":"Feature","properties":{"name":"Lagos","scalerank":0,"adm0cap":0},"geometry":{"type":"Point","coordinates":[3.39,6.445]}},{"type":"Feature","properties":{"name":"Rome","scalerank":0,"adm0cap":1},"geometry":{"type":"Point","coordinates":[12.481,41.898]}},{"type":"Feature","properties":{"name":"Beijing","scalerank":0,"adm0cap":1},"geometry":{"type":"Point","coordinates":[116.394,39.902]}},{"type":"Feature","properties":{"name":"Nairobi","scalerank":0,"adm0cap":1},"geometry":{"type":"Point","coordinates":[36.815,-1.281]}},{"type":"Feature","properties":{"name":"Jakarta","scalerank":0,"adm0cap":1},"geometry":{"type":"Point","coordinates":[106.827,-6.172]}},{"type":"Feature","properties":{"name":"Bogota","scalerank":0,"adm0cap":1},"geometry":{"type":"Point","coordinates":[-74.085,4.598]}},{"type":"Feature","properties":{"name":"Cairo","scalerank":0,"adm0cap":1},"geometry":{"type":"Point","coordinates":[31.248,30.052]}},{"type":"Feature","properties":{"name":"Shanghai","scalerank":0,"adm0cap":0},"geometry":{"type":"Point","coordinates":[121.435,31.218]}},{"type":"Feature","properties":{"name":"Tokyo","scalerank":0,"adm0cap":1},"geometry":{"type":"Point","coordinates":[139.749,35.687]}},{"type":"Feature","properties":{"name":"Mumbai","scalerank":0,"adm0cap":0},"geometry":{"type":"Point","coordinates":[72.876,19.068]}},{"type":"Feature","properties":{"name":"Paris","scalerank":0,"adm0cap":1},"geometry":{"type":"Point","coordinates":[2.353,48.858]}},{"type":"Feature","properties":{"name":"Santiago","scalerank":0,"adm0cap":1},"geometry":{"type":"Point","coordinates":[-70.651,-33.44]}},{"type":"Feature","properties":{"name":"Kolkata","scalerank":0,"adm0cap":0},"geometry":{"type":"Point","coordinates":[88.369,22.57]}},{"type":"Feature","properties":{"name":"Rio de Janeiro","scalerank":0,"adm0cap":0},"geometry":{"type":"Point","coordinates":[-43.212,-22.907]}},{"type":"Feature","properties":{"name":"São Paulo","scalerank":0,"adm0cap":0},"geometry":{"type":"Point","coordinates":[-46.627,-23.557]}},{"type":"Feature","properties":{"name":"Sydney","scalerank":0,"adm0cap":0},"geometry":{"type":"Point","coordinates":[151.213,-33.871]}},{"type":"Feature","properties":{"name":"Singapore","scalerank":0,"adm0cap":1},"geometry":{"type":"Point","coordinates":[103.854,1.295]}},{"type":"Feature","properties":{"name":"Hong Kong","scalerank":0,"adm0cap":0},"geometry":{"type":"Point","coordinates":[114.183,22.307]}}]}